station_id,date,tmax_c
AM000037618,2025-01-01,5.0
AM000037618,2025-01-02,6.39
AM000037618,2025-01-03,6.28
AM000037618,2025-01-04,3.28
AM000037618,2025-01-05,6.39
AM000037618,2025-01-06,4.89
AM000037618,2025-01-07,2.5
AM000037618,2025-01-08,8.22
AM000037618,2025-01-09,12.89
AM000037618,2025-01-10,10.89
AM000037618,2025-01-11,9.28
AM000037618,2025-01-12,11.72
AM000037618,2025-01-13,12.0
AM000037618,2025-01-14,11.11
AM000037618,2025-01-15,4.39
AM000037618,2025-01-16,8.5
AM000037618,2025-01-17,6.0
AM000037618,2025-01-18,3.39
AM000037618,2025-01-19,2.39
AM000037618,2025-01-20,2.0
AM000037618,2025-01-21,9.61
AM000037618,2025-01-22,5.39
AM000037618,2025-01-23,-0.11
AM000037618,2025-01-24,4.0
AM000037618,2025-01-25,4.5
AM000037618,2025-01-26,4.11
AM000037618,2025-01-27,3.5
AM000037618,2025-01-28,8.5
AM000037618,2025-01-29,9.11
AM000037618,2025-01-30,11.89
AM000037618,2025-01-31,10.5
AM000037618,2025-02-01,9.72
AM000037618,2025-02-02,8.39
AM000037618,2025-02-03,7.11
AM000037618,2025-02-04,7.28
AM000037618,2025-02-05,2.0
AM000037618,2025-02-06,-1.11
AM000037618,2025-02-07,1.5
AM000037618,2025-02-08,-0.89
AM000037618,2025-02-09,-4.0
AM000037618,2025-02-10,-2.61
AM000037618,2025-02-11,0.72
AM000037618,2025-02-12,2.28
AM000037618,2025-02-13,3.89
AM000037618,2025-02-14,0.78
AM000037618,2025-02-15,2.39
AM000037618,2025-02-16,6.61
AM000037618,2025-02-17,7.5
AM000037618,2025-02-18,7.78
AM000037618,2025-02-19,4.72
AM000037618,2025-02-20,-2.28
AM000037618,2025-02-21,-3.11
AM000037618,2025-02-22,-6.0
AM000037618,2025-02-23,-4.89
AM000037618,2025-02-24,-7.22
AM000037618,2025-02-25,-3.39
AM000037618,2025-02-26,-4.11
AM000037618,2025-02-27,1.39
AM000037618,2025-02-28,-2.28
AM000037618,2025-03-01,-0.72
AM000037618,2025-03-02,3.39
AM000037618,2025-03-03,2.28
AM000037618,2025-03-04,3.5
AM000037618,2025-03-05,8.11
AM000037618,2025-03-06,8.61
AM000037618,2025-03-07,12.5
AM000037618,2025-03-08,11.89
AM000037618,2025-03-09,10.5
AM000037618,2025-03-10,14.0
AM000037618,2025-03-11,15.5
AM000037618,2025-03-12,17.5
AM000037618,2025-03-13,19.72
AM000037618,2025-03-14,18.78
AM000037618,2025-03-15,20.22
AM000037618,2025-03-16,20.5
AM000037618,2025-03-17,20.0
AM000037618,2025-03-18,18.28
AM000037618,2025-03-19,10.39
AM000037618,2025-03-20,2.22
AM000037618,2025-03-21,1.5
AM000037618,2025-03-22,1.11
AM000037618,2025-03-23,4.5
AM000037618,2025-03-24,6.11
AM000037618,2025-03-25,11.22
AM000037618,2025-03-26,12.0
AM000037618,2025-03-27,13.78
AM000037618,2025-03-28,19.28
AM000037618,2025-03-29,17.61
AM000037618,2025-03-30,21.39
AM000037618,2025-03-31,15.39
AM000037618,2025-04-01,17.28
AM000037618,2025-04-02,
AM000037618,2025-04-03,
AM000037618,2025-04-04,14.39
AM000037618,2025-04-05,13.89
AM000037618,2025-04-06,15.0
AM000037618,2025-04-07,12.89
AM000037618,2025-04-08,12.11
AM000037618,2025-04-09,13.78
AM000037618,2025-04-10,16.11
AM000037618,2025-04-11,10.28
AM000037618,2025-04-12,2.61
AM000037618,2025-04-13,
AM000037618,2025-04-14,2.61
AM000037618,2025-04-15,
AM000037618,2025-04-16,7.72
AM000037618,2025-04-17,12.39
AM000037618,2025-04-18,
AM000037618,2025-04-19,
AM000037618,2025-04-20,
AM000037618,2025-04-21,
AM000037618,2025-04-22,19.89
AM000037618,2025-04-23,15.89
AM000037618,2025-04-24,
AM000037618,2025-04-25,
AM000037618,2025-04-26,20.0
AM000037618,2025-04-27,
AM000037618,2025-04-28,13.72
AM000037618,2025-04-29,1.89
AM000037618,2025-04-30,10.72
AM000037618,2025-05-01,
AM000037618,2025-05-02,19.5
AM000037618,2025-05-03,
AM000037618,2025-05-04,13.89
AM000037618,2025-05-05,
AM000037618,2025-05-06,13.5
AM000037618,2025-05-07,19.72
AM000037618,2025-05-08,19.11
AM000037618,2025-05-09,
AM000037618,2025-05-10,22.28
AM000037618,2025-05-11,17.5
AM000037618,2025-05-12,19.89
AM000037618,2025-05-13,16.5
AM000037618,2025-05-14,
AM000037618,2025-05-15,
AM000037618,2025-05-16,
AM000037618,2025-05-17,
AM000037618,2025-05-18,
AM000037618,2025-05-19,
AM000037618,2025-05-20,14.61
AM000037618,2025-05-21,
AM000037618,2025-05-22,
AM000037618,2025-05-23,
AM000037618,2025-05-24,20.11
AM000037618,2025-05-25,
AM000037618,2025-05-26,
AM000037618,2025-05-27,
AM000037618,2025-05-28,16.22
AM000037618,2025-05-29,12.39
AM000037618,2025-05-30,
AM000037618,2025-05-31,
AM000037618,2025-06-01,
AM000037618,2025-06-02,20.39
AM000037618,2025-06-03,
AM000037618,2025-06-04,
AM000037618,2025-06-05,
AM000037618,2025-06-06,18.89
AM000037618,2025-06-07,
AM000037618,2025-06-08,20.61
AM000037618,2025-06-09,21.39
AM000037618,2025-06-10,21.5
AM000037618,2025-06-11,23.78
AM000037618,2025-06-12,23.39
AM000037618,2025-06-13,25.5
AM000037618,2025-06-14,23.89
AM000037618,2025-06-15,18.28
AM000037618,2025-06-16,18.5
AM000037618,2025-06-17,16.39
AM000037618,2025-06-18,19.39
AM000037618,2025-06-19,21.28
AM000037618,2025-06-20,21.28
AM000037618,2025-06-21,21.39
AM000037618,2025-06-22,18.11
AM000037618,2025-06-23,14.5
AM000037618,2025-06-24,19.72
AM000037618,2025-06-25,20.5
AM000037618,2025-06-26,22.89
AM000037618,2025-06-27,24.5
AM000037618,2025-06-28,21.11
AM000037618,2025-06-29,14.78
AM000037618,2025-06-30,16.39
AM000037618,2025-07-01,21.72
AM000037618,2025-07-02,17.61
AM000037618,2025-07-03,13.61
AM000037618,2025-07-04,12.89
AM000037618,2025-07-05,17.39
AM000037618,2025-07-06,18.89
AM000037618,2025-07-07,21.89
AM000037618,2025-07-08,20.89
AM000037618,2025-07-09,21.61
AM000037618,2025-07-10,21.28
AM000037618,2025-07-11,24.22
AM000037618,2025-07-12,26.61
AM000037618,2025-07-13,27.28
AM000037618,2025-07-14,27.78
AM000037618,2025-07-15,26.11
AM000037618,2025-07-16,24.61
AM000037618,2025-07-17,25.39
AM000037618,2025-07-18,26.28
AM000037618,2025-07-19,24.78
AM000037618,2025-07-20,23.72
AM000037618,2025-07-21,24.11
AM000037618,2025-07-22,25.39
AM000037618,2025-07-23,26.11
AM000037618,2025-07-24,27.11
AM000037618,2025-07-25,21.5
AM000037618,2025-07-26,22.5
AM000037618,2025-07-27,23.89
AM000037618,2025-07-28,27.22
AM000037618,2025-07-29,28.5
AM000037618,2025-07-30,28.78
AM000037618,2025-07-31,30.0
AM000037618,2025-08-01,27.0
AM000037618,2025-08-02,25.22
AM000037618,2025-08-03,25.78
AM000037618,2025-08-04,26.72
AM000037618,2025-08-05,27.72
AM000037618,2025-08-06,28.0
AM000037618,2025-08-07,26.78
AM000037618,2025-08-08,27.0
AM000037618,2025-08-09,26.11
AM000037618,2025-08-10,26.78
AM000037618,2025-08-11,21.11
AM000037618,2025-08-12,21.78
AM000037618,2025-08-13,24.72
AM000037618,2025-08-14,23.72
AM000037618,2025-08-15,22.78
AM000037618,2025-08-16,18.22
AM000037618,2025-08-17,15.28
AM000037618,2025-08-18,24.78
AM000037618,2025-08-19,28.61
AM000037618,2025-08-20,22.61
AM000037618,2025-08-21,25.22
AM000037618,2025-08-22,24.5
AM000037618,2025-08-23,24.61
AM000037618,2025-08-24,28.78
AM000037618,2025-08-25,
AM000037618,2025-08-26,
AM000037618,2025-08-27,
AM000037618,2025-08-28,
AM000037618,2025-08-29,
AM000037618,2025-08-30,
AM000037618,2025-08-31,
AM000037618,2025-09-01,
AM000037618,2025-09-02,
AM000037618,2025-09-03,
AM000037618,2025-09-04,
AM000037618,2025-09-05,
AM000037618,2025-09-06,
AM000037618,2025-09-07,
AM000037618,2025-09-08,
AM000037618,2025-09-09,
AM000037618,2025-09-10,
AM000037618,2025-09-11,
AM000037618,2025-09-12,
AM000037618,2025-09-13,
AM000037618,2025-09-14,
AM000037618,2025-09-15,
AM000037618,2025-09-16,
AM000037618,2025-09-17,
AM000037618,2025-09-18,
AM000037618,2025-09-19,
AM000037618,2025-09-20,
AM000037618,2025-09-21,
AM000037618,2025-09-22,
AM000037618,2025-09-23,
AM000037618,2025-09-24,
AM000037618,2025-09-25,
AM000037618,2025-09-26,
AM000037618,2025-09-27,
AM000037618,2025-09-28,
AM000037618,2025-09-29,
AM000037618,2025-09-30,
AM000037618,2025-10-01,
AM000037618,2025-10-02,
AM000037618,2025-10-03,
AM000037618,2025-10-04,
AM000037618,2025-10-05,
AM000037618,2025-10-06,
AM000037618,2025-10-07,
AM000037618,2025-10-08,
AM000037618,2025-10-09,
AM000037618,2025-10-10,
AM000037618,2025-10-11,
AM000037618,2025-10-12,
AM000037618,2025-10-13,
AM000037618,2025-10-14,
AM000037618,2025-10-15,
AM000037618,2025-10-16,
AM000037618,2025-10-17,
AM000037618,2025-10-18,
AM000037618,2025-10-19,
AM000037618,2025-10-20,
AM000037618,2025-10-21,
AM000037618,2025-10-22,
AM000037618,2025-10-23,
AM000037618,2025-10-24,
AM000037618,2025-10-25,
AM000037618,2025-10-26,
AM000037618,2025-10-27,
AM000037618,2025-10-28,
AM000037618,2025-10-29,
AM000037618,2025-10-30,
AM000037618,2025-10-31,
AM000037618,2025-11-01,
AM000037618,2025-11-02,
AM000037618,2025-11-03,
AM000037618,2025-11-04,
AM000037618,2025-11-05,
AM000037618,2025-11-06,
AM000037618,2025-11-07,
AM000037618,2025-11-08,
AM000037618,2025-11-09,
AM000037618,2025-11-10,
AM000037618,2025-11-11,
AM000037618,2025-11-12,
AM000037618,2025-11-13,
AM000037618,2025-11-14,
AM000037618,2025-11-15,
AM000037618,2025-11-16,
AM000037618,2025-11-17,
AM000037618,2025-11-18,
AM000037618,2025-11-19,
AM000037618,2025-11-20,
AM000037618,2025-11-21,
AM000037618,2025-11-22,
AM000037618,2025-11-23,
AM000037618,2025-11-24,
AM000037618,2025-11-25,
AM000037618,2025-11-26,
AM000037618,2025-11-27,
AM000037618,2025-11-28,
AM000037618,2025-11-29,
AM000037618,2025-11-30,
AM000037618,2025-12-01,
AM000037618,2025-12-02,
AM000037618,2025-12-03,
AM000037618,2025-12-04,
AM000037618,2025-12-05,
AM000037618,2025-12-06,
AM000037618,2025-12-07,
AM000037618,2025-12-08,
AM000037618,2025-12-09,
AM000037618,2025-12-10,
AM000037618,2025-12-11,
AM000037618,2025-12-12,
AM000037618,2025-12-13,
AM000037618,2025-12-14,
AM000037618,2025-12-15,
AM000037618,2025-12-16,
AM000037618,2025-12-17,
AM000037618,2025-12-18,
AM000037618,2025-12-19,
AM000037618,2025-12-20,
AM000037618,2025-12-21,
AM000037618,2025-12-22,
AM000037618,2025-12-23,
AM000037618,2025-12-24,
AM000037618,2025-12-25,
AM000037618,2025-12-26,
AM000037618,2025-12-27,
AM000037618,2025-12-28,
AM000037618,2025-12-29,
AM000037618,2025-12-30,
AM000037618,2025-12-31,
AM000037682,2025-01-01,-2.0
AM000037682,2025-01-02,-0.89
AM000037682,2025-01-03,-1.28
AM000037682,2025-01-04,-1.28
AM000037682,2025-01-05,-0.11
AM000037682,2025-01-06,-0.89
AM000037682,2025-01-07,-1.5
AM000037682,2025-01-08,-2.39
AM000037682,2025-01-09,-1.28
AM000037682,2025-01-10,-8.72
AM000037682,2025-01-11,-8.39
AM000037682,2025-01-12,-5.61
AM000037682,2025-01-13,-0.39
AM000037682,2025-01-14,0.89
AM000037682,2025-01-15,0.11
AM000037682,2025-01-16,0.5
AM000037682,2025-01-17,-2.0
AM000037682,2025-01-18,-1.61
AM000037682,2025-01-19,-1.72
AM000037682,2025-01-20,-3.39
AM000037682,2025-01-21,-0.72
AM000037682,2025-01-22,-0.5
AM000037682,2025-01-23,-0.72
AM000037682,2025-01-24,-3.0
AM000037682,2025-01-25,0.11
AM000037682,2025-01-26,1.28
AM000037682,2025-01-27,-1.22
AM000037682,2025-01-28,-1.72
AM000037682,2025-01-29,-1.28
AM000037682,2025-01-30,1.5
AM000037682,2025-01-31,2.22
AM000037682,2025-02-01,1.22
AM000037682,2025-02-02,1.78
AM000037682,2025-02-03,1.0
AM000037682,2025-02-04,0.61
AM000037682,2025-02-05,1.78
AM000037682,2025-02-06,-2.72
AM000037682,2025-02-07,0.61
AM000037682,2025-02-08,-2.61
AM000037682,2025-02-09,-2.78
AM000037682,2025-02-10,-3.39
AM000037682,2025-02-11,-3.78
AM000037682,2025-02-12,-1.39
AM000037682,2025-02-13,-0.11
AM000037682,2025-02-14,-1.78
AM000037682,2025-02-15,-2.72
AM000037682,2025-02-16,-1.22
AM000037682,2025-02-17,0.22
AM000037682,2025-02-18,0.78
AM000037682,2025-02-19,0.61
AM000037682,2025-02-20,-7.72
AM000037682,2025-02-21,-10.22
AM000037682,2025-02-22,-10.5
AM000037682,2025-02-23,-10.61
AM000037682,2025-02-24,-9.89
AM000037682,2025-02-25,-8.11
AM000037682,2025-02-26,-5.89
AM000037682,2025-02-27,-5.11
AM000037682,2025-02-28,-5.72
AM000037682,2025-03-01,-5.61
AM000037682,2025-03-02,-4.28
AM000037682,2025-03-03,-3.72
AM000037682,2025-03-04,1.0
AM000037682,2025-03-05,3.61
AM000037682,2025-03-06,2.61
AM000037682,2025-03-07,5.72
AM000037682,2025-03-08,9.0
AM000037682,2025-03-09,8.72
AM000037682,2025-03-10,8.22
AM000037682,2025-03-11,7.89
AM000037682,2025-03-12,9.72
AM000037682,2025-03-13,12.39
AM000037682,2025-03-14,13.11
AM000037682,2025-03-15,13.61
AM000037682,2025-03-16,15.72
AM000037682,2025-03-17,16.22
AM000037682,2025-03-18,13.11
AM000037682,2025-03-19,4.5
AM000037682,2025-03-20,6.78
AM000037682,2025-03-21,6.0
AM000037682,2025-03-22,-1.28
AM000037682,2025-03-23,1.11
AM000037682,2025-03-24,2.28
AM000037682,2025-03-25,7.61
AM000037682,2025-03-26,9.28
AM000037682,2025-03-27,10.89
AM000037682,2025-03-28,15.89
AM000037682,2025-03-29,14.39
AM000037682,2025-03-30,16.72
AM000037682,2025-03-31,10.39
AM000037682,2025-04-01,13.11
AM000037682,2025-04-02,10.28
AM000037682,2025-04-03,9.89
AM000037682,2025-04-04,10.89
AM000037682,2025-04-05,11.61
AM000037682,2025-04-06,10.72
AM000037682,2025-04-07,6.5
AM000037682,2025-04-08,9.61
AM000037682,2025-04-09,7.22
AM000037682,2025-04-10,12.11
AM000037682,2025-04-11,6.22
AM000037682,2025-04-12,5.22
AM000037682,2025-04-13,2.39
AM000037682,2025-04-14,5.78
AM000037682,2025-04-15,4.28
AM000037682,2025-04-16,7.72
AM000037682,2025-04-17,12.22
AM000037682,2025-04-18,11.0
AM000037682,2025-04-19,12.22
AM000037682,2025-04-20,13.78
AM000037682,2025-04-21,15.39
AM000037682,2025-04-22,16.39
AM000037682,2025-04-23,8.39
AM000037682,2025-04-24,14.72
AM000037682,2025-04-25,9.5
AM000037682,2025-04-26,15.78
AM000037682,2025-04-27,13.72
AM000037682,2025-04-28,13.61
AM000037682,2025-04-29,9.61
AM000037682,2025-04-30,13.22
AM000037682,2025-05-01,18.0
AM000037682,2025-05-02,15.22
AM000037682,2025-05-03,16.78
AM000037682,2025-05-04,17.72
AM000037682,2025-05-05,15.61
AM000037682,2025-05-06,10.89
AM000037682,2025-05-07,17.0
AM000037682,2025-05-08,17.61
AM000037682,2025-05-09,18.0
AM000037682,2025-05-10,19.5
AM000037682,2025-05-11,15.22
AM000037682,2025-05-12,14.61
AM000037682,2025-05-13,12.28
AM000037682,2025-05-14,7.28
AM000037682,2025-05-15,9.22
AM000037682,2025-05-16,14.89
AM000037682,2025-05-17,17.39
AM000037682,2025-05-18,19.5
AM000037682,2025-05-19,16.0
AM000037682,2025-05-20,17.89
AM000037682,2025-05-21,16.72
AM000037682,2025-05-22,18.72
AM000037682,2025-05-23,19.28
AM000037682,2025-05-24,20.78
AM000037682,2025-05-25,21.0
AM000037682,2025-05-26,19.61
AM000037682,2025-05-27,19.89
AM000037682,2025-05-28,19.28
AM000037682,2025-05-29,18.78
AM000037682,2025-05-30,18.78
AM000037682,2025-05-31,19.78
AM000037682,2025-06-01,23.78
AM000037682,2025-06-02,23.11
AM000037682,2025-06-03,17.39
AM000037682,2025-06-04,15.61
AM000037682,2025-06-05,19.22
AM000037682,2025-06-06,18.61
AM000037682,2025-06-07,18.11
AM000037682,2025-06-08,20.39
AM000037682,2025-06-09,21.5
AM000037682,2025-06-10,20.89
AM000037682,2025-06-11,23.11
AM000037682,2025-06-12,24.11
AM000037682,2025-06-13,25.22
AM000037682,2025-06-14,23.89
AM000037682,2025-06-15,19.0
AM000037682,2025-06-16,15.61
AM000037682,2025-06-17,15.0
AM000037682,2025-06-18,16.78
AM000037682,2025-06-19,19.28
AM000037682,2025-06-20,23.39
AM000037682,2025-06-21,21.89
AM000037682,2025-06-22,18.72
AM000037682,2025-06-23,18.0
AM000037682,2025-06-24,16.89
AM000037682,2025-06-25,22.11
AM000037682,2025-06-26,25.0
AM000037682,2025-06-27,22.11
AM000037682,2025-06-28,22.89
AM000037682,2025-06-29,21.5
AM000037682,2025-06-30,18.22
AM000037682,2025-07-01,20.39
AM000037682,2025-07-02,18.5
AM000037682,2025-07-03,13.78
AM000037682,2025-07-04,17.5
AM000037682,2025-07-05,17.78
AM000037682,2025-07-06,19.61
AM000037682,2025-07-07,20.39
AM000037682,2025-07-08,20.72
AM000037682,2025-07-09,21.39
AM000037682,2025-07-10,22.0
AM000037682,2025-07-11,25.61
AM000037682,2025-07-12,27.61
AM000037682,2025-07-13,27.61
AM000037682,2025-07-14,27.39
AM000037682,2025-07-15,27.39
AM000037682,2025-07-16,26.72
AM000037682,2025-07-17,26.61
AM000037682,2025-07-18,27.28
AM000037682,2025-07-19,25.39
AM000037682,2025-07-20,25.89
AM000037682,2025-07-21,24.5
AM000037682,2025-07-22,26.39
AM000037682,2025-07-23,27.39
AM000037682,2025-07-24,27.28
AM000037682,2025-07-25,25.61
AM000037682,2025-07-26,25.78
AM000037682,2025-07-27,29.22
AM000037682,2025-07-28,31.39
AM000037682,2025-07-29,31.61
AM000037682,2025-07-30,33.61
AM000037682,2025-07-31,32.0
AM000037682,2025-08-01,30.11
AM000037682,2025-08-02,28.61
AM000037682,2025-08-03,31.61
AM000037682,2025-08-04,29.89
AM000037682,2025-08-05,30.39
AM000037682,2025-08-06,31.22
AM000037682,2025-08-07,30.89
AM000037682,2025-08-08,28.72
AM000037682,2025-08-09,26.61
AM000037682,2025-08-10,26.22
AM000037682,2025-08-11,25.11
AM000037682,2025-08-12,23.5
AM000037682,2025-08-13,25.11
AM000037682,2025-08-14,26.0
AM000037682,2025-08-15,25.22
AM000037682,2025-08-16,22.22
AM000037682,2025-08-17,21.28
AM000037682,2025-08-18,29.72
AM000037682,2025-08-19,30.0
AM000037682,2025-08-20,27.61
AM000037682,2025-08-21,23.89
AM000037682,2025-08-22,26.89
AM000037682,2025-08-23,29.89
AM000037682,2025-08-24,30.61
AM000037682,2025-08-25,
AM000037682,2025-08-26,
AM000037682,2025-08-27,
AM000037682,2025-08-28,
AM000037682,2025-08-29,
AM000037682,2025-08-30,
AM000037682,2025-08-31,
AM000037682,2025-09-01,
AM000037682,2025-09-02,
AM000037682,2025-09-03,
AM000037682,2025-09-04,
AM000037682,2025-09-05,
AM000037682,2025-09-06,
AM000037682,2025-09-07,
AM000037682,2025-09-08,
AM000037682,2025-09-09,
AM000037682,2025-09-10,
AM000037682,2025-09-11,
AM000037682,2025-09-12,
AM000037682,2025-09-13,
AM000037682,2025-09-14,
AM000037682,2025-09-15,
AM000037682,2025-09-16,
AM000037682,2025-09-17,
AM000037682,2025-09-18,
AM000037682,2025-09-19,
AM000037682,2025-09-20,
AM000037682,2025-09-21,
AM000037682,2025-09-22,
AM000037682,2025-09-23,
AM000037682,2025-09-24,
AM000037682,2025-09-25,
AM000037682,2025-09-26,
AM000037682,2025-09-27,
AM000037682,2025-09-28,
AM000037682,2025-09-29,
AM000037682,2025-09-30,
AM000037682,2025-10-01,
AM000037682,2025-10-02,
AM000037682,2025-10-03,
AM000037682,2025-10-04,
AM000037682,2025-10-05,
AM000037682,2025-10-06,
AM000037682,2025-10-07,
AM000037682,2025-10-08,
AM000037682,2025-10-09,
AM000037682,2025-10-10,
AM000037682,2025-10-11,
AM000037682,2025-10-12,
AM000037682,2025-10-13,
AM000037682,2025-10-14,
AM000037682,2025-10-15,
AM000037682,2025-10-16,
AM000037682,2025-10-17,
AM000037682,2025-10-18,
AM000037682,2025-10-19,
AM000037682,2025-10-20,
AM000037682,2025-10-21,
AM000037682,2025-10-22,
AM000037682,2025-10-23,
AM000037682,2025-10-24,
AM000037682,2025-10-25,
AM000037682,2025-10-26,
AM000037682,2025-10-27,
AM000037682,2025-10-28,
AM000037682,2025-10-29,
AM000037682,2025-10-30,
AM000037682,2025-10-31,
AM000037682,2025-11-01,
AM000037682,2025-11-02,
AM000037682,2025-11-03,
AM000037682,2025-11-04,
AM000037682,2025-11-05,
AM000037682,2025-11-06,
AM000037682,2025-11-07,
AM000037682,2025-11-08,
AM000037682,2025-11-09,
AM000037682,2025-11-10,
AM000037682,2025-11-11,
AM000037682,2025-11-12,
AM000037682,2025-11-13,
AM000037682,2025-11-14,
AM000037682,2025-11-15,
AM000037682,2025-11-16,
AM000037682,2025-11-17,
AM000037682,2025-11-18,
AM000037682,2025-11-19,
AM000037682,2025-11-20,
AM000037682,2025-11-21,
AM000037682,2025-11-22,
AM000037682,2025-11-23,
AM000037682,2025-11-24,
AM000037682,2025-11-25,
AM000037682,2025-11-26,
AM000037682,2025-11-27,
AM000037682,2025-11-28,
AM000037682,2025-11-29,
AM000037682,2025-11-30,
AM000037682,2025-12-01,
AM000037682,2025-12-02,
AM000037682,2025-12-03,
AM000037682,2025-12-04,
AM000037682,2025-12-05,
AM000037682,2025-12-06,
AM000037682,2025-12-07,
AM000037682,2025-12-08,
AM000037682,2025-12-09,
AM000037682,2025-12-10,
AM000037682,2025-12-11,
AM000037682,2025-12-12,
AM000037682,2025-12-13,
AM000037682,2025-12-14,
AM000037682,2025-12-15,
AM000037682,2025-12-16,
AM000037682,2025-12-17,
AM000037682,2025-12-18,
AM000037682,2025-12-19,
AM000037682,2025-12-20,
AM000037682,2025-12-21,
AM000037682,2025-12-22,
AM000037682,2025-12-23,
AM000037682,2025-12-24,
AM000037682,2025-12-25,
AM000037682,2025-12-26,
AM000037682,2025-12-27,
AM000037682,2025-12-28,
AM000037682,2025-12-29,
AM000037682,2025-12-30,
AM000037682,2025-12-31,
AM000037711,2025-01-01,9.61
AM000037711,2025-01-02,9.5
AM000037711,2025-01-03,17.0
AM000037711,2025-01-04,14.0
AM000037711,2025-01-05,12.39
AM000037711,2025-01-06,7.0
AM000037711,2025-01-07,5.0
AM000037711,2025-01-08,5.61
AM000037711,2025-01-09,12.0
AM000037711,2025-01-10,11.0
AM000037711,2025-01-11,15.0
AM000037711,2025-01-12,14.5
AM000037711,2025-01-13,15.0
AM000037711,2025-01-14,13.0
AM000037711,2025-01-15,7.0
AM000037711,2025-01-16,8.0
AM000037711,2025-01-17,10.0
AM000037711,2025-01-18,10.5
AM000037711,2025-01-19,10.0
AM000037711,2025-01-20,4.5
AM000037711,2025-01-21,8.0
AM000037711,2025-01-22,4.5
AM000037711,2025-01-23,5.0
AM000037711,2025-01-24,9.0
AM000037711,2025-01-25,11.0
AM000037711,2025-01-26,5.0
AM000037711,2025-01-27,5.5
AM000037711,2025-01-28,8.0
AM000037711,2025-01-29,9.0
AM000037711,2025-01-30,9.0
AM000037711,2025-01-31,9.0
AM000037711,2025-02-01,10.0
AM000037711,2025-02-02,10.5
AM000037711,2025-02-03,9.0
AM000037711,2025-02-04,11.0
AM000037711,2025-02-05,6.0
AM000037711,2025-02-06,2.11
AM000037711,2025-02-07,8.0
AM000037711,2025-02-08,1.5
AM000037711,2025-02-09,-1.5
AM000037711,2025-02-10,1.22
AM000037711,2025-02-11,4.11
AM000037711,2025-02-12,5.0
AM000037711,2025-02-13,5.61
AM000037711,2025-02-14,6.0
AM000037711,2025-02-15,8.61
AM000037711,2025-02-16,13.0
AM000037711,2025-02-17,14.0
AM000037711,2025-02-18,6.5
AM000037711,2025-02-19,2.0
AM000037711,2025-02-20,-0.11
AM000037711,2025-02-21,1.0
AM000037711,2025-02-22,-0.72
AM000037711,2025-02-23,-1.0
AM000037711,2025-02-24,1.22
AM000037711,2025-02-25,2.0
AM000037711,2025-02-26,4.61
AM000037711,2025-02-27,5.0
AM000037711,2025-02-28,4.11
AM000037711,2025-03-01,2.0
AM000037711,2025-03-02,2.61
AM000037711,2025-03-03,4.0
AM000037711,2025-03-04,10.0
AM000037711,2025-03-05,13.0
AM000037711,2025-03-06,14.5
AM000037711,2025-03-07,16.0
AM000037711,2025-03-08,17.0
AM000037711,2025-03-09,15.0
AM000037711,2025-03-10,16.0
AM000037711,2025-03-11,20.0
AM000037711,2025-03-12,21.0
AM000037711,2025-03-13,23.0
AM000037711,2025-03-14,23.0
AM000037711,2025-03-15,25.22
AM000037711,2025-03-16,25.0
AM000037711,2025-03-17,28.0
AM000037711,2025-03-18,25.22
AM000037711,2025-03-19,11.11
AM000037711,2025-03-20,7.0
AM000037711,2025-03-21,5.5
AM000037711,2025-03-22,3.78
AM000037711,2025-03-23,11.0
AM000037711,2025-03-24,15.0
AM000037711,2025-03-25,11.0
AM000037711,2025-03-26,13.5
AM000037711,2025-03-27,17.0
AM000037711,2025-03-28,17.0
AM000037711,2025-03-29,20.0
AM000037711,2025-03-30,22.0
AM000037711,2025-03-31,18.0
AM000037711,2025-04-01,22.0
AM000037711,2025-04-02,15.0
AM000037711,2025-04-03,20.0
AM000037711,2025-04-04,18.0
AM000037711,2025-04-05,13.0
AM000037711,2025-04-06,23.0
AM000037711,2025-04-07,18.5
AM000037711,2025-04-08,19.0
AM000037711,2025-04-09,12.28
AM000037711,2025-04-10,9.39
AM000037711,2025-04-11,12.5
AM000037711,2025-04-12,7.0
AM000037711,2025-04-13,12.5
AM000037711,2025-04-14,7.0
AM000037711,2025-04-15,7.78
AM000037711,2025-04-16,10.5
AM000037711,2025-04-17,19.0
AM000037711,2025-04-18,16.0
AM000037711,2025-04-19,17.5
AM000037711,2025-04-20,15.0
AM000037711,2025-04-21,19.0
AM000037711,2025-04-22,20.5
AM000037711,2025-04-23,22.0
AM000037711,2025-04-24,25.0
AM000037711,2025-04-25,18.0
AM000037711,2025-04-26,24.5
AM000037711,2025-04-27,20.0
AM000037711,2025-04-28,15.0
AM000037711,2025-04-29,7.5
AM000037711,2025-04-30,11.0
AM000037711,2025-05-01,17.0
AM000037711,2025-05-02,21.0
AM000037711,2025-05-03,20.0
AM000037711,2025-05-04,14.28
AM000037711,2025-05-05,20.0
AM000037711,2025-05-06,19.0
AM000037711,2025-05-07,24.0
AM000037711,2025-05-08,21.0
AM000037711,2025-05-09,25.61
AM000037711,2025-05-10,25.0
AM000037711,2025-05-11,24.0
AM000037711,2025-05-12,21.72
AM000037711,2025-05-13,21.0
AM000037711,2025-05-14,16.0
AM000037711,2025-05-15,12.0
AM000037711,2025-05-16,20.61
AM000037711,2025-05-17,19.0
AM000037711,2025-05-18,22.5
AM000037711,2025-05-19,21.0
AM000037711,2025-05-20,20.0
AM000037711,2025-05-21,22.5
AM000037711,2025-05-22,21.0
AM000037711,2025-05-23,19.0
AM000037711,2025-05-24,25.0
AM000037711,2025-05-25,27.0
AM000037711,2025-05-26,25.0
AM000037711,2025-05-27,22.0
AM000037711,2025-05-28,19.11
AM000037711,2025-05-29,19.22
AM000037711,2025-05-30,22.0
AM000037711,2025-05-31,29.0
AM000037711,2025-06-01,29.0
AM000037711,2025-06-02,27.0
AM000037711,2025-06-03,21.0
AM000037711,2025-06-04,26.0
AM000037711,2025-06-05,28.0
AM000037711,2025-06-06,25.0
AM000037711,2025-06-07,26.0
AM000037711,2025-06-08,27.0
AM000037711,2025-06-09,29.0
AM000037711,2025-06-10,30.0
AM000037711,2025-06-11,29.89
AM000037711,2025-06-12,28.0
AM000037711,2025-06-13,31.0
AM000037711,2025-06-14,29.0
AM000037711,2025-06-15,22.0
AM000037711,2025-06-16,22.0
AM000037711,2025-06-17,22.0
AM000037711,2025-06-18,26.0
AM000037711,2025-06-19,27.0
AM000037711,2025-06-20,28.5
AM000037711,2025-06-21,26.11
AM000037711,2025-06-22,23.5
AM000037711,2025-06-23,17.0
AM000037711,2025-06-24,27.0
AM000037711,2025-06-25,27.0
AM000037711,2025-06-26,29.0
AM000037711,2025-06-27,31.0
AM000037711,2025-06-28,30.0
AM000037711,2025-06-29,19.89
AM000037711,2025-06-30,21.0
AM000037711,2025-07-01,28.0
AM000037711,2025-07-02,24.0
AM000037711,2025-07-03,17.5
AM000037711,2025-07-04,17.22
AM000037711,2025-07-05,23.5
AM000037711,2025-07-06,26.0
AM000037711,2025-07-07,29.0
AM000037711,2025-07-08,26.0
AM000037711,2025-07-09,29.0
AM000037711,2025-07-10,30.0
AM000037711,2025-07-11,31.5
AM000037711,2025-07-12,34.0
AM000037711,2025-07-13,36.0
AM000037711,2025-07-14,35.11
AM000037711,2025-07-15,34.0
AM000037711,2025-07-16,34.0
AM000037711,2025-07-17,33.0
AM000037711,2025-07-18,34.0
AM000037711,2025-07-19,33.0
AM000037711,2025-07-20,34.0
AM000037711,2025-07-21,32.0
AM000037711,2025-07-22,34.0
AM000037711,2025-07-23,34.0
AM000037711,2025-07-24,35.0
AM000037711,2025-07-25,28.0
AM000037711,2025-07-26,31.0
AM000037711,2025-07-27,33.0
AM000037711,2025-07-28,34.0
AM000037711,2025-07-29,32.0
AM000037711,2025-07-30,35.0
AM000037711,2025-07-31,37.0
AM000037711,2025-08-01,34.0
AM000037711,2025-08-02,33.0
AM000037711,2025-08-03,34.0
AM000037711,2025-08-04,34.0
AM000037711,2025-08-05,35.5
AM000037711,2025-08-06,36.0
AM000037711,2025-08-07,34.0
AM000037711,2025-08-08,35.0
AM000037711,2025-08-09,33.0
AM000037711,2025-08-10,33.0
AM000037711,2025-08-11,26.0
AM000037711,2025-08-12,27.0
AM000037711,2025-08-13,32.0
AM000037711,2025-08-14,29.0
AM000037711,2025-08-15,30.0
AM000037711,2025-08-16,22.39
AM000037711,2025-08-17,22.0
AM000037711,2025-08-18,30.0
AM000037711,2025-08-19,35.0
AM000037711,2025-08-20,29.0
AM000037711,2025-08-21,32.0
AM000037711,2025-08-22,32.11
AM000037711,2025-08-23,32.0
AM000037711,2025-08-24,35.0
AM000037711,2025-08-25,
AM000037711,2025-08-26,
AM000037711,2025-08-27,
AM000037711,2025-08-28,
AM000037711,2025-08-29,
AM000037711,2025-08-30,
AM000037711,2025-08-31,
AM000037711,2025-09-01,
AM000037711,2025-09-02,
AM000037711,2025-09-03,
AM000037711,2025-09-04,
AM000037711,2025-09-05,
AM000037711,2025-09-06,
AM000037711,2025-09-07,
AM000037711,2025-09-08,
AM000037711,2025-09-09,
AM000037711,2025-09-10,
AM000037711,2025-09-11,
AM000037711,2025-09-12,
AM000037711,2025-09-13,
AM000037711,2025-09-14,
AM000037711,2025-09-15,
AM000037711,2025-09-16,
AM000037711,2025-09-17,
AM000037711,2025-09-18,
AM000037711,2025-09-19,
AM000037711,2025-09-20,
AM000037711,2025-09-21,
AM000037711,2025-09-22,
AM000037711,2025-09-23,
AM000037711,2025-09-24,
AM000037711,2025-09-25,
AM000037711,2025-09-26,
AM000037711,2025-09-27,
AM000037711,2025-09-28,
AM000037711,2025-09-29,
AM000037711,2025-09-30,
AM000037711,2025-10-01,
AM000037711,2025-10-02,
AM000037711,2025-10-03,
AM000037711,2025-10-04,
AM000037711,2025-10-05,
AM000037711,2025-10-06,
AM000037711,2025-10-07,
AM000037711,2025-10-08,
AM000037711,2025-10-09,
AM000037711,2025-10-10,
AM000037711,2025-10-11,
AM000037711,2025-10-12,
AM000037711,2025-10-13,
AM000037711,2025-10-14,
AM000037711,2025-10-15,
AM000037711,2025-10-16,
AM000037711,2025-10-17,
AM000037711,2025-10-18,
AM000037711,2025-10-19,
AM000037711,2025-10-20,
AM000037711,2025-10-21,
AM000037711,2025-10-22,
AM000037711,2025-10-23,
AM000037711,2025-10-24,
AM000037711,2025-10-25,
AM000037711,2025-10-26,
AM000037711,2025-10-27,
AM000037711,2025-10-28,
AM000037711,2025-10-29,
AM000037711,2025-10-30,
AM000037711,2025-10-31,
AM000037711,2025-11-01,
AM000037711,2025-11-02,
AM000037711,2025-11-03,
AM000037711,2025-11-04,
AM000037711,2025-11-05,
AM000037711,2025-11-06,
AM000037711,2025-11-07,
AM000037711,2025-11-08,
AM000037711,2025-11-09,
AM000037711,2025-11-10,
AM000037711,2025-11-11,
AM000037711,2025-11-12,
AM000037711,2025-11-13,
AM000037711,2025-11-14,
AM000037711,2025-11-15,
AM000037711,2025-11-16,
AM000037711,2025-11-17,
AM000037711,2025-11-18,
AM000037711,2025-11-19,
AM000037711,2025-11-20,
AM000037711,2025-11-21,
AM000037711,2025-11-22,
AM000037711,2025-11-23,
AM000037711,2025-11-24,
AM000037711,2025-11-25,
AM000037711,2025-11-26,
AM000037711,2025-11-27,
AM000037711,2025-11-28,
AM000037711,2025-11-29,
AM000037711,2025-11-30,
AM000037711,2025-12-01,
AM000037711,2025-12-02,
AM000037711,2025-12-03,
AM000037711,2025-12-04,
AM000037711,2025-12-05,
AM000037711,2025-12-06,
AM000037711,2025-12-07,
AM000037711,2025-12-08,
AM000037711,2025-12-09,
AM000037711,2025-12-10,
AM000037711,2025-12-11,
AM000037711,2025-12-12,
AM000037711,2025-12-13,
AM000037711,2025-12-14,
AM000037711,2025-12-15,
AM000037711,2025-12-16,
AM000037711,2025-12-17,
AM000037711,2025-12-18,
AM000037711,2025-12-19,
AM000037711,2025-12-20,
AM000037711,2025-12-21,
AM000037711,2025-12-22,
AM000037711,2025-12-23,
AM000037711,2025-12-24,
AM000037711,2025-12-25,
AM000037711,2025-12-26,
AM000037711,2025-12-27,
AM000037711,2025-12-28,
AM000037711,2025-12-29,
AM000037711,2025-12-30,
AM000037711,2025-12-31,
AM000037897,2025-01-01,2.61
AM000037897,2025-01-02,7.0
AM000037897,2025-01-03,7.61
AM000037897,2025-01-04,6.0
AM000037897,2025-01-05,6.0
AM000037897,2025-01-06,4.39
AM000037897,2025-01-07,5.5
AM000037897,2025-01-08,10.0
AM000037897,2025-01-09,10.5
AM000037897,2025-01-10,10.0
AM000037897,2025-01-11,10.0
AM000037897,2025-01-12,6.0
AM000037897,2025-01-13,7.5
AM000037897,2025-01-14,10.0
AM000037897,2025-01-15,8.22
AM000037897,2025-01-16,6.22
AM000037897,2025-01-17,6.0
AM000037897,2025-01-18,1.89
AM000037897,2025-01-19,3.0
AM000037897,2025-01-20,2.0
AM000037897,2025-01-21,6.61
AM000037897,2025-01-22,11.5
AM000037897,2025-01-23,7.0
AM000037897,2025-01-24,4.39
AM000037897,2025-01-25,4.72
AM000037897,2025-01-26,6.39
AM000037897,2025-01-27,3.22
AM000037897,2025-01-28,8.11
AM000037897,2025-01-29,10.5
AM000037897,2025-01-30,9.61
AM000037897,2025-01-31,11.0
AM000037897,2025-02-01,10.61
AM000037897,2025-02-02,9.11
AM000037897,2025-02-03,7.5
AM000037897,2025-02-04,6.78
AM000037897,2025-02-05,4.89
AM000037897,2025-02-06,-1.5
AM000037897,2025-02-07,0.5
AM000037897,2025-02-08,-2.5
AM000037897,2025-02-09,6.22
AM000037897,2025-02-10,0.22
AM000037897,2025-02-11,1.22
AM000037897,2025-02-12,5.0
AM000037897,2025-02-13,5.78
AM000037897,2025-02-14,1.78
AM000037897,2025-02-15,1.5
AM000037897,2025-02-16,6.0
AM000037897,2025-02-17,6.5
AM000037897,2025-02-18,6.78
AM000037897,2025-02-19,9.0
AM000037897,2025-02-20,-1.39
AM000037897,2025-02-21,-4.0
AM000037897,2025-02-22,-5.0
AM000037897,2025-02-23,-6.28
AM000037897,2025-02-24,-6.78
AM000037897,2025-02-25,-5.0
AM000037897,2025-02-26,-2.78
AM000037897,2025-02-27,-2.28
AM000037897,2025-02-28,-2.28
AM000037897,2025-03-01,0.28
AM000037897,2025-03-02,0.0
AM000037897,2025-03-03,3.28
AM000037897,2025-03-04,6.89
AM000037897,2025-03-05,8.11
AM000037897,2025-03-06,9.0
AM000037897,2025-03-07,13.5
AM000037897,2025-03-08,12.39
AM000037897,2025-03-09,11.22
AM000037897,2025-03-10,12.5
AM000037897,2025-03-11,13.5
AM000037897,2025-03-12,15.0
AM000037897,2025-03-13,18.22
AM000037897,2025-03-14,18.5
AM000037897,2025-03-15,18.22
AM000037897,2025-03-16,19.89
AM000037897,2025-03-17,17.78
AM000037897,2025-03-18,18.5
AM000037897,2025-03-19,13.0
AM000037897,2025-03-20,7.61
AM000037897,2025-03-21,7.61
AM000037897,2025-03-22,10.0
AM000037897,2025-03-23,5.5
AM000037897,2025-03-24,9.78
AM000037897,2025-03-25,12.78
AM000037897,2025-03-26,16.22
AM000037897,2025-03-27,14.89
AM000037897,2025-03-28,18.11
AM000037897,2025-03-29,21.0
AM000037897,2025-03-30,21.5
AM000037897,2025-03-31,16.89
AM000037897,2025-04-01,18.78
AM000037897,2025-04-02,17.78
AM000037897,2025-04-03,19.89
AM000037897,2025-04-04,17.5
AM000037897,2025-04-05,13.11
AM000037897,2025-04-06,16.61
AM000037897,2025-04-07,21.0
AM000037897,2025-04-08,18.0
AM000037897,2025-04-09,16.5
AM000037897,2025-04-10,12.78
AM000037897,2025-04-11,12.72
AM000037897,2025-04-12,12.28
AM000037897,2025-04-13,11.0
AM000037897,2025-04-14,8.89
AM000037897,2025-04-15,6.78
AM000037897,2025-04-16,7.22
AM000037897,2025-04-17,10.22
AM000037897,2025-04-18,11.22
AM000037897,2025-04-19,13.72
AM000037897,2025-04-20,17.61
AM000037897,2025-04-21,20.39
AM000037897,2025-04-22,20.78
AM000037897,2025-04-23,12.39
AM000037897,2025-04-24,22.28
AM000037897,2025-04-25,23.22
AM000037897,2025-04-26,22.22
AM000037897,2025-04-27,21.0
AM000037897,2025-04-28,13.61
AM000037897,2025-04-29,8.0
AM000037897,2025-04-30,17.72
AM000037897,2025-05-01,22.22
AM000037897,2025-05-02,22.0
AM000037897,2025-05-03,20.61
AM000037897,2025-05-04,16.61
AM000037897,2025-05-05,20.0
AM000037897,2025-05-06,15.39
AM000037897,2025-05-07,18.5
AM000037897,2025-05-08,20.61
AM000037897,2025-05-09,21.11
AM000037897,2025-05-10,21.78
AM000037897,2025-05-11,23.61
AM000037897,2025-05-12,16.61
AM000037897,2025-05-13,21.22
AM000037897,2025-05-14,17.89
AM000037897,2025-05-15,13.22
AM000037897,2025-05-16,16.78
AM000037897,2025-05-17,22.78
AM000037897,2025-05-18,24.5
AM000037897,2025-05-19,22.5
AM000037897,2025-05-20,18.39
AM000037897,2025-05-21,24.22
AM000037897,2025-05-22,17.5
AM000037897,2025-05-23,19.61
AM000037897,2025-05-24,20.22
AM000037897,2025-05-25,21.5
AM000037897,2025-05-26,20.5
AM000037897,2025-05-27,21.0
AM000037897,2025-05-28,19.11
AM000037897,2025-05-29,21.5
AM000037897,2025-05-30,22.11
AM000037897,2025-05-31,26.5
AM000037897,2025-06-01,26.89
AM000037897,2025-06-02,27.89
AM000037897,2025-06-03,19.0
AM000037897,2025-06-04,16.89
AM000037897,2025-06-05,18.89
AM000037897,2025-06-06,18.78
AM000037897,2025-06-07,18.11
AM000037897,2025-06-08,20.89
AM000037897,2025-06-09,22.22
AM000037897,2025-06-10,17.22
AM000037897,2025-06-11,23.22
AM000037897,2025-06-12,25.72
AM000037897,2025-06-13,29.5
AM000037897,2025-06-14,25.89
AM000037897,2025-06-15,23.5
AM000037897,2025-06-16,20.0
AM000037897,2025-06-17,19.22
AM000037897,2025-06-18,19.78
AM000037897,2025-06-19,23.78
AM000037897,2025-06-20,24.89
AM000037897,2025-06-21,23.39
AM000037897,2025-06-22,18.5
AM000037897,2025-06-23,19.89
AM000037897,2025-06-24,22.11
AM000037897,2025-06-25,21.72
AM000037897,2025-06-26,24.39
AM000037897,2025-06-27,25.39
AM000037897,2025-06-28,23.39
AM000037897,2025-06-29,23.22
AM000037897,2025-06-30,22.11
AM000037897,2025-07-01,22.5
AM000037897,2025-07-02,21.5
AM000037897,2025-07-03,19.5
AM000037897,2025-07-04,17.22
AM000037897,2025-07-05,20.5
AM000037897,2025-07-06,19.0
AM000037897,2025-07-07,20.39
AM000037897,2025-07-08,18.11
AM000037897,2025-07-09,21.5
AM000037897,2025-07-10,22.5
AM000037897,2025-07-11,27.11
AM000037897,2025-07-12,28.5
AM000037897,2025-07-13,29.22
AM000037897,2025-07-14,28.78
AM000037897,2025-07-15,30.22
AM000037897,2025-07-16,31.5
AM000037897,2025-07-17,30.39
AM000037897,2025-07-18,27.89
AM000037897,2025-07-19,27.72
AM000037897,2025-07-20,29.5
AM000037897,2025-07-21,28.11
AM000037897,2025-07-22,29.5
AM000037897,2025-07-23,29.39
AM000037897,2025-07-24,29.22
AM000037897,2025-07-25,28.39
AM000037897,2025-07-26,26.5
AM000037897,2025-07-27,29.11
AM000037897,2025-07-28,31.28
AM000037897,2025-07-29,32.0
AM000037897,2025-07-30,32.0
AM000037897,2025-07-31,33.0
AM000037897,2025-08-01,30.78
AM000037897,2025-08-02,29.61
AM000037897,2025-08-03,30.5
AM000037897,2025-08-04,30.61
AM000037897,2025-08-05,30.22
AM000037897,2025-08-06,31.89
AM000037897,2025-08-07,31.61
AM000037897,2025-08-08,30.5
AM000037897,2025-08-09,29.39
AM000037897,2025-08-10,27.5
AM000037897,2025-08-11,23.22
AM000037897,2025-08-12,25.5
AM000037897,2025-08-13,21.61
AM000037897,2025-08-14,24.11
AM000037897,2025-08-15,23.78
AM000037897,2025-08-16,17.22
AM000037897,2025-08-17,20.39
AM000037897,2025-08-18,29.22
AM000037897,2025-08-19,28.89
AM000037897,2025-08-20,27.39
AM000037897,2025-08-21,30.22
AM000037897,2025-08-22,25.78
AM000037897,2025-08-23,27.89
AM000037897,2025-08-24,30.22
AM000037897,2025-08-25,
AM000037897,2025-08-26,
AM000037897,2025-08-27,
AM000037897,2025-08-28,
AM000037897,2025-08-29,
AM000037897,2025-08-30,
AM000037897,2025-08-31,
AM000037897,2025-09-01,
AM000037897,2025-09-02,
AM000037897,2025-09-03,
AM000037897,2025-09-04,
AM000037897,2025-09-05,
AM000037897,2025-09-06,
AM000037897,2025-09-07,
AM000037897,2025-09-08,
AM000037897,2025-09-09,
AM000037897,2025-09-10,
AM000037897,2025-09-11,
AM000037897,2025-09-12,
AM000037897,2025-09-13,
AM000037897,2025-09-14,
AM000037897,2025-09-15,
AM000037897,2025-09-16,
AM000037897,2025-09-17,
AM000037897,2025-09-18,
AM000037897,2025-09-19,
AM000037897,2025-09-20,
AM000037897,2025-09-21,
AM000037897,2025-09-22,
AM000037897,2025-09-23,
AM000037897,2025-09-24,
AM000037897,2025-09-25,
AM000037897,2025-09-26,
AM000037897,2025-09-27,
AM000037897,2025-09-28,
AM000037897,2025-09-29,
AM000037897,2025-09-30,
AM000037897,2025-10-01,
AM000037897,2025-10-02,
AM000037897,2025-10-03,
AM000037897,2025-10-04,
AM000037897,2025-10-05,
AM000037897,2025-10-06,
AM000037897,2025-10-07,
AM000037897,2025-10-08,
AM000037897,2025-10-09,
AM000037897,2025-10-10,
AM000037897,2025-10-11,
AM000037897,2025-10-12,
AM000037897,2025-10-13,
AM000037897,2025-10-14,
AM000037897,2025-10-15,
AM000037897,2025-10-16,
AM000037897,2025-10-17,
AM000037897,2025-10-18,
AM000037897,2025-10-19,
AM000037897,2025-10-20,
AM000037897,2025-10-21,
AM000037897,2025-10-22,
AM000037897,2025-10-23,
AM000037897,2025-10-24,
AM000037897,2025-10-25,
AM000037897,2025-10-26,
AM000037897,2025-10-27,
AM000037897,2025-10-28,
AM000037897,2025-10-29,
AM000037897,2025-10-30,
AM000037897,2025-10-31,
AM000037897,2025-11-01,
AM000037897,2025-11-02,
AM000037897,2025-11-03,
AM000037897,2025-11-04,
AM000037897,2025-11-05,
AM000037897,2025-11-06,
AM000037897,2025-11-07,
AM000037897,2025-11-08,
AM000037897,2025-11-09,
AM000037897,2025-11-10,
AM000037897,2025-11-11,
AM000037897,2025-11-12,
AM000037897,2025-11-13,
AM000037897,2025-11-14,
AM000037897,2025-11-15,
AM000037897,2025-11-16,
AM000037897,2025-11-17,
AM000037897,2025-11-18,
AM000037897,2025-11-19,
AM000037897,2025-11-20,
AM000037897,2025-11-21,
AM000037897,2025-11-22,
AM000037897,2025-11-23,
AM000037897,2025-11-24,
AM000037897,2025-11-25,
AM000037897,2025-11-26,
AM000037897,2025-11-27,
AM000037897,2025-11-28,
AM000037897,2025-11-29,
AM000037897,2025-11-30,
AM000037897,2025-12-01,
AM000037897,2025-12-02,
AM000037897,2025-12-03,
AM000037897,2025-12-04,
AM000037897,2025-12-05,
AM000037897,2025-12-06,
AM000037897,2025-12-07,
AM000037897,2025-12-08,
AM000037897,2025-12-09,
AM000037897,2025-12-10,
AM000037897,2025-12-11,
AM000037897,2025-12-12,
AM000037897,2025-12-13,
AM000037897,2025-12-14,
AM000037897,2025-12-15,
AM000037897,2025-12-16,
AM000037897,2025-12-17,
AM000037897,2025-12-18,
AM000037897,2025-12-19,
AM000037897,2025-12-20,
AM000037897,2025-12-21,
AM000037897,2025-12-22,
AM000037897,2025-12-23,
AM000037897,2025-12-24,
AM000037897,2025-12-25,
AM000037897,2025-12-26,
AM000037897,2025-12-27,
AM000037897,2025-12-28,
AM000037897,2025-12-29,
AM000037897,2025-12-30,
AM000037897,2025-12-31,
BNM00065338,2025-01-01,36.78
BNM00065338,2025-01-02,37.0
BNM00065338,2025-01-03,36.72
BNM00065338,2025-01-04,37.0
BNM00065338,2025-01-05,37.72
BNM00065338,2025-01-06,37.11
BNM00065338,2025-01-07,37.11
BNM00065338,2025-01-08,37.22
BNM00065338,2025-01-09,36.5
BNM00065338,2025-01-10,36.89
BNM00065338,2025-01-11,35.72
BNM00065338,2025-01-12,36.0
BNM00065338,2025-01-13,36.0
BNM00065338,2025-01-14,35.78
BNM00065338,2025-01-15,36.0
BNM00065338,2025-01-16,37.89
BNM00065338,2025-01-17,38.0
BNM00065338,2025-01-18,34.61
BNM00065338,2025-01-19,36.5
BNM00065338,2025-01-20,36.0
BNM00065338,2025-01-21,37.28
BNM00065338,2025-01-22,36.39
BNM00065338,2025-01-23,34.22
BNM00065338,2025-01-24,37.11
BNM00065338,2025-01-25,36.5
BNM00065338,2025-01-26,37.11
BNM00065338,2025-01-27,37.0
BNM00065338,2025-01-28,37.0
BNM00065338,2025-01-29,36.89
BNM00065338,2025-01-30,36.11
BNM00065338,2025-01-31,36.61
BNM00065338,2025-02-01,36.0
BNM00065338,2025-02-02,33.39
BNM00065338,2025-02-03,36.78
BNM00065338,2025-02-04,38.5
BNM00065338,2025-02-05,38.11
BNM00065338,2025-02-06,37.0
BNM00065338,2025-02-07,36.72
BNM00065338,2025-02-08,35.0
BNM00065338,2025-02-09,36.0
BNM00065338,2025-02-10,37.39
BNM00065338,2025-02-11,36.72
BNM00065338,2025-02-12,37.5
BNM00065338,2025-02-13,37.61
BNM00065338,2025-02-14,38.39
BNM00065338,2025-02-15,37.5
BNM00065338,2025-02-16,38.5
BNM00065338,2025-02-17,38.28
BNM00065338,2025-02-18,37.5
BNM00065338,2025-02-19,35.72
BNM00065338,2025-02-20,36.5
BNM00065338,2025-02-21,36.78
BNM00065338,2025-02-22,37.0
BNM00065338,2025-02-23,31.39
BNM00065338,2025-02-24,35.0
BNM00065338,2025-02-25,36.28
BNM00065338,2025-02-26,33.39
BNM00065338,2025-02-27,36.0
BNM00065338,2025-02-28,28.89
BNM00065338,2025-03-01,35.0
BNM00065338,2025-03-02,35.78
BNM00065338,2025-03-03,36.0
BNM00065338,2025-03-04,35.5
BNM00065338,2025-03-05,35.0
BNM00065338,2025-03-06,35.0
BNM00065338,2025-03-07,37.11
BNM00065338,2025-03-08,35.22
BNM00065338,2025-03-09,35.61
BNM00065338,2025-03-10,36.72
BNM00065338,2025-03-11,35.28
BNM00065338,2025-03-12,35.72
BNM00065338,2025-03-13,35.78
BNM00065338,2025-03-14,35.0
BNM00065338,2025-03-15,36.5
BNM00065338,2025-03-16,36.22
BNM00065338,2025-03-17,36.0
BNM00065338,2025-03-18,35.5
BNM00065338,2025-03-19,36.0
BNM00065338,2025-03-20,33.89
BNM00065338,2025-03-21,34.28
BNM00065338,2025-03-22,33.39
BNM00065338,2025-03-23,33.22
BNM00065338,2025-03-24,33.72
BNM00065338,2025-03-25,33.39
BNM00065338,2025-03-26,34.11
BNM00065338,2025-03-27,34.11
BNM00065338,2025-03-28,34.72
BNM00065338,2025-03-29,34.61
BNM00065338,2025-03-30,35.0
BNM00065338,2025-03-31,32.89
BNM00065338,2025-04-01,35.72
BNM00065338,2025-04-02,33.39
BNM00065338,2025-04-03,33.5
BNM00065338,2025-04-04,34.28
BNM00065338,2025-04-05,34.72
BNM00065338,2025-04-06,35.22
BNM00065338,2025-04-07,34.78
BNM00065338,2025-04-08,34.89
BNM00065338,2025-04-09,33.0
BNM00065338,2025-04-10,35.11
BNM00065338,2025-04-11,32.5
BNM00065338,2025-04-12,31.72
BNM00065338,2025-04-13,34.39
BNM00065338,2025-04-14,34.22
BNM00065338,2025-04-15,34.28
BNM00065338,2025-04-16,35.0
BNM00065338,2025-04-17,35.0
BNM00065338,2025-04-18,35.22
BNM00065338,2025-04-19,34.28
BNM00065338,2025-04-20,34.61
BNM00065338,2025-04-21,35.61
BNM00065338,2025-04-22,35.11
BNM00065338,2025-04-23,29.78
BNM00065338,2025-04-24,33.61
BNM00065338,2025-04-25,34.28
BNM00065338,2025-04-26,30.61
BNM00065338,2025-04-27,30.61
BNM00065338,2025-04-28,33.39
BNM00065338,2025-04-29,33.0
BNM00065338,2025-04-30,32.5
BNM00065338,2025-05-01,33.72
BNM00065338,2025-05-02,33.78
BNM00065338,2025-05-03,33.61
BNM00065338,2025-05-04,35.39
BNM00065338,2025-05-05,33.61
BNM00065338,2025-05-06,33.72
BNM00065338,2025-05-07,34.89
BNM00065338,2025-05-08,34.22
BNM00065338,2025-05-09,33.61
BNM00065338,2025-05-10,34.0
BNM00065338,2025-05-11,35.0
BNM00065338,2025-05-12,33.89
BNM00065338,2025-05-13,33.39
BNM00065338,2025-05-14,34.61
BNM00065338,2025-05-15,35.11
BNM00065338,2025-05-16,33.5
BNM00065338,2025-05-17,33.61
BNM00065338,2025-05-18,29.72
BNM00065338,2025-05-19,32.39
BNM00065338,2025-05-20,33.0
BNM00065338,2025-05-21,30.61
BNM00065338,2025-05-22,33.61
BNM00065338,2025-05-23,29.78
BNM00065338,2025-05-24,31.0
BNM00065338,2025-05-25,32.22
BNM00065338,2025-05-26,32.78
BNM00065338,2025-05-27,33.72
BNM00065338,2025-05-28,32.78
BNM00065338,2025-05-29,27.28
BNM00065338,2025-05-30,33.39
BNM00065338,2025-05-31,33.28
BNM00065338,2025-06-01,33.0
BNM00065338,2025-06-02,32.39
BNM00065338,2025-06-03,33.22
BNM00065338,2025-06-04,30.28
BNM00065338,2025-06-05,33.0
BNM00065338,2025-06-06,34.0
BNM00065338,2025-06-07,27.11
BNM00065338,2025-06-08,32.5
BNM00065338,2025-06-09,33.5
BNM00065338,2025-06-10,33.28
BNM00065338,2025-06-11,30.89
BNM00065338,2025-06-12,32.11
BNM00065338,2025-06-13,31.5
BNM00065338,2025-06-14,30.5
BNM00065338,2025-06-15,30.61
BNM00065338,2025-06-16,30.72
BNM00065338,2025-06-17,31.0
BNM00065338,2025-06-18,33.11
BNM00065338,2025-06-19,32.11
BNM00065338,2025-06-20,32.5
BNM00065338,2025-06-21,30.61
BNM00065338,2025-06-22,29.5
BNM00065338,2025-06-23,31.28
BNM00065338,2025-06-24,32.72
BNM00065338,2025-06-25,32.5
BNM00065338,2025-06-26,29.5
BNM00065338,2025-06-27,27.78
BNM00065338,2025-06-28,30.78
BNM00065338,2025-06-29,30.89
BNM00065338,2025-06-30,30.78
BNM00065338,2025-07-01,30.22
BNM00065338,2025-07-02,30.61
BNM00065338,2025-07-03,29.5
BNM00065338,2025-07-04,29.0
BNM00065338,2025-07-05,29.5
BNM00065338,2025-07-06,29.61
BNM00065338,2025-07-07,28.78
BNM00065338,2025-07-08,26.78
BNM00065338,2025-07-09,29.89
BNM00065338,2025-07-10,29.89
BNM00065338,2025-07-11,30.28
BNM00065338,2025-07-12,29.5
BNM00065338,2025-07-13,27.78
BNM00065338,2025-07-14,30.72
BNM00065338,2025-07-15,31.5
BNM00065338,2025-07-16,28.22
BNM00065338,2025-07-17,28.78
BNM00065338,2025-07-18,29.0
BNM00065338,2025-07-19,30.28
BNM00065338,2025-07-20,26.78
BNM00065338,2025-07-21,29.0
BNM00065338,2025-07-22,26.89
BNM00065338,2025-07-23,28.28
BNM00065338,2025-07-24,29.78
BNM00065338,2025-07-25,28.78
BNM00065338,2025-07-26,29.5
BNM00065338,2025-07-27,29.28
BNM00065338,2025-07-28,27.5
BNM00065338,2025-07-29,28.39
BNM00065338,2025-07-30,29.61
BNM00065338,2025-07-31,26.5
BNM00065338,2025-08-01,29.61
BNM00065338,2025-08-02,31.78
BNM00065338,2025-08-03,33.39
BNM00065338,2025-08-04,27.5
BNM00065338,2025-08-05,26.78
BNM00065338,2025-08-06,26.89
BNM00065338,2025-08-07,26.11
BNM00065338,2025-08-08,27.39
BNM00065338,2025-08-09,28.0
BNM00065338,2025-08-10,28.22
BNM00065338,2025-08-11,30.39
BNM00065338,2025-08-12,29.72
BNM00065338,2025-08-13,28.22
BNM00065338,2025-08-14,28.28
BNM00065338,2025-08-15,29.61
BNM00065338,2025-08-16,27.11
BNM00065338,2025-08-17,27.78
BNM00065338,2025-08-18,28.11
BNM00065338,2025-08-19,28.11
BNM00065338,2025-08-20,30.78
BNM00065338,2025-08-21,30.11
BNM00065338,2025-08-22,27.5
BNM00065338,2025-08-23,28.28
BNM00065338,2025-08-24,30.22
BNM00065338,2025-08-25,
BNM00065338,2025-08-26,
BNM00065338,2025-08-27,
BNM00065338,2025-08-28,
BNM00065338,2025-08-29,
BNM00065338,2025-08-30,
BNM00065338,2025-08-31,
BNM00065338,2025-09-01,
BNM00065338,2025-09-02,
BNM00065338,2025-09-03,
BNM00065338,2025-09-04,
BNM00065338,2025-09-05,
BNM00065338,2025-09-06,
BNM00065338,2025-09-07,
BNM00065338,2025-09-08,
BNM00065338,2025-09-09,
BNM00065338,2025-09-10,
BNM00065338,2025-09-11,
BNM00065338,2025-09-12,
BNM00065338,2025-09-13,
BNM00065338,2025-09-14,
BNM00065338,2025-09-15,
BNM00065338,2025-09-16,
BNM00065338,2025-09-17,
BNM00065338,2025-09-18,
BNM00065338,2025-09-19,
BNM00065338,2025-09-20,
BNM00065338,2025-09-21,
BNM00065338,2025-09-22,
BNM00065338,2025-09-23,
BNM00065338,2025-09-24,
BNM00065338,2025-09-25,
BNM00065338,2025-09-26,
BNM00065338,2025-09-27,
BNM00065338,2025-09-28,
BNM00065338,2025-09-29,
BNM00065338,2025-09-30,
BNM00065338,2025-10-01,
BNM00065338,2025-10-02,
BNM00065338,2025-10-03,
BNM00065338,2025-10-04,
BNM00065338,2025-10-05,
BNM00065338,2025-10-06,
BNM00065338,2025-10-07,
BNM00065338,2025-10-08,
BNM00065338,2025-10-09,
BNM00065338,2025-10-10,
BNM00065338,2025-10-11,
BNM00065338,2025-10-12,
BNM00065338,2025-10-13,
BNM00065338,2025-10-14,
BNM00065338,2025-10-15,
BNM00065338,2025-10-16,
BNM00065338,2025-10-17,
BNM00065338,2025-10-18,
BNM00065338,2025-10-19,
BNM00065338,2025-10-20,
BNM00065338,2025-10-21,
BNM00065338,2025-10-22,
BNM00065338,2025-10-23,
BNM00065338,2025-10-24,
BNM00065338,2025-10-25,
BNM00065338,2025-10-26,
BNM00065338,2025-10-27,
BNM00065338,2025-10-28,
BNM00065338,2025-10-29,
BNM00065338,2025-10-30,
BNM00065338,2025-10-31,
BNM00065338,2025-11-01,
BNM00065338,2025-11-02,
BNM00065338,2025-11-03,
BNM00065338,2025-11-04,
BNM00065338,2025-11-05,
BNM00065338,2025-11-06,
BNM00065338,2025-11-07,
BNM00065338,2025-11-08,
BNM00065338,2025-11-09,
BNM00065338,2025-11-10,
BNM00065338,2025-11-11,
BNM00065338,2025-11-12,
BNM00065338,2025-11-13,
BNM00065338,2025-11-14,
BNM00065338,2025-11-15,
BNM00065338,2025-11-16,
BNM00065338,2025-11-17,
BNM00065338,2025-11-18,
BNM00065338,2025-11-19,
BNM00065338,2025-11-20,
BNM00065338,2025-11-21,
BNM00065338,2025-11-22,
BNM00065338,2025-11-23,
BNM00065338,2025-11-24,
BNM00065338,2025-11-25,
BNM00065338,2025-11-26,
BNM00065338,2025-11-27,
BNM00065338,2025-11-28,
BNM00065338,2025-11-29,
BNM00065338,2025-11-30,
BNM00065338,2025-12-01,
BNM00065338,2025-12-02,
BNM00065338,2025-12-03,
BNM00065338,2025-12-04,
BNM00065338,2025-12-05,
BNM00065338,2025-12-06,
BNM00065338,2025-12-07,
BNM00065338,2025-12-08,
BNM00065338,2025-12-09,
BNM00065338,2025-12-10,
BNM00065338,2025-12-11,
BNM00065338,2025-12-12,
BNM00065338,2025-12-13,
BNM00065338,2025-12-14,
BNM00065338,2025-12-15,
BNM00065338,2025-12-16,
BNM00065338,2025-12-17,
BNM00065338,2025-12-18,
BNM00065338,2025-12-19,
BNM00065338,2025-12-20,
BNM00065338,2025-12-21,
BNM00065338,2025-12-22,
BNM00065338,2025-12-23,
BNM00065338,2025-12-24,
BNM00065338,2025-12-25,
BNM00065338,2025-12-26,
BNM00065338,2025-12-27,
BNM00065338,2025-12-28,
BNM00065338,2025-12-29,
BNM00065338,2025-12-30,
BNM00065338,2025-12-31,
CAN06133362,2025-03-10,
CAN06133362,2025-04-14,
CAN06133362,2025-04-30,
CAN06133362,2025-05-01,
CAN06133362,2025-05-22,
CAN0613P001,2025-01-23,
CAN0613P001,2025-01-29,
CAN0613P001,2025-01-30,
CAN0613P001,2025-02-03,
CAN0613P001,2025-02-04,
CAN0613P001,2025-02-21,
CAN0613P001,2025-02-24,
CAN0613P001,2025-03-10,
CAN0613P001,2025-03-27,
CAN0613P001,2025-03-28,
CAN0613P001,2025-04-07,
CAN0613P001,2025-04-11,
CAN0613P001,2025-04-12,
CAN0613P001,2025-04-16,
CAN0613P001,2025-04-17,
CAN0613P001,2025-04-21,
CAN0613P001,2025-04-23,
CAN0613P001,2025-04-24,
CAN0613P001,2025-04-26,
CAN0613P001,2025-04-27,
CAN0613P001,2025-04-30,
CAN0613P001,2025-05-07,
CAN0613P001,2025-05-08,
CAN0613P001,2025-05-11,
CAN0613P001,2025-05-19,
CAN0613P001,2025-05-20,
CAN0613P001,2025-05-24,
CAN0613P001,2025-05-25,
CAN0613P001,2025-05-26,
CAN0613P001,2025-05-31,
CAN0613P001,2025-06-01,
CAN0613P001,2025-06-02,
CAN0613P001,2025-06-04,
CAN0613P001,2025-06-12,
CAN0613P001,2025-06-13,
CAN0613P001,2025-06-20,
CAN0613P001,2025-06-24,
CAN0613P001,2025-06-25,
CAN0613P001,2025-06-26,
CAN0613P001,2025-06-27,
CAN0613P001,2025-06-28,
CAN0613P001,2025-06-29,
CAN0613P001,2025-07-01,
CAN0613P001,2025-07-02,
CAN0613P001,2025-07-03,
CEM00043441,2025-01-01,
CEM00043441,2025-01-02,
CEM00043441,2025-01-03,
CEM00043441,2025-01-04,
CEM00043441,2025-01-05,
CEM00043441,2025-01-06,
CEM00043441,2025-01-07,
CEM00043441,2025-01-08,
CEM00043441,2025-01-09,
CEM00043441,2025-01-10,
CEM00043441,2025-01-11,
CEM00043441,2025-01-12,
CEM00043441,2025-01-14,
CEM00043441,2025-01-15,
CEM00043441,2025-01-16,
CEM00043441,2025-01-17,
CEM00043441,2025-01-18,
CEM00043441,2025-01-19,
CEM00043441,2025-01-20,
CEM00043441,2025-01-21,
CEM00043441,2025-01-23,
CEM00043441,2025-01-24,
CEM00043441,2025-01-27,
CEM00043441,2025-01-29,
CEM00043441,2025-01-30,
CEM00043441,2025-01-31,
CEM00043441,2025-02-01,
CEM00043441,2025-02-02,
CEM00043441,2025-02-03,
CEM00043441,2025-02-04,
CEM00043441,2025-02-08,
CEM00043441,2025-02-09,
CEM00043441,2025-02-10,
CEM00043441,2025-02-12,
CEM00043441,2025-02-13,
CEM00043441,2025-02-14,
CEM00043441,2025-02-15,
CEM00043441,2025-02-16,
CEM00043441,2025-02-17,
CEM00043441,2025-02-18,
CEM00043441,2025-02-19,
CEM00043441,2025-02-21,
CEM00043441,2025-02-22,
CEM00043441,2025-02-23,
CEM00043441,2025-02-24,
CEM00043441,2025-02-25,
CEM00043441,2025-02-26,
CEM00043441,2025-02-27,
CEM00043441,2025-03-01,
CEM00043441,2025-03-02,
CEM00043441,2025-03-03,
CEM00043441,2025-03-04,
CEM00043441,2025-03-05,
CEM00043441,2025-03-06,
CEM00043441,2025-03-07,
CEM00043441,2025-03-08,
CEM00043441,2025-03-09,
CEM00043441,2025-03-11,
CEM00043441,2025-03-12,
CEM00043441,2025-03-13,
CEM00043441,2025-03-14,
CEM00043441,2025-03-15,
CEM00043441,2025-03-16,
CEM00043441,2025-03-17,
CEM00043441,2025-03-18,
CEM00043441,2025-03-19,
CEM00043441,2025-03-20,
CEM00043441,2025-03-21,
CEM00043441,2025-03-22,
CEM00043441,2025-03-23,
CEM00043441,2025-03-24,
CEM00043441,2025-03-25,
CEM00043441,2025-03-26,
CEM00043441,2025-03-27,
CEM00043441,2025-03-29,
CEM00043441,2025-03-30,
CEM00043441,2025-03-31,
CEM00043441,2025-04-01,
CEM00043441,2025-04-02,
CEM00043441,2025-04-03,
CEM00043441,2025-04-04,
CEM00043441,2025-04-05,
CEM00043441,2025-04-06,
CEM00043441,2025-04-07,
CEM00043441,2025-04-08,
CEM00043441,2025-04-09,
CEM00043441,2025-04-10,
CEM00043441,2025-04-11,
CEM00043441,2025-04-12,
CEM00043441,2025-04-13,
CEM00043441,2025-04-14,
CEM00043441,2025-04-15,
CEM00043441,2025-04-16,
CEM00043441,2025-04-17,
CEM00043441,2025-04-18,
CEM00043441,2025-04-19,
CEM00043441,2025-04-20,
CEM00043441,2025-04-21,
CEM00043441,2025-04-22,
CEM00043441,2025-04-23,
CEM00043441,2025-04-24,
CEM00043441,2025-04-25,
CEM00043441,2025-04-26,
CEM00043441,2025-04-27,
CEM00043441,2025-04-28,
CEM00043441,2025-04-29,
CEM00043441,2025-04-30,
CEM00043441,2025-05-01,
CEM00043441,2025-05-02,
CEM00043441,2025-05-03,
CEM00043441,2025-05-04,
CEM00043441,2025-05-05,
CEM00043441,2025-05-06,
CEM00043441,2025-05-07,
CEM00043441,2025-05-08,
CEM00043441,2025-05-09,
CEM00043441,2025-05-10,
CEM00043441,2025-05-11,
CEM00043441,2025-05-13,
CEM00043441,2025-05-14,
CEM00043441,2025-05-15,
CEM00043441,2025-05-16,
CEM00043441,2025-05-17,
CEM00043441,2025-05-18,
CEM00043441,2025-05-19,
CEM00043441,2025-05-20,
CEM00043441,2025-05-21,
CEM00043441,2025-05-22,
CEM00043441,2025-05-23,
CEM00043441,2025-05-24,
CEM00043441,2025-05-25,
CEM00043441,2025-05-26,
CEM00043441,2025-05-27,
CEM00043441,2025-05-28,
CEM00043441,2025-05-29,
CEM00043441,2025-05-30,
CEM00043441,2025-05-31,
CEM00043441,2025-06-01,
CEM00043441,2025-06-02,
CEM00043441,2025-06-03,
CEM00043441,2025-06-04,
CEM00043441,2025-06-05,
CEM00043441,2025-06-06,
CEM00043441,2025-06-07,
CEM00043441,2025-06-09,
CEM00043441,2025-06-10,
CEM00043441,2025-06-11,
CEM00043441,2025-06-13,
CEM00043441,2025-06-14,
CEM00043441,2025-06-15,
CEM00043441,2025-06-16,
CEM00043441,2025-06-17,
CEM00043441,2025-06-18,
CEM00043441,2025-06-19,
CEM00043441,2025-06-20,
CEM00043441,2025-06-21,
CEM00043441,2025-06-22,
CEM00043441,2025-06-23,
CEM00043441,2025-06-24,
CEM00043441,2025-06-25,
CEM00043441,2025-06-26,
CEM00043441,2025-06-27,
CEM00043441,2025-06-28,
CEM00043441,2025-06-29,
CEM00043441,2025-06-30,
CEM00043441,2025-07-01,
CEM00043441,2025-07-02,
CEM00043441,2025-07-03,
CEM00043441,2025-07-04,
CEM00043441,2025-07-05,
CEM00043441,2025-07-06,
CEM00043441,2025-07-07,
CEM00043441,2025-07-08,
CEM00043441,2025-07-09,
CEM00043441,2025-07-10,
CEM00043441,2025-07-11,
CEM00043441,2025-07-12,
CEM00043441,2025-07-13,
CEM00043441,2025-07-15,
CEM00043441,2025-07-16,
CEM00043441,2025-07-17,
CEM00043441,2025-07-18,
CEM00043441,2025-07-19,
CEM00043441,2025-07-20,
CEM00043441,2025-07-22,
CEM00043441,2025-07-23,
CEM00043441,2025-07-24,
CEM00043441,2025-07-25,
CEM00043441,2025-07-26,
CEM00043441,2025-07-29,
CEM00043441,2025-07-30,
CEM00043441,2025-07-31,
CEM00043441,2025-08-01,
CEM00043441,2025-08-02,
CEM00043441,2025-08-04,
CEM00043441,2025-08-05,
CEM00043441,2025-08-06,
CEM00043441,2025-08-07,
CEM00043441,2025-08-08,
CEM00043441,2025-08-09,
CEM00043441,2025-08-10,
CEM00043441,2025-08-11,
CEM00043441,2025-08-12,
CEM00043441,2025-08-13,
CEM00043441,2025-08-14,
CEM00043441,2025-08-15,
CEM00043441,2025-08-16,
CEM00043441,2025-08-17,
CEM00043441,2025-08-18,
CEM00043441,2025-08-19,
CEM00043441,2025-08-20,
CEM00043441,2025-08-21,
CEM00043441,2025-08-22,
CEM00043441,2025-08-23,
CEM00043441,2025-08-24,
CEM00043441,2025-08-25,
CEM00043441,2025-08-26,
CEM00043441,2025-08-27,
CEM00043441,2025-08-28,
CEM00043441,2025-08-29,
CEM00043441,2025-09-04,
CEM00043441,2025-09-05,
CEM00043441,2025-09-06,
CEM00043441,2025-09-07,
CEM00043441,2025-09-08,
CEM00043441,2025-09-09,
CEM00043441,2025-09-10,
CEM00043441,2025-09-11,
CEM00043441,2025-09-12,
CEM00043441,2025-09-13,
CEM00043441,2025-09-14,
CEM00043441,2025-09-15,
CEM00043441,2025-09-16,
CEM00043441,2025-09-17,
CEM00043441,2025-09-18,
CEM00043441,2025-09-19,
CEM00043441,2025-09-20,
CEM00043441,2025-09-21,
CEM00043441,2025-09-22,
CEM00043441,2025-09-23,
CEM00043441,2025-09-24,
CEM00043441,2025-09-25,
CEM00043441,2025-09-26,
CEM00043441,2025-09-27,
CEM00043441,2025-09-28,
CEM00043441,2025-09-29,
CEM00043441,2025-09-30,
CEM00043441,2025-10-01,
CEM00043441,2025-10-02,
CEM00043441,2025-10-03,
CEM00043441,2025-10-04,
CEM00043441,2025-10-05,
CEM00043441,2025-10-06,
CEM00043441,2025-10-07,
CEM00043441,2025-10-08,
CEM00043441,2025-10-09,
CEM00043441,2025-10-10,
CEM00043441,2025-10-11,
CEM00043441,2025-10-12,
CEM00043441,2025-10-13,
CEM00043441,2025-10-14,
CEM00043441,2025-10-15,
CEM00043441,2025-10-16,
CEM00043441,2025-10-17,
CEM00043441,2025-10-18,
CEM00043441,2025-10-19,
CEM00043441,2025-10-20,
CEM00043441,2025-10-21,
CEM00043441,2025-10-22,
CEM00043441,2025-10-23,
CEM00043441,2025-10-24,
CEM00043441,2025-10-25,
CEM00043441,2025-10-26,
CEM00043441,2025-10-27,
CEM00043441,2025-10-28,
CEM00043441,2025-10-29,
CEM00043441,2025-10-30,
CEM00043441,2025-10-31,
CEM00043441,2025-11-01,
CEM00043441,2025-11-02,
CEM00043441,2025-11-03,
CEM00043441,2025-11-04,
CEM00043441,2025-11-05,
CEM00043441,2025-11-06,
CEM00043441,2025-11-07,
CEM00043441,2025-11-08,
CEM00043441,2025-11-09,
CEM00043441,2025-11-10,
CEM00043441,2025-11-11,
CEM00043441,2025-11-12,
CEM00043441,2025-11-13,
CEM00043441,2025-11-14,
CEM00043441,2025-11-15,
CEM00043441,2025-11-16,
CEM00043441,2025-11-17,
CEM00043441,2025-11-18,
CEM00043441,2025-11-19,
CEM00043441,2025-11-20,
CEM00043441,2025-11-21,
CEM00043441,2025-11-22,
CEM00043441,2025-11-23,
CEM00043441,2025-11-24,
CEM00043441,2025-11-25,
CEM00043441,2025-11-26,
CEM00043441,2025-11-27,
CEM00043441,2025-11-28,
CEM00043441,2025-11-29,
CEM00043441,2025-11-30,
CEM00043441,2025-12-01,
CEM00043441,2025-12-02,
CEM00043441,2025-12-03,
CEM00043441,2025-12-04,
CEM00043441,2025-12-05,
CEM00043441,2025-12-06,
CEM00043441,2025-12-07,
CEM00043441,2025-12-08,
CEM00043441,2025-12-09,
CEM00043441,2025-12-10,
CEM00043441,2025-12-11,
CEM00043441,2025-12-12,
CEM00043441,2025-12-13,
CEM00043441,2025-12-14,
CEM00043441,2025-12-15,
CEM00043441,2025-12-16,
CEM00043441,2025-12-17,
CEM00043441,2025-12-18,
CEM00043441,2025-12-19,
CEM00043441,2025-12-20,
CEM00043441,2025-12-21,
CEM00043441,2025-12-22,
CEM00043441,2025-12-24,
CEM00043441,2025-12-25,
CEM00043441,2025-12-26,
CEM00043441,2025-12-27,
CEM00043441,2025-12-28,
CEM00043441,2025-12-29,
CEM00043441,2025-12-30,
CEM00043441,2025-12-31,
CEM00043466,2025-01-01,29.72
CEM00043466,2025-01-02,29.72
CEM00043466,2025-01-03,31.61
CEM00043466,2025-01-04,30.22
CEM00043466,2025-01-05,31.11
CEM00043466,2025-01-06,31.11
CEM00043466,2025-01-07,30.72
CEM00043466,2025-01-08,30.61
CEM00043466,2025-01-09,31.78
CEM00043466,2025-01-10,33.39
CEM00043466,2025-01-11,30.11
CEM00043466,2025-01-12,27.28
CEM00043466,2025-01-13,
CEM00043466,2025-01-14,30.0
CEM00043466,2025-01-15,31.28
CEM00043466,2025-01-16,31.22
CEM00043466,2025-01-17,32.72
CEM00043466,2025-01-18,31.11
CEM00043466,2025-01-19,27.5
CEM00043466,2025-01-20,32.78
CEM00043466,2025-01-21,32.78
CEM00043466,2025-01-22,30.28
CEM00043466,2025-01-23,30.78
CEM00043466,2025-01-24,30.78
CEM00043466,2025-01-25,29.5
CEM00043466,2025-01-26,31.78
CEM00043466,2025-01-27,31.78
CEM00043466,2025-01-28,30.89
CEM00043466,2025-01-29,29.39
CEM00043466,2025-01-30,31.11
CEM00043466,2025-01-31,31.78
CEM00043466,2025-02-01,31.78
CEM00043466,2025-02-02,34.11
CEM00043466,2025-02-03,34.11
CEM00043466,2025-02-04,32.11
CEM00043466,2025-02-05,31.28
CEM00043466,2025-02-06,31.5
CEM00043466,2025-02-07,32.39
CEM00043466,2025-02-08,34.5
CEM00043466,2025-02-09,34.5
CEM00043466,2025-02-10,33.5
CEM00043466,2025-02-11,32.61
CEM00043466,2025-02-12,32.61
CEM00043466,2025-02-13,32.5
CEM00043466,2025-02-14,32.5
CEM00043466,2025-02-15,32.11
CEM00043466,2025-02-16,32.11
CEM00043466,2025-02-17,32.61
CEM00043466,2025-02-18,32.61
CEM00043466,2025-02-19,31.61
CEM00043466,2025-02-20,32.11
CEM00043466,2025-02-21,32.5
CEM00043466,2025-02-22,32.61
CEM00043466,2025-02-23,32.61
CEM00043466,2025-02-24,33.22
CEM00043466,2025-02-25,34.39
CEM00043466,2025-02-26,34.39
CEM00043466,2025-02-27,34.28
CEM00043466,2025-02-28,33.39
CEM00043466,2025-03-01,30.89
CEM00043466,2025-03-02,31.22
CEM00043466,2025-03-03,31.22
CEM00043466,2025-03-04,30.89
CEM00043466,2025-03-05,31.72
CEM00043466,2025-03-06,31.72
CEM00043466,2025-03-07,31.61
CEM00043466,2025-03-08,31.61
CEM00043466,2025-03-09,32.39
CEM00043466,2025-03-10,32.39
CEM00043466,2025-03-11,32.0
CEM00043466,2025-03-12,32.5
CEM00043466,2025-03-13,32.5
CEM00043466,2025-03-14,32.0
CEM00043466,2025-03-15,31.89
CEM00043466,2025-03-16,32.0
CEM00043466,2025-03-17,31.28
CEM00043466,2025-03-18,31.61
CEM00043466,2025-03-19,31.89
CEM00043466,2025-03-20,31.89
CEM00043466,2025-03-21,31.78
CEM00043466,2025-03-22,31.78
CEM00043466,2025-03-23,31.39
CEM00043466,2025-03-24,31.61
CEM00043466,2025-03-25,31.72
CEM00043466,2025-03-26,32.0
CEM00043466,2025-03-27,32.0
CEM00043466,2025-03-28,32.11
CEM00043466,2025-03-29,32.11
CEM00043466,2025-03-30,32.11
CEM00043466,2025-03-31,31.89
CEM00043466,2025-04-01,32.72
CEM00043466,2025-04-02,32.72
CEM00043466,2025-04-03,32.39
CEM00043466,2025-04-04,32.11
CEM00043466,2025-04-05,31.5
CEM00043466,2025-04-06,31.5
CEM00043466,2025-04-07,31.5
CEM00043466,2025-04-08,32.5
CEM00043466,2025-04-09,32.5
CEM00043466,2025-04-10,31.39
CEM00043466,2025-04-11,31.11
CEM00043466,2025-04-12,32.28
CEM00043466,2025-04-13,32.28
CEM00043466,2025-04-14,32.72
CEM00043466,2025-04-15,32.72
CEM00043466,2025-04-16,32.11
CEM00043466,2025-04-17,32.5
CEM00043466,2025-04-18,32.5
CEM00043466,2025-04-19,32.28
CEM00043466,2025-04-20,32.22
CEM00043466,2025-04-21,32.22
CEM00043466,2025-04-22,31.78
CEM00043466,2025-04-23,31.72
CEM00043466,2025-04-24,32.39
CEM00043466,2025-04-25,32.39
CEM00043466,2025-04-26,32.39
CEM00043466,2025-04-27,32.39
CEM00043466,2025-04-28,31.5
CEM00043466,2025-04-29,32.39
CEM00043466,2025-04-30,32.39
CEM00043466,2025-05-01,31.5
CEM00043466,2025-05-02,31.78
CEM00043466,2025-05-03,31.78
CEM00043466,2025-05-04,32.22
CEM00043466,2025-05-05,32.22
CEM00043466,2025-05-06,32.39
CEM00043466,2025-05-07,31.72
CEM00043466,2025-05-08,31.28
CEM00043466,2025-05-09,32.0
CEM00043466,2025-05-10,32.28
CEM00043466,2025-05-11,32.28
CEM00043466,2025-05-12,32.28
CEM00043466,2025-05-13,32.28
CEM00043466,2025-05-14,32.22
CEM00043466,2025-05-15,32.22
CEM00043466,2025-05-16,32.22
CEM00043466,2025-05-17,31.22
CEM00043466,2025-05-18,31.22
CEM00043466,2025-05-19,31.22
CEM00043466,2025-05-20,31.61
CEM00043466,2025-05-21,31.61
CEM00043466,2025-05-22,31.78
CEM00043466,2025-05-23,31.78
CEM00043466,2025-05-24,31.72
CEM00043466,2025-05-25,30.89
CEM00043466,2025-05-26,30.89
CEM00043466,2025-05-27,30.78
CEM00043466,2025-05-28,31.0
CEM00043466,2025-05-29,31.89
CEM00043466,2025-05-30,31.89
CEM00043466,2025-05-31,31.0
CEM00043466,2025-06-01,31.11
CEM00043466,2025-06-02,31.39
CEM00043466,2025-06-03,31.5
CEM00043466,2025-06-04,31.5
CEM00043466,2025-06-05,31.5
CEM00043466,2025-06-06,31.89
CEM00043466,2025-06-07,31.89
CEM00043466,2025-06-08,31.5
CEM00043466,2025-06-09,31.5
CEM00043466,2025-06-10,31.22
CEM00043466,2025-06-11,31.11
CEM00043466,2025-06-12,31.11
CEM00043466,2025-06-13,31.11
CEM00043466,2025-06-14,31.11
CEM00043466,2025-06-15,30.22
CEM00043466,2025-06-16,30.22
CEM00043466,2025-06-17,30.61
CEM00043466,2025-06-18,30.78
CEM00043466,2025-06-19,31.0
CEM00043466,2025-06-20,30.89
CEM00043466,2025-06-21,30.89
CEM00043466,2025-06-22,30.89
CEM00043466,2025-06-23,30.78
CEM00043466,2025-06-24,30.89
CEM00043466,2025-06-25,30.89
CEM00043466,2025-06-26,31.28
CEM00043466,2025-06-27,31.28
CEM00043466,2025-06-28,30.61
CEM00043466,2025-06-29,30.78
CEM00043466,2025-06-30,31.22
CEM00043466,2025-07-01,31.22
CEM00043466,2025-07-02,31.39
CEM00043466,2025-07-03,31.39
CEM00043466,2025-07-04,31.11
CEM00043466,2025-07-05,31.39
CEM00043466,2025-07-06,31.39
CEM00043466,2025-07-07,32.0
CEM00043466,2025-07-08,32.0
CEM00043466,2025-07-09,32.0
CEM00043466,2025-07-10,31.72
CEM00043466,2025-07-11,31.61
CEM00043466,2025-07-12,31.61
CEM00043466,2025-07-13,31.5
CEM00043466,2025-07-14,31.5
CEM00043466,2025-07-15,31.11
CEM00043466,2025-07-16,31.0
CEM00043466,2025-07-17,31.0
CEM00043466,2025-07-18,30.5
CEM00043466,2025-07-19,30.5
CEM00043466,2025-07-20,29.39
CEM00043466,2025-07-21,29.28
CEM00043466,2025-07-22,29.5
CEM00043466,2025-07-23,29.5
CEM00043466,2025-07-24,29.28
CEM00043466,2025-07-25,29.72
CEM00043466,2025-07-26,29.72
CEM00043466,2025-07-27,30.28
CEM00043466,2025-07-28,29.78
CEM00043466,2025-07-29,29.89
CEM00043466,2025-07-30,31.39
CEM00043466,2025-07-31,31.39
CEM00043466,2025-08-01,29.28
CEM00043466,2025-08-02,29.28
CEM00043466,2025-08-03,28.5
CEM00043466,2025-08-04,28.89
CEM00043466,2025-08-05,29.28
CEM00043466,2025-08-06,30.89
CEM00043466,2025-08-07,30.89
CEM00043466,2025-08-08,31.0
CEM00043466,2025-08-09,31.5
CEM00043466,2025-08-10,31.5
CEM00043466,2025-08-11,31.0
CEM00043466,2025-08-12,30.0
CEM00043466,2025-08-13,30.89
CEM00043466,2025-08-14,30.89
CEM00043466,2025-08-15,31.0
CEM00043466,2025-08-16,31.28
CEM00043466,2025-08-17,31.28
CEM00043466,2025-08-18,31.11
CEM00043466,2025-08-19,30.78
CEM00043466,2025-08-20,30.39
CEM00043466,2025-08-21,
CEM00043466,2025-08-22,
CEM00043466,2025-08-23,31.0
CEM00043466,2025-08-24,
CEM00043466,2025-08-25,
CEM00043466,2025-08-26,
CEM00043466,2025-08-27,
CEM00043466,2025-08-28,
CEM00043466,2025-08-29,
CEM00043466,2025-08-30,
CEM00043466,2025-08-31,
CEM00043466,2025-09-01,
CEM00043466,2025-09-02,
CEM00043466,2025-09-03,
CEM00043466,2025-09-04,
CEM00043466,2025-09-05,
CEM00043466,2025-09-06,
CEM00043466,2025-09-07,
CEM00043466,2025-09-08,
CEM00043466,2025-09-09,
CEM00043466,2025-09-10,
CEM00043466,2025-09-11,
CEM00043466,2025-09-12,
CEM00043466,2025-09-13,
CEM00043466,2025-09-14,
CEM00043466,2025-09-15,
CEM00043466,2025-09-16,
CEM00043466,2025-09-17,
CEM00043466,2025-09-18,
CEM00043466,2025-09-19,
CEM00043466,2025-09-20,
CEM00043466,2025-09-21,
CEM00043466,2025-09-22,
CEM00043466,2025-09-23,
CEM00043466,2025-09-24,
CEM00043466,2025-09-25,
CEM00043466,2025-09-26,
CEM00043466,2025-09-27,
CEM00043466,2025-09-28,
CEM00043466,2025-09-29,
CEM00043466,2025-09-30,
CEM00043466,2025-10-01,
CEM00043466,2025-10-02,
CEM00043466,2025-10-03,
CEM00043466,2025-10-04,
CEM00043466,2025-10-05,
CEM00043466,2025-10-06,
CEM00043466,2025-10-07,
CEM00043466,2025-10-08,
CEM00043466,2025-10-09,
CEM00043466,2025-10-10,
CEM00043466,2025-10-11,
CEM00043466,2025-10-12,
CEM00043466,2025-10-13,
CEM00043466,2025-10-14,
CEM00043466,2025-10-15,
CEM00043466,2025-10-16,
CEM00043466,2025-10-17,
CEM00043466,2025-10-18,
CEM00043466,2025-10-19,
CEM00043466,2025-10-20,
CEM00043466,2025-10-21,
CEM00043466,2025-10-22,
CEM00043466,2025-10-23,
CEM00043466,2025-10-24,
CEM00043466,2025-10-25,
CEM00043466,2025-10-26,
CEM00043466,2025-10-27,
CEM00043466,2025-10-28,
CEM00043466,2025-10-29,
CEM00043466,2025-10-30,
CEM00043466,2025-10-31,
CEM00043466,2025-11-01,
CEM00043466,2025-11-02,
CEM00043466,2025-11-03,
CEM00043466,2025-11-04,
CEM00043466,2025-11-05,
CEM00043466,2025-11-06,
CEM00043466,2025-11-07,
CEM00043466,2025-11-08,
CEM00043466,2025-11-09,
CEM00043466,2025-11-10,
CEM00043466,2025-11-11,
CEM00043466,2025-11-12,
CEM00043466,2025-11-13,
CEM00043466,2025-11-14,
CEM00043466,2025-11-15,
CEM00043466,2025-11-16,
CEM00043466,2025-11-17,
CEM00043466,2025-11-18,
CEM00043466,2025-11-19,
CEM00043466,2025-11-20,
CEM00043466,2025-11-21,
CEM00043466,2025-11-22,
CEM00043466,2025-11-23,
CEM00043466,2025-11-24,
CEM00043466,2025-11-25,
CEM00043466,2025-11-26,
CEM00043466,2025-11-27,
CEM00043466,2025-11-28,
CEM00043466,2025-11-29,
CEM00043466,2025-11-30,
CEM00043466,2025-12-01,
CEM00043466,2025-12-02,
CEM00043466,2025-12-03,
CEM00043466,2025-12-04,
CEM00043466,2025-12-05,
CEM00043466,2025-12-06,
CEM00043466,2025-12-07,
CEM00043466,2025-12-08,
CEM00043466,2025-12-09,
CEM00043466,2025-12-10,
CEM00043466,2025-12-11,
CEM00043466,2025-12-12,
CEM00043466,2025-12-13,
CEM00043466,2025-12-14,
CEM00043466,2025-12-15,
CEM00043466,2025-12-16,
CEM00043466,2025-12-17,
CEM00043466,2025-12-18,
CEM00043466,2025-12-19,
CEM00043466,2025-12-20,
CEM00043466,2025-12-21,
CEM00043466,2025-12-22,
CEM00043466,2025-12-23,
CEM00043466,2025-12-24,
CEM00043466,2025-12-25,
CEM00043466,2025-12-26,
CEM00043466,2025-12-27,
CEM00043466,2025-12-28,
CEM00043466,2025-12-29,
CEM00043466,2025-12-30,
CEM00043466,2025-12-31,
CHM00050788,2025-01-01,-12.11
CHM00050788,2025-01-02,-12.11
CHM00050788,2025-01-03,-13.61
CHM00050788,2025-01-04,-15.11
CHM00050788,2025-01-05,-20.61
CHM00050788,2025-01-06,-17.89
CHM00050788,2025-01-07,-17.89
CHM00050788,2025-01-08,-19.11
CHM00050788,2025-01-09,-14.0
CHM00050788,2025-01-10,-13.0
CHM00050788,2025-01-11,-13.0
CHM00050788,2025-01-12,-13.61
CHM00050788,2025-01-13,-14.78
CHM00050788,2025-01-14,-14.22
CHM00050788,2025-01-15,-14.22
CHM00050788,2025-01-16,-16.22
CHM00050788,2025-01-17,-16.22
CHM00050788,2025-01-18,-11.28
CHM00050788,2025-01-19,-11.28
CHM00050788,2025-01-20,-12.61
CHM00050788,2025-01-21,-11.78
CHM00050788,2025-01-22,-11.78
CHM00050788,2025-01-23,-13.28
CHM00050788,2025-01-24,-11.5
CHM00050788,2025-01-25,-11.11
CHM00050788,2025-01-26,-11.11
CHM00050788,2025-01-27,-13.11
CHM00050788,2025-01-28,-8.61
CHM00050788,2025-01-29,-8.61
CHM00050788,2025-01-30,-10.39
CHM00050788,2025-01-31,-13.0
CHM00050788,2025-02-01,-13.11
CHM00050788,2025-02-02,-13.0
CHM00050788,2025-02-03,-13.0
CHM00050788,2025-02-04,-15.61
CHM00050788,2025-02-05,-16.11
CHM00050788,2025-02-06,-13.89
CHM00050788,2025-02-07,-7.78
CHM00050788,2025-02-08,-7.5
CHM00050788,2025-02-09,-7.5
CHM00050788,2025-02-10,-12.39
CHM00050788,2025-02-11,-10.39
CHM00050788,2025-02-12,-10.11
CHM00050788,2025-02-13,-7.78
CHM00050788,2025-02-14,-5.0
CHM00050788,2025-02-15,-5.0
CHM00050788,2025-02-16,-6.11
CHM00050788,2025-02-17,-6.89
CHM00050788,2025-02-18,-10.11
CHM00050788,2025-02-19,-10.28
CHM00050788,2025-02-20,-10.28
CHM00050788,2025-02-21,-10.22
CHM00050788,2025-02-22,-9.78
CHM00050788,2025-02-23,-6.0
CHM00050788,2025-02-24,-3.11
CHM00050788,2025-02-25,0.61
CHM00050788,2025-02-26,0.61
CHM00050788,2025-02-27,-3.11
CHM00050788,2025-02-28,0.61
CHM00050788,2025-03-01,0.61
CHM00050788,2025-03-02,-8.0
CHM00050788,2025-03-03,-8.5
CHM00050788,2025-03-04,-6.39
CHM00050788,2025-03-05,-2.89
CHM00050788,2025-03-06,-2.89
CHM00050788,2025-03-07,-4.61
CHM00050788,2025-03-08,-4.39
CHM00050788,2025-03-09,-0.28
CHM00050788,2025-03-10,6.0
CHM00050788,2025-03-11,6.0
CHM00050788,2025-03-12,5.78
CHM00050788,2025-03-13,2.61
CHM00050788,2025-03-14,-0.89
CHM00050788,2025-03-15,-2.22
CHM00050788,2025-03-16,-3.0
CHM00050788,2025-03-17,-4.39
CHM00050788,2025-03-18,-2.11
CHM00050788,2025-03-19,0.5
CHM00050788,2025-03-20,8.22
CHM00050788,2025-03-21,8.22
CHM00050788,2025-03-22,5.78
CHM00050788,2025-03-23,3.22
CHM00050788,2025-03-24,7.72
CHM00050788,2025-03-25,7.72
CHM00050788,2025-03-26,2.89
CHM00050788,2025-03-27,2.89
CHM00050788,2025-03-28,1.39
CHM00050788,2025-03-29,1.11
CHM00050788,2025-03-30,0.22
CHM00050788,2025-03-31,4.11
CHM00050788,2025-04-01,8.89
CHM00050788,2025-04-02,10.22
CHM00050788,2025-04-03,10.22
CHM00050788,2025-04-04,10.78
CHM00050788,2025-04-05,13.61
CHM00050788,2025-04-06,13.61
CHM00050788,2025-04-07,14.78
CHM00050788,2025-04-08,16.61
CHM00050788,2025-04-09,20.5
CHM00050788,2025-04-10,20.89
CHM00050788,2025-04-11,20.89
CHM00050788,2025-04-12,22.39
CHM00050788,2025-04-13,22.39
CHM00050788,2025-04-14,17.39
CHM00050788,2025-04-15,14.0
CHM00050788,2025-04-16,12.11
CHM00050788,2025-04-17,15.11
CHM00050788,2025-04-18,15.11
CHM00050788,2025-04-19,16.22
CHM00050788,2025-04-20,16.22
CHM00050788,2025-04-21,14.22
CHM00050788,2025-04-22,14.22
CHM00050788,2025-04-23,15.22
CHM00050788,2025-04-24,15.22
CHM00050788,2025-04-25,10.11
CHM00050788,2025-04-26,10.11
CHM00050788,2025-04-27,10.0
CHM00050788,2025-04-28,10.61
CHM00050788,2025-04-29,15.22
CHM00050788,2025-04-30,15.22
CHM00050788,2025-05-01,14.5
CHM00050788,2025-05-02,14.5
CHM00050788,2025-05-03,16.5
CHM00050788,2025-05-04,16.5
CHM00050788,2025-05-05,15.22
CHM00050788,2025-05-06,17.39
CHM00050788,2025-05-07,18.0
CHM00050788,2025-05-08,20.0
CHM00050788,2025-05-09,20.0
CHM00050788,2025-05-10,19.78
CHM00050788,2025-05-11,25.0
CHM00050788,2025-05-12,25.0
CHM00050788,2025-05-13,23.0
CHM00050788,2025-05-14,23.0
CHM00050788,2025-05-15,23.0
CHM00050788,2025-05-16,20.22
CHM00050788,2025-05-17,26.11
CHM00050788,2025-05-18,26.11
CHM00050788,2025-05-19,15.11
CHM00050788,2025-05-20,18.28
CHM00050788,2025-05-21,18.28
CHM00050788,2025-05-22,17.78
CHM00050788,2025-05-23,20.28
CHM00050788,2025-05-24,20.28
CHM00050788,2025-05-25,18.61
CHM00050788,2025-05-26,24.61
CHM00050788,2025-05-27,27.61
CHM00050788,2025-05-28,30.39
CHM00050788,2025-05-29,30.39
CHM00050788,2025-05-30,32.0
CHM00050788,2025-05-31,33.61
CHM00050788,2025-06-01,33.61
CHM00050788,2025-06-02,26.11
CHM00050788,2025-06-03,26.11
CHM00050788,2025-06-04,18.28
CHM00050788,2025-06-05,20.22
CHM00050788,2025-06-06,21.22
CHM00050788,2025-06-07,21.22
CHM00050788,2025-06-08,24.5
CHM00050788,2025-06-09,24.5
CHM00050788,2025-06-10,21.61
CHM00050788,2025-06-11,23.78
CHM00050788,2025-06-12,29.61
CHM00050788,2025-06-13,29.61
CHM00050788,2025-06-14,28.39
CHM00050788,2025-06-15,28.39
CHM00050788,2025-06-16,28.39
CHM00050788,2025-06-17,25.22
CHM00050788,2025-06-18,28.11
CHM00050788,2025-06-19,28.11
CHM00050788,2025-06-20,26.61
CHM00050788,2025-06-21,23.11
CHM00050788,2025-06-22,26.5
CHM00050788,2025-06-23,29.72
CHM00050788,2025-06-24,32.39
CHM00050788,2025-06-25,32.39
CHM00050788,2025-06-26,33.61
CHM00050788,2025-06-27,34.28
CHM00050788,2025-06-28,36.0
CHM00050788,2025-06-29,36.0
CHM00050788,2025-06-30,31.22
CHM00050788,2025-07-01,31.22
CHM00050788,2025-07-02,30.72
CHM00050788,2025-07-03,32.11
CHM00050788,2025-07-04,32.89
CHM00050788,2025-07-05,32.89
CHM00050788,2025-07-06,31.11
CHM00050788,2025-07-07,30.39
CHM00050788,2025-07-08,28.78
CHM00050788,2025-07-09,28.78
CHM00050788,2025-07-10,27.11
CHM00050788,2025-07-11,30.5
CHM00050788,2025-07-12,33.61
CHM00050788,2025-07-13,33.61
CHM00050788,2025-07-14,28.61
CHM00050788,2025-07-15,30.22
CHM00050788,2025-07-16,30.22
CHM00050788,2025-07-17,28.72
CHM00050788,2025-07-18,28.72
CHM00050788,2025-07-19,30.5
CHM00050788,2025-07-20,31.11
CHM00050788,2025-07-21,31.11
CHM00050788,2025-07-22,32.78
CHM00050788,2025-07-23,33.28
CHM00050788,2025-07-24,33.28
CHM00050788,2025-07-25,33.22
CHM00050788,2025-07-26,31.39
CHM00050788,2025-07-27,31.28
CHM00050788,2025-07-28,31.28
CHM00050788,2025-07-29,30.28
CHM00050788,2025-07-30,30.28
CHM00050788,2025-07-31,30.39
CHM00050788,2025-08-01,30.72
CHM00050788,2025-08-02,30.72
CHM00050788,2025-08-03,29.72
CHM00050788,2025-08-04,29.11
CHM00050788,2025-08-05,30.5
CHM00050788,2025-08-06,30.5
CHM00050788,2025-08-07,26.39
CHM00050788,2025-08-08,25.5
CHM00050788,2025-08-09,26.11
CHM00050788,2025-08-10,26.11
CHM00050788,2025-08-11,24.72
CHM00050788,2025-08-12,26.89
CHM00050788,2025-08-13,28.11
CHM00050788,2025-08-14,28.39
CHM00050788,2025-08-15,30.39
CHM00050788,2025-08-16,30.39
CHM00050788,2025-08-17,26.39
CHM00050788,2025-08-18,24.11
CHM00050788,2025-08-19,24.11
CHM00050788,2025-08-20,24.72
CHM00050788,2025-08-21,24.72
CHM00050788,2025-08-22,24.61
CHM00050788,2025-08-23,22.78
CHM00050788,2025-08-24,27.0
CHM00050788,2025-08-25,
CHM00050788,2025-08-26,
CHM00050788,2025-08-27,
CHM00050788,2025-08-28,
CHM00050788,2025-08-29,
CHM00050788,2025-08-30,
CHM00050788,2025-08-31,
CHM00050788,2025-09-01,
CHM00050788,2025-09-02,
CHM00050788,2025-09-03,
CHM00050788,2025-09-04,
CHM00050788,2025-09-05,
CHM00050788,2025-09-06,
CHM00050788,2025-09-07,
CHM00050788,2025-09-08,
CHM00050788,2025-09-09,
CHM00050788,2025-09-10,
CHM00050788,2025-09-11,
CHM00050788,2025-09-12,
CHM00050788,2025-09-13,
CHM00050788,2025-09-14,
CHM00050788,2025-09-15,
CHM00050788,2025-09-16,
CHM00050788,2025-09-17,
CHM00050788,2025-09-18,
CHM00050788,2025-09-19,
CHM00050788,2025-09-20,
CHM00050788,2025-09-21,
CHM00050788,2025-09-22,
CHM00050788,2025-09-23,
CHM00050788,2025-09-24,
CHM00050788,2025-09-25,
CHM00050788,2025-09-26,
CHM00050788,2025-09-27,
CHM00050788,2025-09-28,
CHM00050788,2025-09-29,
CHM00050788,2025-09-30,
CHM00050788,2025-10-01,
CHM00050788,2025-10-02,
CHM00050788,2025-10-03,
CHM00050788,2025-10-04,
CHM00050788,2025-10-05,
CHM00050788,2025-10-06,
CHM00050788,2025-10-07,
CHM00050788,2025-10-08,
CHM00050788,2025-10-09,
CHM00050788,2025-10-10,
CHM00050788,2025-10-11,
CHM00050788,2025-10-12,
CHM00050788,2025-10-13,
CHM00050788,2025-10-14,
CHM00050788,2025-10-15,
CHM00050788,2025-10-16,
CHM00050788,2025-10-17,
CHM00050788,2025-10-18,
CHM00050788,2025-10-19,
CHM00050788,2025-10-20,
CHM00050788,2025-10-21,
CHM00050788,2025-10-22,
CHM00050788,2025-10-23,
CHM00050788,2025-10-24,
CHM00050788,2025-10-25,
CHM00050788,2025-10-26,
CHM00050788,2025-10-27,
CHM00050788,2025-10-28,
CHM00050788,2025-10-29,
CHM00050788,2025-10-30,
CHM00050788,2025-10-31,
CHM00050788,2025-11-01,
CHM00050788,2025-11-02,
CHM00050788,2025-11-03,
CHM00050788,2025-11-04,
CHM00050788,2025-11-05,
CHM00050788,2025-11-06,
CHM00050788,2025-11-07,
CHM00050788,2025-11-08,
CHM00050788,2025-11-09,
CHM00050788,2025-11-10,
CHM00050788,2025-11-11,
CHM00050788,2025-11-12,
CHM00050788,2025-11-13,
CHM00050788,2025-11-14,
CHM00050788,2025-11-15,
CHM00050788,2025-11-16,
CHM00050788,2025-11-17,
CHM00050788,2025-11-18,
CHM00050788,2025-11-19,
CHM00050788,2025-11-20,
CHM00050788,2025-11-21,
CHM00050788,2025-11-22,
CHM00050788,2025-11-23,
CHM00050788,2025-11-24,
CHM00050788,2025-11-25,
CHM00050788,2025-11-26,
CHM00050788,2025-11-27,
CHM00050788,2025-11-28,
CHM00050788,2025-11-29,
CHM00050788,2025-11-30,
CHM00050788,2025-12-01,
CHM00050788,2025-12-02,
CHM00050788,2025-12-03,
CHM00050788,2025-12-04,
CHM00050788,2025-12-05,
CHM00050788,2025-12-06,
CHM00050788,2025-12-07,
CHM00050788,2025-12-08,
CHM00050788,2025-12-09,
CHM00050788,2025-12-10,
CHM00050788,2025-12-11,
CHM00050788,2025-12-12,
CHM00050788,2025-12-13,
CHM00050788,2025-12-14,
CHM00050788,2025-12-15,
CHM00050788,2025-12-16,
CHM00050788,2025-12-17,
CHM00050788,2025-12-18,
CHM00050788,2025-12-19,
CHM00050788,2025-12-20,
CHM00050788,2025-12-21,
CHM00050788,2025-12-22,
CHM00050788,2025-12-23,
CHM00050788,2025-12-24,
CHM00050788,2025-12-25,
CHM00050788,2025-12-26,
CHM00050788,2025-12-27,
CHM00050788,2025-12-28,
CHM00050788,2025-12-29,
CHM00050788,2025-12-30,
CHM00050788,2025-12-31,
CHM00050854,2025-01-01,-11.11
CHM00050854,2025-01-02,-10.22
CHM00050854,2025-01-03,-10.22
CHM00050854,2025-01-04,-11.5
CHM00050854,2025-01-05,-14.5
CHM00050854,2025-01-06,-14.11
CHM00050854,2025-01-07,-14.11
CHM00050854,2025-01-08,-14.61
CHM00050854,2025-01-09,-10.89
CHM00050854,2025-01-10,-10.89
CHM00050854,2025-01-11,-10.89
CHM00050854,2025-01-12,-11.61
CHM00050854,2025-01-13,-11.5
CHM00050854,2025-01-14,-11.61
CHM00050854,2025-01-15,-9.61
CHM00050854,2025-01-16,-9.61
CHM00050854,2025-01-17,-4.61
CHM00050854,2025-01-18,-4.61
CHM00050854,2025-01-19,-5.72
CHM00050854,2025-01-20,-9.78
CHM00050854,2025-01-21,-8.89
CHM00050854,2025-01-22,-8.89
CHM00050854,2025-01-23,-10.11
CHM00050854,2025-01-24,-9.11
CHM00050854,2025-01-25,-9.11
CHM00050854,2025-01-26,-11.22
CHM00050854,2025-01-27,-10.11
CHM00050854,2025-01-28,-10.11
CHM00050854,2025-01-29,-11.61
CHM00050854,2025-01-30,-11.78
CHM00050854,2025-01-31,-13.22
CHM00050854,2025-02-01,-11.61
CHM00050854,2025-02-02,-11.61
CHM00050854,2025-02-03,-12.0
CHM00050854,2025-02-04,-16.72
CHM00050854,2025-02-05,-16.89
CHM00050854,2025-02-06,-17.28
CHM00050854,2025-02-07,-9.11
CHM00050854,2025-02-08,-9.11
CHM00050854,2025-02-09,-9.72
CHM00050854,2025-02-10,-11.78
CHM00050854,2025-02-11,-6.0
CHM00050854,2025-02-12,-6.0
CHM00050854,2025-02-13,-5.78
CHM00050854,2025-02-14,-0.5
CHM00050854,2025-02-15,-0.5
CHM00050854,2025-02-16,-2.0
CHM00050854,2025-02-17,-6.0
CHM00050854,2025-02-18,-8.5
CHM00050854,2025-02-19,-8.5
CHM00050854,2025-02-20,-8.39
CHM00050854,2025-02-21,-8.39
CHM00050854,2025-02-22,-8.89
CHM00050854,2025-02-23,-6.0
CHM00050854,2025-02-24,-1.28
CHM00050854,2025-02-25,-1.28
CHM00050854,2025-02-26,-1.0
CHM00050854,2025-02-27,4.89
CHM00050854,2025-02-28,4.89
CHM00050854,2025-03-01,3.89
CHM00050854,2025-03-02,-5.22
CHM00050854,2025-03-03,-2.72
CHM00050854,2025-03-04,-1.28
CHM00050854,2025-03-05,1.61
CHM00050854,2025-03-06,1.61
CHM00050854,2025-03-07,2.61
CHM00050854,2025-03-08,2.61
CHM00050854,2025-03-09,9.39
CHM00050854,2025-03-10,13.22
CHM00050854,2025-03-11,13.22
CHM00050854,2025-03-12,9.5
CHM00050854,2025-03-13,1.78
CHM00050854,2025-03-14,0.0
CHM00050854,2025-03-15,0.0
CHM00050854,2025-03-16,-0.28
CHM00050854,2025-03-17,-0.22
CHM00050854,2025-03-18,1.72
CHM00050854,2025-03-19,8.61
CHM00050854,2025-03-20,13.89
CHM00050854,2025-03-21,13.89
CHM00050854,2025-03-22,13.72
CHM00050854,2025-03-23,12.22
CHM00050854,2025-03-24,12.22
CHM00050854,2025-03-25,7.22
CHM00050854,2025-03-26,4.5
CHM00050854,2025-03-27,3.5
CHM00050854,2025-03-28,3.5
CHM00050854,2025-03-29,0.22
CHM00050854,2025-03-30,0.61
CHM00050854,2025-03-31,8.28
CHM00050854,2025-04-01,11.78
CHM00050854,2025-04-02,11.78
CHM00050854,2025-04-03,13.89
CHM00050854,2025-04-04,15.78
CHM00050854,2025-04-05,15.78
CHM00050854,2025-04-06,13.5
CHM00050854,2025-04-07,13.5
CHM00050854,2025-04-08,16.39
CHM00050854,2025-04-09,19.61
CHM00050854,2025-04-10,19.61
CHM00050854,2025-04-11,18.39
CHM00050854,2025-04-12,17.28
CHM00050854,2025-04-13,12.39
CHM00050854,2025-04-14,12.39
CHM00050854,2025-04-15,12.22
CHM00050854,2025-04-16,14.28
CHM00050854,2025-04-17,16.89
CHM00050854,2025-04-18,16.89
CHM00050854,2025-04-19,12.28
CHM00050854,2025-04-20,19.61
CHM00050854,2025-04-21,19.61
CHM00050854,2025-04-22,15.11
CHM00050854,2025-04-23,14.72
CHM00050854,2025-04-24,14.72
CHM00050854,2025-04-25,11.22
CHM00050854,2025-04-26,15.89
CHM00050854,2025-04-27,15.89
CHM00050854,2025-04-28,14.5
CHM00050854,2025-04-29,21.89
CHM00050854,2025-04-30,21.89
CHM00050854,2025-05-01,15.78
CHM00050854,2025-05-02,17.39
CHM00050854,2025-05-03,17.39
CHM00050854,2025-05-04,15.78
CHM00050854,2025-05-05,15.11
CHM00050854,2025-05-06,17.5
CHM00050854,2025-05-07,17.5
CHM00050854,2025-05-08,16.61
CHM00050854,2025-05-09,20.39
CHM00050854,2025-05-10,21.89
CHM00050854,2025-05-11,26.11
CHM00050854,2025-05-12,26.11
CHM00050854,2025-05-13,24.22
CHM00050854,2025-05-14,24.0
CHM00050854,2025-05-15,22.78
CHM00050854,2025-05-16,22.78
CHM00050854,2025-05-17,14.89
CHM00050854,2025-05-18,16.78
CHM00050854,2025-05-19,16.78
CHM00050854,2025-05-20,19.22
CHM00050854,2025-05-21,20.39
CHM00050854,2025-05-22,21.72
CHM00050854,2025-05-23,23.39
CHM00050854,2025-05-24,23.39
CHM00050854,2025-05-25,25.22
CHM00050854,2025-05-26,25.39
CHM00050854,2025-05-27,28.78
CHM00050854,2025-05-28,29.72
CHM00050854,2025-05-29,29.72
CHM00050854,2025-05-30,31.61
CHM00050854,2025-05-31,31.61
CHM00050854,2025-06-01,25.72
CHM00050854,2025-06-02,24.0
CHM00050854,2025-06-03,19.22
CHM00050854,2025-06-04,22.61
CHM00050854,2025-06-05,22.61
CHM00050854,2025-06-06,21.72
CHM00050854,2025-06-07,23.72
CHM00050854,2025-06-08,25.89
CHM00050854,2025-06-09,25.89
CHM00050854,2025-06-10,20.28
CHM00050854,2025-06-11,28.22
CHM00050854,2025-06-12,28.22
CHM00050854,2025-06-13,25.5
CHM00050854,2025-06-14,27.28
CHM00050854,2025-06-15,28.78
CHM00050854,2025-06-16,28.78
CHM00050854,2025-06-17,23.5
CHM00050854,2025-06-18,29.28
CHM00050854,2025-06-19,29.28
CHM00050854,2025-06-20,27.39
CHM00050854,2025-06-21,22.28
CHM00050854,2025-06-22,30.72
CHM00050854,2025-06-23,34.72
CHM00050854,2025-06-24,34.72
CHM00050854,2025-06-25,34.72
CHM00050854,2025-06-26,34.72
CHM00050854,2025-06-27,34.5
CHM00050854,2025-06-28,34.5
CHM00050854,2025-06-29,29.5
CHM00050854,2025-06-30,29.5
CHM00050854,2025-07-01,29.28
CHM00050854,2025-07-02,32.61
CHM00050854,2025-07-03,32.78
CHM00050854,2025-07-04,32.78
CHM00050854,2025-07-05,31.89
CHM00050854,2025-07-06,28.89
CHM00050854,2025-07-07,28.89
CHM00050854,2025-07-08,28.39
CHM00050854,2025-07-09,31.39
CHM00050854,2025-07-10,33.5
CHM00050854,2025-07-11,33.5
CHM00050854,2025-07-12,33.28
CHM00050854,2025-07-13,31.61
CHM00050854,2025-07-14,29.61
CHM00050854,2025-07-15,29.61
CHM00050854,2025-07-16,28.78
CHM00050854,2025-07-17,27.72
CHM00050854,2025-07-18,29.39
CHM00050854,2025-07-19,30.11
CHM00050854,2025-07-20,30.11
CHM00050854,2025-07-21,31.39
CHM00050854,2025-07-22,32.28
CHM00050854,2025-07-23,32.28
CHM00050854,2025-07-24,31.61
CHM00050854,2025-07-25,30.22
CHM00050854,2025-07-26,29.39
CHM00050854,2025-07-27,31.11
CHM00050854,2025-07-28,31.11
CHM00050854,2025-07-29,30.39
CHM00050854,2025-07-30,28.28
CHM00050854,2025-07-31,30.11
CHM00050854,2025-08-01,30.11
CHM00050854,2025-08-02,29.39
CHM00050854,2025-08-03,28.89
CHM00050854,2025-08-04,30.39
CHM00050854,2025-08-05,30.39
CHM00050854,2025-08-06,30.28
CHM00050854,2025-08-07,27.39
CHM00050854,2025-08-08,27.89
CHM00050854,2025-08-09,27.89
CHM00050854,2025-08-10,25.22
CHM00050854,2025-08-11,23.78
CHM00050854,2025-08-12,26.11
CHM00050854,2025-08-13,26.11
CHM00050854,2025-08-14,27.89
CHM00050854,2025-08-15,28.89
CHM00050854,2025-08-16,28.89
CHM00050854,2025-08-17,25.28
CHM00050854,2025-08-18,25.28
CHM00050854,2025-08-19,27.11
CHM00050854,2025-08-20,27.11
CHM00050854,2025-08-21,27.0
CHM00050854,2025-08-22,25.22
CHM00050854,2025-08-23,27.5
CHM00050854,2025-08-24,27.61
CHM00050854,2025-08-25,
CHM00050854,2025-08-26,
CHM00050854,2025-08-27,
CHM00050854,2025-08-28,
CHM00050854,2025-08-29,
CHM00050854,2025-08-30,
CHM00050854,2025-08-31,
CHM00050854,2025-09-01,
CHM00050854,2025-09-02,
CHM00050854,2025-09-03,
CHM00050854,2025-09-04,
CHM00050854,2025-09-05,
CHM00050854,2025-09-06,
CHM00050854,2025-09-07,
CHM00050854,2025-09-08,
CHM00050854,2025-09-09,
CHM00050854,2025-09-10,
CHM00050854,2025-09-11,
CHM00050854,2025-09-12,
CHM00050854,2025-09-13,
CHM00050854,2025-09-14,
CHM00050854,2025-09-15,
CHM00050854,2025-09-16,
CHM00050854,2025-09-17,
CHM00050854,2025-09-18,
CHM00050854,2025-09-19,
CHM00050854,2025-09-20,
CHM00050854,2025-09-21,
CHM00050854,2025-09-22,
CHM00050854,2025-09-23,
CHM00050854,2025-09-24,
CHM00050854,2025-09-25,
CHM00050854,2025-09-26,
CHM00050854,2025-09-27,
CHM00050854,2025-09-28,
CHM00050854,2025-09-29,
CHM00050854,2025-09-30,
CHM00050854,2025-10-01,
CHM00050854,2025-10-02,
CHM00050854,2025-10-03,
CHM00050854,2025-10-04,
CHM00050854,2025-10-05,
CHM00050854,2025-10-06,
CHM00050854,2025-10-07,
CHM00050854,2025-10-08,
CHM00050854,2025-10-09,
CHM00050854,2025-10-10,
CHM00050854,2025-10-11,
CHM00050854,2025-10-12,
CHM00050854,2025-10-13,
CHM00050854,2025-10-14,
CHM00050854,2025-10-15,
CHM00050854,2025-10-16,
CHM00050854,2025-10-17,
CHM00050854,2025-10-18,
CHM00050854,2025-10-19,
CHM00050854,2025-10-20,
CHM00050854,2025-10-21,
CHM00050854,2025-10-22,
CHM00050854,2025-10-23,
CHM00050854,2025-10-24,
CHM00050854,2025-10-25,
CHM00050854,2025-10-26,
CHM00050854,2025-10-27,
CHM00050854,2025-10-28,
CHM00050854,2025-10-29,
CHM00050854,2025-10-30,
CHM00050854,2025-10-31,
CHM00050854,2025-11-01,
CHM00050854,2025-11-02,
CHM00050854,2025-11-03,
CHM00050854,2025-11-04,
CHM00050854,2025-11-05,
CHM00050854,2025-11-06,
CHM00050854,2025-11-07,
CHM00050854,2025-11-08,
CHM00050854,2025-11-09,
CHM00050854,2025-11-10,
CHM00050854,2025-11-11,
CHM00050854,2025-11-12,
CHM00050854,2025-11-13,
CHM00050854,2025-11-14,
CHM00050854,2025-11-15,
CHM00050854,2025-11-16,
CHM00050854,2025-11-17,
CHM00050854,2025-11-18,
CHM00050854,2025-11-19,
CHM00050854,2025-11-20,
CHM00050854,2025-11-21,
CHM00050854,2025-11-22,
CHM00050854,2025-11-23,
CHM00050854,2025-11-24,
CHM00050854,2025-11-25,
CHM00050854,2025-11-26,
CHM00050854,2025-11-27,
CHM00050854,2025-11-28,
CHM00050854,2025-11-29,
CHM00050854,2025-11-30,
CHM00050854,2025-12-01,
CHM00050854,2025-12-02,
CHM00050854,2025-12-03,
CHM00050854,2025-12-04,
CHM00050854,2025-12-05,
CHM00050854,2025-12-06,
CHM00050854,2025-12-07,
CHM00050854,2025-12-08,
CHM00050854,2025-12-09,
CHM00050854,2025-12-10,
CHM00050854,2025-12-11,
CHM00050854,2025-12-12,
CHM00050854,2025-12-13,
CHM00050854,2025-12-14,
CHM00050854,2025-12-15,
CHM00050854,2025-12-16,
CHM00050854,2025-12-17,
CHM00050854,2025-12-18,
CHM00050854,2025-12-19,
CHM00050854,2025-12-20,
CHM00050854,2025-12-21,
CHM00050854,2025-12-22,
CHM00050854,2025-12-23,
CHM00050854,2025-12-24,
CHM00050854,2025-12-25,
CHM00050854,2025-12-26,
CHM00050854,2025-12-27,
CHM00050854,2025-12-28,
CHM00050854,2025-12-29,
CHM00050854,2025-12-30,
CHM00050854,2025-12-31,
CHM00050953,2025-01-01,-8.0
CHM00050953,2025-01-02,-9.39
CHM00050953,2025-01-03,-9.39
CHM00050953,2025-01-04,-11.78
CHM00050953,2025-01-05,-12.39
CHM00050953,2025-01-06,-13.72
CHM00050953,2025-01-07,-13.11
CHM00050953,2025-01-08,-13.11
CHM00050953,2025-01-09,-13.89
CHM00050953,2025-01-10,-11.0
CHM00050953,2025-01-11,-9.22
CHM00050953,2025-01-12,-9.0
CHM00050953,2025-01-13,-8.28
CHM00050953,2025-01-14,-8.28
CHM00050953,2025-01-15,-7.89
CHM00050953,2025-01-16,-7.89
CHM00050953,2025-01-17,-1.72
CHM00050953,2025-01-18,0.72
CHM00050953,2025-01-19,-11.11
CHM00050953,2025-01-20,-9.22
CHM00050953,2025-01-21,-7.78
CHM00050953,2025-01-22,-7.78
CHM00050953,2025-01-23,-10.5
CHM00050953,2025-01-24,-8.11
CHM00050953,2025-01-25,-8.11
CHM00050953,2025-01-26,-8.11
CHM00050953,2025-01-27,-6.22
CHM00050953,2025-01-28,-6.22
CHM00050953,2025-01-29,-8.11
CHM00050953,2025-01-30,-12.72
CHM00050953,2025-01-31,-11.89
CHM00050953,2025-02-01,-9.61
CHM00050953,2025-02-02,-9.61
CHM00050953,2025-02-03,-10.72
CHM00050953,2025-02-04,-15.0
CHM00050953,2025-02-05,-16.28
CHM00050953,2025-02-06,-16.11
CHM00050953,2025-02-07,-8.5
CHM00050953,2025-02-08,-8.5
CHM00050953,2025-02-09,-9.72
CHM00050953,2025-02-10,-7.72
CHM00050953,2025-02-11,-1.89
CHM00050953,2025-02-12,-1.89
CHM00050953,2025-02-13,-4.22
CHM00050953,2025-02-14,0.28
CHM00050953,2025-02-15,2.5
CHM00050953,2025-02-16,2.5
CHM00050953,2025-02-17,-5.89
CHM00050953,2025-02-18,-8.78
CHM00050953,2025-02-19,-8.89
CHM00050953,2025-02-20,-8.89
CHM00050953,2025-02-21,-9.11
CHM00050953,2025-02-22,-8.61
CHM00050953,2025-02-23,-5.5
CHM00050953,2025-02-24,1.28
CHM00050953,2025-02-25,1.28
CHM00050953,2025-02-26,-0.39
CHM00050953,2025-02-27,8.39
CHM00050953,2025-02-28,8.39
CHM00050953,2025-03-01,5.22
CHM00050953,2025-03-02,-4.61
CHM00050953,2025-03-03,-2.0
CHM00050953,2025-03-04,-2.0
CHM00050953,2025-03-05,1.89
CHM00050953,2025-03-06,1.89
CHM00050953,2025-03-07,3.39
CHM00050953,2025-03-08,3.39
CHM00050953,2025-03-09,9.78
CHM00050953,2025-03-10,13.5
CHM00050953,2025-03-11,13.5
CHM00050953,2025-03-12,10.89
CHM00050953,2025-03-13,3.89
CHM00050953,2025-03-14,0.72
CHM00050953,2025-03-15,0.72
CHM00050953,2025-03-16,0.28
CHM00050953,2025-03-17,-0.11
CHM00050953,2025-03-18,1.11
CHM00050953,2025-03-19,9.0
CHM00050953,2025-03-20,13.72
CHM00050953,2025-03-21,13.72
CHM00050953,2025-03-22,13.5
CHM00050953,2025-03-23,12.61
CHM00050953,2025-03-24,12.61
CHM00050953,2025-03-25,8.28
CHM00050953,2025-03-26,4.11
CHM00050953,2025-03-27,4.11
CHM00050953,2025-03-28,3.11
CHM00050953,2025-03-29,2.0
CHM00050953,2025-03-30,0.89
CHM00050953,2025-03-31,8.61
CHM00050953,2025-04-01,10.72
CHM00050953,2025-04-02,10.72
CHM00050953,2025-04-03,12.72
CHM00050953,2025-04-04,15.61
CHM00050953,2025-04-05,15.61
CHM00050953,2025-04-06,13.61
CHM00050953,2025-04-07,14.39
CHM00050953,2025-04-08,16.61
CHM00050953,2025-04-09,20.28
CHM00050953,2025-04-10,20.28
CHM00050953,2025-04-11,22.39
CHM00050953,2025-04-12,22.39
CHM00050953,2025-04-13,19.0
CHM00050953,2025-04-14,12.78
CHM00050953,2025-04-15,13.11
CHM00050953,2025-04-16,14.22
CHM00050953,2025-04-17,18.61
CHM00050953,2025-04-18,18.61
CHM00050953,2025-04-19,13.28
CHM00050953,2025-04-20,20.39
CHM00050953,2025-04-21,20.39
CHM00050953,2025-04-22,20.22
CHM00050953,2025-04-23,19.39
CHM00050953,2025-04-24,19.39
CHM00050953,2025-04-25,12.11
CHM00050953,2025-04-26,16.78
CHM00050953,2025-04-27,16.78
CHM00050953,2025-04-28,13.78
CHM00050953,2025-04-29,20.0
CHM00050953,2025-04-30,20.0
CHM00050953,2025-05-01,16.22
CHM00050953,2025-05-02,17.89
CHM00050953,2025-05-03,17.89
CHM00050953,2025-05-04,15.78
CHM00050953,2025-05-05,16.39
CHM00050953,2025-05-06,16.89
CHM00050953,2025-05-07,17.0
CHM00050953,2025-05-08,17.0
CHM00050953,2025-05-09,18.28
CHM00050953,2025-05-10,20.22
CHM00050953,2025-05-11,26.5
CHM00050953,2025-05-12,26.5
CHM00050953,2025-05-13,25.89
CHM00050953,2025-05-14,24.11
CHM00050953,2025-05-15,22.28
CHM00050953,2025-05-16,22.28
CHM00050953,2025-05-17,12.89
CHM00050953,2025-05-18,17.28
CHM00050953,2025-05-19,18.22
CHM00050953,2025-05-20,20.22
CHM00050953,2025-05-21,20.72
CHM00050953,2025-05-22,21.0
CHM00050953,2025-05-23,23.5
CHM00050953,2025-05-24,23.5
CHM00050953,2025-05-25,23.28
CHM00050953,2025-05-26,23.78
CHM00050953,2025-05-27,28.89
CHM00050953,2025-05-28,29.78
CHM00050953,2025-05-29,
CHM00050953,2025-05-30,
CHM00050953,2025-05-31,
CHM00050953,2025-06-01,
CHM00050953,2025-06-02,23.61
CHM00050953,2025-06-03,20.11
CHM00050953,2025-06-04,23.78
CHM00050953,2025-06-05,23.78
CHM00050953,2025-06-06,21.5
CHM00050953,2025-06-07,23.11
CHM00050953,2025-06-08,27.39
CHM00050953,2025-06-09,27.39
CHM00050953,2025-06-10,21.78
CHM00050953,2025-06-11,27.11
CHM00050953,2025-06-12,27.22
CHM00050953,2025-06-13,27.22
CHM00050953,2025-06-14,27.0
CHM00050953,2025-06-15,28.28
CHM00050953,2025-06-16,28.28
CHM00050953,2025-06-17,26.5
CHM00050953,2025-06-18,30.0
CHM00050953,2025-06-19,30.0
CHM00050953,2025-06-20,26.72
CHM00050953,2025-06-21,24.72
CHM00050953,2025-06-22,30.61
CHM00050953,2025-06-23,33.39
CHM00050953,2025-06-24,34.5
CHM00050953,2025-06-25,34.5
CHM00050953,2025-06-26,34.22
CHM00050953,2025-06-27,33.5
CHM00050953,2025-06-28,33.5
CHM00050953,2025-06-29,29.39
CHM00050953,2025-06-30,29.39
CHM00050953,2025-07-01,28.89
CHM00050953,2025-07-02,31.0
CHM00050953,2025-07-03,31.0
CHM00050953,2025-07-04,32.61
CHM00050953,2025-07-05,32.61
CHM00050953,2025-07-06,29.11
CHM00050953,2025-07-07,28.72
CHM00050953,2025-07-08,28.72
CHM00050953,2025-07-09,31.0
CHM00050953,2025-07-10,32.72
CHM00050953,2025-07-11,33.5
CHM00050953,2025-07-12,33.5
CHM00050953,2025-07-13,30.5
CHM00050953,2025-07-14,29.78
CHM00050953,2025-07-15,29.78
CHM00050953,2025-07-16,28.89
CHM00050953,2025-07-17,29.72
CHM00050953,2025-07-18,29.72
CHM00050953,2025-07-19,29.89
CHM00050953,2025-07-20,29.89
CHM00050953,2025-07-21,30.0
CHM00050953,2025-07-22,32.22
CHM00050953,2025-07-23,32.22
CHM00050953,2025-07-24,32.0
CHM00050953,2025-07-25,29.89
CHM00050953,2025-07-26,28.61
CHM00050953,2025-07-27,30.61
CHM00050953,2025-07-28,30.61
CHM00050953,2025-07-29,30.61
CHM00050953,2025-07-30,28.0
CHM00050953,2025-07-31,29.61
CHM00050953,2025-08-01,30.5
CHM00050953,2025-08-02,30.5
CHM00050953,2025-08-03,30.39
CHM00050953,2025-08-04,29.89
CHM00050953,2025-08-05,29.89
CHM00050953,2025-08-06,28.22
CHM00050953,2025-08-07,27.72
CHM00050953,2025-08-08,28.11
CHM00050953,2025-08-09,28.11
CHM00050953,2025-08-10,26.0
CHM00050953,2025-08-11,23.72
CHM00050953,2025-08-12,26.0
CHM00050953,2025-08-13,26.78
CHM00050953,2025-08-14,28.22
CHM00050953,2025-08-15,29.78
CHM00050953,2025-08-16,29.78
CHM00050953,2025-08-17,25.89
CHM00050953,2025-08-18,24.28
CHM00050953,2025-08-19,26.78
CHM00050953,2025-08-20,27.11
CHM00050953,2025-08-21,27.11
CHM00050953,2025-08-22,25.78
CHM00050953,2025-08-23,29.11
CHM00050953,2025-08-24,29.11
CHM00050953,2025-08-25,
CHM00050953,2025-08-26,
CHM00050953,2025-08-27,
CHM00050953,2025-08-28,
CHM00050953,2025-08-29,
CHM00050953,2025-08-30,
CHM00050953,2025-08-31,
CHM00050953,2025-09-01,
CHM00050953,2025-09-02,
CHM00050953,2025-09-03,
CHM00050953,2025-09-04,
CHM00050953,2025-09-05,
CHM00050953,2025-09-06,
CHM00050953,2025-09-07,
CHM00050953,2025-09-08,
CHM00050953,2025-09-09,
CHM00050953,2025-09-10,
CHM00050953,2025-09-11,
CHM00050953,2025-09-12,
CHM00050953,2025-09-13,
CHM00050953,2025-09-14,
CHM00050953,2025-09-15,
CHM00050953,2025-09-16,
CHM00050953,2025-09-17,
CHM00050953,2025-09-18,
CHM00050953,2025-09-19,
CHM00050953,2025-09-20,
CHM00050953,2025-09-21,
CHM00050953,2025-09-22,
CHM00050953,2025-09-23,
CHM00050953,2025-09-24,
CHM00050953,2025-09-25,
CHM00050953,2025-09-26,
CHM00050953,2025-09-27,
CHM00050953,2025-09-28,
CHM00050953,2025-09-29,
CHM00050953,2025-09-30,
CHM00050953,2025-10-01,
CHM00050953,2025-10-02,
CHM00050953,2025-10-03,
CHM00050953,2025-10-04,
CHM00050953,2025-10-05,
CHM00050953,2025-10-06,
CHM00050953,2025-10-07,
CHM00050953,2025-10-08,
CHM00050953,2025-10-09,
CHM00050953,2025-10-10,
CHM00050953,2025-10-11,
CHM00050953,2025-10-12,
CHM00050953,2025-10-13,
CHM00050953,2025-10-14,
CHM00050953,2025-10-15,
CHM00050953,2025-10-16,
CHM00050953,2025-10-17,
CHM00050953,2025-10-18,
CHM00050953,2025-10-19,
CHM00050953,2025-10-20,
CHM00050953,2025-10-21,
CHM00050953,2025-10-22,
CHM00050953,2025-10-23,
CHM00050953,2025-10-24,
CHM00050953,2025-10-25,
CHM00050953,2025-10-26,
CHM00050953,2025-10-27,
CHM00050953,2025-10-28,
CHM00050953,2025-10-29,
CHM00050953,2025-10-30,
CHM00050953,2025-10-31,
CHM00050953,2025-11-01,
CHM00050953,2025-11-02,
CHM00050953,2025-11-03,
CHM00050953,2025-11-04,
CHM00050953,2025-11-05,
CHM00050953,2025-11-06,
CHM00050953,2025-11-07,
CHM00050953,2025-11-08,
CHM00050953,2025-11-09,
CHM00050953,2025-11-10,
CHM00050953,2025-11-11,
CHM00050953,2025-11-12,
CHM00050953,2025-11-13,
CHM00050953,2025-11-14,
CHM00050953,2025-11-15,
CHM00050953,2025-11-16,
CHM00050953,2025-11-17,
CHM00050953,2025-11-18,
CHM00050953,2025-11-19,
CHM00050953,2025-11-20,
CHM00050953,2025-11-21,
CHM00050953,2025-11-22,
CHM00050953,2025-11-23,
CHM00050953,2025-11-24,
CHM00050953,2025-11-25,
CHM00050953,2025-11-26,
CHM00050953,2025-11-27,
CHM00050953,2025-11-28,
CHM00050953,2025-11-29,
CHM00050953,2025-11-30,
CHM00050953,2025-12-01,
CHM00050953,2025-12-02,
CHM00050953,2025-12-03,
CHM00050953,2025-12-04,
CHM00050953,2025-12-05,
CHM00050953,2025-12-06,
CHM00050953,2025-12-07,
CHM00050953,2025-12-08,
CHM00050953,2025-12-09,
CHM00050953,2025-12-10,
CHM00050953,2025-12-11,
CHM00050953,2025-12-12,
CHM00050953,2025-12-13,
CHM00050953,2025-12-14,
CHM00050953,2025-12-15,
CHM00050953,2025-12-16,
CHM00050953,2025-12-17,
CHM00050953,2025-12-18,
CHM00050953,2025-12-19,
CHM00050953,2025-12-20,
CHM00050953,2025-12-21,
CHM00050953,2025-12-22,
CHM00050953,2025-12-23,
CHM00050953,2025-12-24,
CHM00050953,2025-12-25,
CHM00050953,2025-12-26,
CHM00050953,2025-12-27,
CHM00050953,2025-12-28,
CHM00050953,2025-12-29,
CHM00050953,2025-12-30,
CHM00050953,2025-12-31,
CHM00050968,2025-01-01,-8.11
CHM00050968,2025-01-02,-9.78
CHM00050968,2025-01-03,-10.28
CHM00050968,2025-01-04,-9.5
CHM00050968,2025-01-05,-9.5
CHM00050968,2025-01-06,-12.11
CHM00050968,2025-01-07,-10.61
CHM00050968,2025-01-08,-10.61
CHM00050968,2025-01-09,-16.61
CHM00050968,2025-01-10,-11.5
CHM00050968,2025-01-11,-10.89
CHM00050968,2025-01-12,-9.39
CHM00050968,2025-01-13,-8.11
CHM00050968,2025-01-14,-8.11
CHM00050968,2025-01-15,-7.72
CHM00050968,2025-01-16,-7.72
CHM00050968,2025-01-17,-2.39
CHM00050968,2025-01-18,2.22
CHM00050968,2025-01-19,2.22
CHM00050968,2025-01-20,-3.72
CHM00050968,2025-01-21,-9.61
CHM00050968,2025-01-22,-9.61
CHM00050968,2025-01-23,-9.0
CHM00050968,2025-01-24,-6.22
CHM00050968,2025-01-25,-6.22
CHM00050968,2025-01-26,-6.5
CHM00050968,2025-01-27,-10.28
CHM00050968,2025-01-28,-9.5
CHM00050968,2025-01-29,-9.5
CHM00050968,2025-01-30,-10.72
CHM00050968,2025-01-31,-11.5
CHM00050968,2025-02-01,-10.28
CHM00050968,2025-02-02,-8.11
CHM00050968,2025-02-03,-8.11
CHM00050968,2025-02-04,-14.0
CHM00050968,2025-02-05,-17.11
CHM00050968,2025-02-06,-16.89
CHM00050968,2025-02-07,-12.72
CHM00050968,2025-02-08,-9.0
CHM00050968,2025-02-09,-9.0
CHM00050968,2025-02-10,-8.5
CHM00050968,2025-02-11,-1.39
CHM00050968,2025-02-12,-1.39
CHM00050968,2025-02-13,-2.89
CHM00050968,2025-02-14,-0.89
CHM00050968,2025-02-15,-0.89
CHM00050968,2025-02-16,-2.0
CHM00050968,2025-02-17,-4.61
CHM00050968,2025-02-18,-8.11
CHM00050968,2025-02-19,-7.72
CHM00050968,2025-02-20,-7.72
CHM00050968,2025-02-21,-8.72
CHM00050968,2025-02-22,-9.11
CHM00050968,2025-02-23,-7.28
CHM00050968,2025-02-24,0.39
CHM00050968,2025-02-25,0.39
CHM00050968,2025-02-26,0.28
CHM00050968,2025-02-27,7.61
CHM00050968,2025-02-28,8.0
CHM00050968,2025-03-01,8.0
CHM00050968,2025-03-02,-1.11
CHM00050968,2025-03-03,-3.0
CHM00050968,2025-03-04,-1.72
CHM00050968,2025-03-05,2.22
CHM00050968,2025-03-06,2.22
CHM00050968,2025-03-07,3.0
CHM00050968,2025-03-08,3.0
CHM00050968,2025-03-09,8.72
CHM00050968,2025-03-10,11.72
CHM00050968,2025-03-11,11.72
CHM00050968,2025-03-12,10.5
CHM00050968,2025-03-13,7.61
CHM00050968,2025-03-14,2.89
CHM00050968,2025-03-15,2.89
CHM00050968,2025-03-16,1.78
CHM00050968,2025-03-17,-0.22
CHM00050968,2025-03-18,0.22
CHM00050968,2025-03-19,7.28
CHM00050968,2025-03-20,11.28
CHM00050968,2025-03-21,12.89
CHM00050968,2025-03-22,12.89
CHM00050968,2025-03-23,12.0
CHM00050968,2025-03-24,12.0
CHM00050968,2025-03-25,9.61
CHM00050968,2025-03-26,4.78
CHM00050968,2025-03-27,3.5
CHM00050968,2025-03-28,1.28
CHM00050968,2025-03-29,1.28
CHM00050968,2025-03-30,-0.22
CHM00050968,2025-03-31,7.22
CHM00050968,2025-04-01,10.39
CHM00050968,2025-04-02,10.39
CHM00050968,2025-04-03,11.72
CHM00050968,2025-04-04,15.78
CHM00050968,2025-04-05,15.78
CHM00050968,2025-04-06,9.72
CHM00050968,2025-04-07,15.78
CHM00050968,2025-04-08,16.78
CHM00050968,2025-04-09,17.61
CHM00050968,2025-04-10,20.39
CHM00050968,2025-04-11,23.0
CHM00050968,2025-04-12,23.0
CHM00050968,2025-04-13,20.5
CHM00050968,2025-04-14,12.72
CHM00050968,2025-04-15,13.61
CHM00050968,2025-04-16,14.72
CHM00050968,2025-04-17,21.0
CHM00050968,2025-04-18,21.0
CHM00050968,2025-04-19,16.61
CHM00050968,2025-04-20,19.0
CHM00050968,2025-04-21,22.28
CHM00050968,2025-04-22,22.28
CHM00050968,2025-04-23,23.22
CHM00050968,2025-04-24,23.22
CHM00050968,2025-04-25,10.5
CHM00050968,2025-04-26,15.78
CHM00050968,2025-04-27,15.78
CHM00050968,2025-04-28,15.28
CHM00050968,2025-04-29,19.89
CHM00050968,2025-04-30,21.5
CHM00050968,2025-05-01,21.5
CHM00050968,2025-05-02,17.22
CHM00050968,2025-05-03,17.22
CHM00050968,2025-05-04,15.39
CHM00050968,2025-05-05,16.61
CHM00050968,2025-05-06,16.61
CHM00050968,2025-05-07,16.5
CHM00050968,2025-05-08,16.0
CHM00050968,2025-05-09,15.22
CHM00050968,2025-05-10,19.22
CHM00050968,2025-05-11,22.61
CHM00050968,2025-05-12,24.78
CHM00050968,2025-05-13,26.0
CHM00050968,2025-05-14,26.0
CHM00050968,2025-05-15,22.28
CHM00050968,2025-05-16,22.28
CHM00050968,2025-05-17,14.89
CHM00050968,2025-05-18,16.39
CHM00050968,2025-05-19,16.78
CHM00050968,2025-05-20,19.61
CHM00050968,2025-05-21,19.89
CHM00050968,2025-05-22,20.0
CHM00050968,2025-05-23,22.39
CHM00050968,2025-05-24,22.39
CHM00050968,2025-05-25,21.78
CHM00050968,2025-05-26,21.78
CHM00050968,2025-05-27,27.28
CHM00050968,2025-05-28,28.72
CHM00050968,2025-05-29,28.72
CHM00050968,2025-05-30,30.72
CHM00050968,2025-05-31,30.72
CHM00050968,2025-06-01,29.89
CHM00050968,2025-06-02,23.61
CHM00050968,2025-06-03,23.61
CHM00050968,2025-06-04,23.28
CHM00050968,2025-06-05,23.28
CHM00050968,2025-06-06,23.78
CHM00050968,2025-06-07,23.78
CHM00050968,2025-06-08,30.11
CHM00050968,2025-06-09,30.11
CHM00050968,2025-06-10,23.78
CHM00050968,2025-06-11,25.22
CHM00050968,2025-06-12,29.11
CHM00050968,2025-06-13,29.11
CHM00050968,2025-06-14,27.22
CHM00050968,2025-06-15,26.72
CHM00050968,2025-06-16,27.0
CHM00050968,2025-06-17,27.0
CHM00050968,2025-06-18,28.72
CHM00050968,2025-06-19,28.72
CHM00050968,2025-06-20,25.89
CHM00050968,2025-06-21,21.78
CHM00050968,2025-06-22,29.61
CHM00050968,2025-06-23,31.72
CHM00050968,2025-06-24,32.28
CHM00050968,2025-06-25,34.39
CHM00050968,2025-06-26,34.39
CHM00050968,2025-06-27,33.89
CHM00050968,2025-06-28,33.89
CHM00050968,2025-06-29,29.5
CHM00050968,2025-06-30,28.89
CHM00050968,2025-07-01,29.61
CHM00050968,2025-07-02,31.78
CHM00050968,2025-07-03,31.78
CHM00050968,2025-07-04,32.72
CHM00050968,2025-07-05,32.72
CHM00050968,2025-07-06,29.72
CHM00050968,2025-07-07,29.89
CHM00050968,2025-07-08,29.89
CHM00050968,2025-07-09,30.89
CHM00050968,2025-07-10,31.39
CHM00050968,2025-07-11,33.61
CHM00050968,2025-07-12,33.61
CHM00050968,2025-07-13,32.22
CHM00050968,2025-07-14,29.0
CHM00050968,2025-07-15,29.22
CHM00050968,2025-07-16,29.89
CHM00050968,2025-07-17,29.89
CHM00050968,2025-07-18,29.28
CHM00050968,2025-07-19,31.28
CHM00050968,2025-07-20,31.28
CHM00050968,2025-07-21,28.89
CHM00050968,2025-07-22,32.0
CHM00050968,2025-07-23,32.11
CHM00050968,2025-07-24,32.11
CHM00050968,2025-07-25,30.89
CHM00050968,2025-07-26,25.0
CHM00050968,2025-07-27,27.22
CHM00050968,2025-07-28,30.61
CHM00050968,2025-07-29,30.61
CHM00050968,2025-07-30,29.28
CHM00050968,2025-07-31,29.11
CHM00050968,2025-08-01,30.28
CHM00050968,2025-08-02,30.28
CHM00050968,2025-08-03,29.28
CHM00050968,2025-08-04,29.39
CHM00050968,2025-08-05,29.39
CHM00050968,2025-08-06,28.78
CHM00050968,2025-08-07,27.78
CHM00050968,2025-08-08,28.28
CHM00050968,2025-08-09,28.28
CHM00050968,2025-08-10,26.28
CHM00050968,2025-08-11,26.28
CHM00050968,2025-08-12,26.61
CHM00050968,2025-08-13,31.11
CHM00050968,2025-08-14,31.11
CHM00050968,2025-08-15,30.89
CHM00050968,2025-08-16,30.89
CHM00050968,2025-08-17,28.39
CHM00050968,2025-08-18,25.22
CHM00050968,2025-08-19,29.22
CHM00050968,2025-08-20,29.22
CHM00050968,2025-08-21,27.11
CHM00050968,2025-08-22,27.11
CHM00050968,2025-08-23,29.89
CHM00050968,2025-08-24,29.89
CHM00050968,2025-08-25,
CHM00050968,2025-08-26,
CHM00050968,2025-08-27,
CHM00050968,2025-08-28,
CHM00050968,2025-08-29,
CHM00050968,2025-08-30,
CHM00050968,2025-08-31,
CHM00050968,2025-09-01,
CHM00050968,2025-09-02,
CHM00050968,2025-09-03,
CHM00050968,2025-09-04,
CHM00050968,2025-09-05,
CHM00050968,2025-09-06,
CHM00050968,2025-09-07,
CHM00050968,2025-09-08,
CHM00050968,2025-09-09,
CHM00050968,2025-09-10,
CHM00050968,2025-09-11,
CHM00050968,2025-09-12,
CHM00050968,2025-09-13,
CHM00050968,2025-09-14,
CHM00050968,2025-09-15,
CHM00050968,2025-09-16,
CHM00050968,2025-09-17,
CHM00050968,2025-09-18,
CHM00050968,2025-09-19,
CHM00050968,2025-09-20,
CHM00050968,2025-09-21,
CHM00050968,2025-09-22,
CHM00050968,2025-09-23,
CHM00050968,2025-09-24,
CHM00050968,2025-09-25,
CHM00050968,2025-09-26,
CHM00050968,2025-09-27,
CHM00050968,2025-09-28,
CHM00050968,2025-09-29,
CHM00050968,2025-09-30,
CHM00050968,2025-10-01,
CHM00050968,2025-10-02,
CHM00050968,2025-10-03,
CHM00050968,2025-10-04,
CHM00050968,2025-10-05,
CHM00050968,2025-10-06,
CHM00050968,2025-10-07,
CHM00050968,2025-10-08,
CHM00050968,2025-10-09,
CHM00050968,2025-10-10,
CHM00050968,2025-10-11,
CHM00050968,2025-10-12,
CHM00050968,2025-10-13,
CHM00050968,2025-10-14,
CHM00050968,2025-10-15,
CHM00050968,2025-10-16,
CHM00050968,2025-10-17,
CHM00050968,2025-10-18,
CHM00050968,2025-10-19,
CHM00050968,2025-10-20,
CHM00050968,2025-10-21,
CHM00050968,2025-10-22,
CHM00050968,2025-10-23,
CHM00050968,2025-10-24,
CHM00050968,2025-10-25,
CHM00050968,2025-10-26,
CHM00050968,2025-10-27,
CHM00050968,2025-10-28,
CHM00050968,2025-10-29,
CHM00050968,2025-10-30,
CHM00050968,2025-10-31,
CHM00050968,2025-11-01,
CHM00050968,2025-11-02,
CHM00050968,2025-11-03,
CHM00050968,2025-11-04,
CHM00050968,2025-11-05,
CHM00050968,2025-11-06,
CHM00050968,2025-11-07,
CHM00050968,2025-11-08,
CHM00050968,2025-11-09,
CHM00050968,2025-11-10,
CHM00050968,2025-11-11,
CHM00050968,2025-11-12,
CHM00050968,2025-11-13,
CHM00050968,2025-11-14,
CHM00050968,2025-11-15,
CHM00050968,2025-11-16,
CHM00050968,2025-11-17,
CHM00050968,2025-11-18,
CHM00050968,2025-11-19,
CHM00050968,2025-11-20,
CHM00050968,2025-11-21,
CHM00050968,2025-11-22,
CHM00050968,2025-11-23,
CHM00050968,2025-11-24,
CHM00050968,2025-11-25,
CHM00050968,2025-11-26,
CHM00050968,2025-11-27,
CHM00050968,2025-11-28,
CHM00050968,2025-11-29,
CHM00050968,2025-11-30,
CHM00050968,2025-12-01,
CHM00050968,2025-12-02,
CHM00050968,2025-12-03,
CHM00050968,2025-12-04,
CHM00050968,2025-12-05,
CHM00050968,2025-12-06,
CHM00050968,2025-12-07,
CHM00050968,2025-12-08,
CHM00050968,2025-12-09,
CHM00050968,2025-12-10,
CHM00050968,2025-12-11,
CHM00050968,2025-12-12,
CHM00050968,2025-12-13,
CHM00050968,2025-12-14,
CHM00050968,2025-12-15,
CHM00050968,2025-12-16,
CHM00050968,2025-12-17,
CHM00050968,2025-12-18,
CHM00050968,2025-12-19,
CHM00050968,2025-12-20,
CHM00050968,2025-12-21,
CHM00050968,2025-12-22,
CHM00050968,2025-12-23,
CHM00050968,2025-12-24,
CHM00050968,2025-12-25,
CHM00050968,2025-12-26,
CHM00050968,2025-12-27,
CHM00050968,2025-12-28,
CHM00050968,2025-12-29,
CHM00050968,2025-12-30,
CHM00050968,2025-12-31,
CHM00054094,2025-01-01,-5.11
CHM00054094,2025-01-02,-5.11
CHM00054094,2025-01-03,-6.22
CHM00054094,2025-01-04,-7.39
CHM00054094,2025-01-05,-7.39
CHM00054094,2025-01-06,-8.28
CHM00054094,2025-01-07,-9.5
CHM00054094,2025-01-08,-11.22
CHM00054094,2025-01-09,-15.78
CHM00054094,2025-01-10,-10.11
CHM00054094,2025-01-11,-8.61
CHM00054094,2025-01-12,-8.61
CHM00054094,2025-01-13,-9.78
CHM00054094,2025-01-14,-6.78
CHM00054094,2025-01-15,-6.78
CHM00054094,2025-01-16,-6.78
CHM00054094,2025-01-17,-3.89
CHM00054094,2025-01-18,-1.0
CHM00054094,2025-01-19,1.78
CHM00054094,2025-01-20,1.78
CHM00054094,2025-01-21,-3.78
CHM00054094,2025-01-22,-4.5
CHM00054094,2025-01-23,-6.11
CHM00054094,2025-01-24,-4.89
CHM00054094,2025-01-25,-4.89
CHM00054094,2025-01-26,-5.0
CHM00054094,2025-01-27,-3.28
CHM00054094,2025-01-28,-3.28
CHM00054094,2025-01-29,-6.89
CHM00054094,2025-01-30,-6.89
CHM00054094,2025-01-31,-8.78
CHM00054094,2025-02-01,-8.61
CHM00054094,2025-02-02,-7.22
CHM00054094,2025-02-03,-7.22
CHM00054094,2025-02-04,-10.72
CHM00054094,2025-02-05,-14.61
CHM00054094,2025-02-06,-12.39
CHM00054094,2025-02-07,-11.5
CHM00054094,2025-02-08,-6.72
CHM00054094,2025-02-09,-6.72
CHM00054094,2025-02-10,-7.11
CHM00054094,2025-02-11,-1.11
CHM00054094,2025-02-12,-1.0
CHM00054094,2025-02-13,-2.39
CHM00054094,2025-02-14,2.61
CHM00054094,2025-02-15,5.78
CHM00054094,2025-02-16,5.78
CHM00054094,2025-02-17,0.39
CHM00054094,2025-02-18,-5.61
CHM00054094,2025-02-19,-5.61
CHM00054094,2025-02-20,-5.61
CHM00054094,2025-02-21,-5.5
CHM00054094,2025-02-22,-5.5
CHM00054094,2025-02-23,-4.89
CHM00054094,2025-02-24,1.61
CHM00054094,2025-02-25,3.11
CHM00054094,2025-02-26,3.11
CHM00054094,2025-02-27,9.11
CHM00054094,2025-02-28,12.5
CHM00054094,2025-03-01,12.5
CHM00054094,2025-03-02,2.89
CHM00054094,2025-03-03,-3.11
CHM00054094,2025-03-04,-1.11
CHM00054094,2025-03-05,2.39
CHM00054094,2025-03-06,2.39
CHM00054094,2025-03-07,2.89
CHM00054094,2025-03-08,4.11
CHM00054094,2025-03-09,8.0
CHM00054094,2025-03-10,11.72
CHM00054094,2025-03-11,12.5
CHM00054094,2025-03-12,12.5
CHM00054094,2025-03-13,11.0
CHM00054094,2025-03-14,4.28
CHM00054094,2025-03-15,4.28
CHM00054094,2025-03-16,3.78
CHM00054094,2025-03-17,1.61
CHM00054094,2025-03-18,1.11
CHM00054094,2025-03-19,6.72
CHM00054094,2025-03-20,11.0
CHM00054094,2025-03-21,12.61
CHM00054094,2025-03-22,12.61
CHM00054094,2025-03-23,11.5
CHM00054094,2025-03-24,11.72
CHM00054094,2025-03-25,11.72
CHM00054094,2025-03-26,3.78
CHM00054094,2025-03-27,4.0
CHM00054094,2025-03-28,5.0
CHM00054094,2025-03-29,5.0
CHM00054094,2025-03-30,0.22
CHM00054094,2025-03-31,6.22
CHM00054094,2025-04-01,11.22
CHM00054094,2025-04-02,12.28
CHM00054094,2025-04-03,12.28
CHM00054094,2025-04-04,14.89
CHM00054094,2025-04-05,14.89
CHM00054094,2025-04-06,9.11
CHM00054094,2025-04-07,15.11
CHM00054094,2025-04-08,18.0
CHM00054094,2025-04-09,18.0
CHM00054094,2025-04-10,20.61
CHM00054094,2025-04-11,23.78
CHM00054094,2025-04-12,23.78
CHM00054094,2025-04-13,20.28
CHM00054094,2025-04-14,12.22
CHM00054094,2025-04-15,12.11
CHM00054094,2025-04-16,16.0
CHM00054094,2025-04-17,21.11
CHM00054094,2025-04-18,21.11
CHM00054094,2025-04-19,18.22
CHM00054094,2025-04-20,21.0
CHM00054094,2025-04-21,23.61
CHM00054094,2025-04-22,13.39
CHM00054094,2025-04-23,21.22
CHM00054094,2025-04-24,21.22
CHM00054094,2025-04-25,12.28
CHM00054094,2025-04-26,15.11
CHM00054094,2025-04-27,15.78
CHM00054094,2025-04-28,15.78
CHM00054094,2025-04-29,18.5
CHM00054094,2025-04-30,19.61
CHM00054094,2025-05-01,19.61
CHM00054094,2025-05-02,17.22
CHM00054094,2025-05-03,17.22
CHM00054094,2025-05-04,16.11
CHM00054094,2025-05-05,18.39
CHM00054094,2025-05-06,18.39
CHM00054094,2025-05-07,19.72
CHM00054094,2025-05-08,19.72
CHM00054094,2025-05-09,21.61
CHM00054094,2025-05-10,21.61
CHM00054094,2025-05-11,23.28
CHM00054094,2025-05-12,27.5
CHM00054094,2025-05-13,28.11
CHM00054094,2025-05-14,28.11
CHM00054094,2025-05-15,23.28
CHM00054094,2025-05-16,25.89
CHM00054094,2025-05-17,25.89
CHM00054094,2025-05-18,22.0
CHM00054094,2025-05-19,16.0
CHM00054094,2025-05-20,20.5
CHM00054094,2025-05-21,20.5
CHM00054094,2025-05-22,20.72
CHM00054094,2025-05-23,20.89
CHM00054094,2025-05-24,23.28
CHM00054094,2025-05-25,23.28
CHM00054094,2025-05-26,22.89
CHM00054094,2025-05-27,27.39
CHM00054094,2025-05-28,29.22
CHM00054094,2025-05-29,
CHM00054094,2025-05-30,
CHM00054094,2025-05-31,
CHM00054094,2025-06-01,
CHM00054094,2025-06-02,25.78
CHM00054094,2025-06-03,25.78
CHM00054094,2025-06-04,22.0
CHM00054094,2025-06-05,21.28
CHM00054094,2025-06-06,24.0
CHM00054094,2025-06-07,24.0
CHM00054094,2025-06-08,28.28
CHM00054094,2025-06-09,28.28
CHM00054094,2025-06-10,28.0
CHM00054094,2025-06-11,20.0
CHM00054094,2025-06-12,27.5
CHM00054094,2025-06-13,27.5
CHM00054094,2025-06-14,28.11
CHM00054094,2025-06-15,28.11
CHM00054094,2025-06-16,26.72
CHM00054094,2025-06-17,27.11
CHM00054094,2025-06-18,30.39
CHM00054094,2025-06-19,30.39
CHM00054094,2025-06-20,27.5
CHM00054094,2025-06-21,23.72
CHM00054094,2025-06-22,28.22
CHM00054094,2025-06-23,32.72
CHM00054094,2025-06-24,34.5
CHM00054094,2025-06-25,36.0
CHM00054094,2025-06-26,36.11
CHM00054094,2025-06-27,36.11
CHM00054094,2025-06-28,34.5
CHM00054094,2025-06-29,33.89
CHM00054094,2025-06-30,32.39
CHM00054094,2025-07-01,32.39
CHM00054094,2025-07-02,31.78
CHM00054094,2025-07-03,31.78
CHM00054094,2025-07-04,33.78
CHM00054094,2025-07-05,33.78
CHM00054094,2025-07-06,33.39
CHM00054094,2025-07-07,32.78
CHM00054094,2025-07-08,32.78
CHM00054094,2025-07-09,30.5
CHM00054094,2025-07-10,33.89
CHM00054094,2025-07-11,33.89
CHM00054094,2025-07-12,34.39
CHM00054094,2025-07-13,34.39
CHM00054094,2025-07-14,28.28
CHM00054094,2025-07-15,28.28
CHM00054094,2025-07-16,28.5
CHM00054094,2025-07-17,28.89
CHM00054094,2025-07-18,31.78
CHM00054094,2025-07-19,32.5
CHM00054094,2025-07-20,32.5
CHM00054094,2025-07-21,31.89
CHM00054094,2025-07-22,33.11
CHM00054094,2025-07-23,35.22
CHM00054094,2025-07-24,35.22
CHM00054094,2025-07-25,33.72
CHM00054094,2025-07-26,27.72
CHM00054094,2025-07-27,27.72
CHM00054094,2025-07-28,32.39
CHM00054094,2025-07-29,32.39
CHM00054094,2025-07-30,30.78
CHM00054094,2025-07-31,29.89
CHM00054094,2025-08-01,29.89
CHM00054094,2025-08-02,30.61
CHM00054094,2025-08-03,30.61
CHM00054094,2025-08-04,30.5
CHM00054094,2025-08-05,30.5
CHM00054094,2025-08-06,29.0
CHM00054094,2025-08-07,28.0
CHM00054094,2025-08-08,27.5
CHM00054094,2025-08-09,27.5
CHM00054094,2025-08-10,28.78
CHM00054094,2025-08-11,28.78
CHM00054094,2025-08-12,27.22
CHM00054094,2025-08-13,31.28
CHM00054094,2025-08-14,31.28
CHM00054094,2025-08-15,30.89
CHM00054094,2025-08-16,30.89
CHM00054094,2025-08-17,27.78
CHM00054094,2025-08-18,27.78
CHM00054094,2025-08-19,28.39
CHM00054094,2025-08-20,29.61
CHM00054094,2025-08-21,29.61
CHM00054094,2025-08-22,29.5
CHM00054094,2025-08-23,31.28
CHM00054094,2025-08-24,31.28
CHM00054094,2025-08-25,
CHM00054094,2025-08-26,
CHM00054094,2025-08-27,
CHM00054094,2025-08-28,
CHM00054094,2025-08-29,
CHM00054094,2025-08-30,
CHM00054094,2025-08-31,
CHM00054094,2025-09-01,
CHM00054094,2025-09-02,
CHM00054094,2025-09-03,
CHM00054094,2025-09-04,
CHM00054094,2025-09-05,
CHM00054094,2025-09-06,
CHM00054094,2025-09-07,
CHM00054094,2025-09-08,
CHM00054094,2025-09-09,
CHM00054094,2025-09-10,
CHM00054094,2025-09-11,
CHM00054094,2025-09-12,
CHM00054094,2025-09-13,
CHM00054094,2025-09-14,
CHM00054094,2025-09-15,
CHM00054094,2025-09-16,
CHM00054094,2025-09-17,
CHM00054094,2025-09-18,
CHM00054094,2025-09-19,
CHM00054094,2025-09-20,
CHM00054094,2025-09-21,
CHM00054094,2025-09-22,
CHM00054094,2025-09-23,
CHM00054094,2025-09-24,
CHM00054094,2025-09-25,
CHM00054094,2025-09-26,
CHM00054094,2025-09-27,
CHM00054094,2025-09-28,
CHM00054094,2025-09-29,
CHM00054094,2025-09-30,
CHM00054094,2025-10-01,
CHM00054094,2025-10-02,
CHM00054094,2025-10-03,
CHM00054094,2025-10-04,
CHM00054094,2025-10-05,
CHM00054094,2025-10-06,
CHM00054094,2025-10-07,
CHM00054094,2025-10-08,
CHM00054094,2025-10-09,
CHM00054094,2025-10-10,
CHM00054094,2025-10-11,
CHM00054094,2025-10-12,
CHM00054094,2025-10-13,
CHM00054094,2025-10-14,
CHM00054094,2025-10-15,
CHM00054094,2025-10-16,
CHM00054094,2025-10-17,
CHM00054094,2025-10-18,
CHM00054094,2025-10-19,
CHM00054094,2025-10-20,
CHM00054094,2025-10-21,
CHM00054094,2025-10-22,
CHM00054094,2025-10-23,
CHM00054094,2025-10-24,
CHM00054094,2025-10-25,
CHM00054094,2025-10-26,
CHM00054094,2025-10-27,
CHM00054094,2025-10-28,
CHM00054094,2025-10-29,
CHM00054094,2025-10-30,
CHM00054094,2025-10-31,
CHM00054094,2025-11-01,
CHM00054094,2025-11-02,
CHM00054094,2025-11-03,
CHM00054094,2025-11-04,
CHM00054094,2025-11-05,
CHM00054094,2025-11-06,
CHM00054094,2025-11-07,
CHM00054094,2025-11-08,
CHM00054094,2025-11-09,
CHM00054094,2025-11-10,
CHM00054094,2025-11-11,
CHM00054094,2025-11-12,
CHM00054094,2025-11-13,
CHM00054094,2025-11-14,
CHM00054094,2025-11-15,
CHM00054094,2025-11-16,
CHM00054094,2025-11-17,
CHM00054094,2025-11-18,
CHM00054094,2025-11-19,
CHM00054094,2025-11-20,
CHM00054094,2025-11-21,
CHM00054094,2025-11-22,
CHM00054094,2025-11-23,
CHM00054094,2025-11-24,
CHM00054094,2025-11-25,
CHM00054094,2025-11-26,
CHM00054094,2025-11-27,
CHM00054094,2025-11-28,
CHM00054094,2025-11-29,
CHM00054094,2025-11-30,
CHM00054094,2025-12-01,
CHM00054094,2025-12-02,
CHM00054094,2025-12-03,
CHM00054094,2025-12-04,
CHM00054094,2025-12-05,
CHM00054094,2025-12-06,
CHM00054094,2025-12-07,
CHM00054094,2025-12-08,
CHM00054094,2025-12-09,
CHM00054094,2025-12-10,
CHM00054094,2025-12-11,
CHM00054094,2025-12-12,
CHM00054094,2025-12-13,
CHM00054094,2025-12-14,
CHM00054094,2025-12-15,
CHM00054094,2025-12-16,
CHM00054094,2025-12-17,
CHM00054094,2025-12-18,
CHM00054094,2025-12-19,
CHM00054094,2025-12-20,
CHM00054094,2025-12-21,
CHM00054094,2025-12-22,
CHM00054094,2025-12-23,
CHM00054094,2025-12-24,
CHM00054094,2025-12-25,
CHM00054094,2025-12-26,
CHM00054094,2025-12-27,
CHM00054094,2025-12-28,
CHM00054094,2025-12-29,
CHM00054094,2025-12-30,
CHM00054094,2025-12-31,
CHM00054157,2025-01-01,-2.11
CHM00054157,2025-01-02,-2.11
CHM00054157,2025-01-03,-4.72
CHM00054157,2025-01-04,-1.11
CHM00054157,2025-01-05,-1.11
CHM00054157,2025-01-06,-4.28
CHM00054157,2025-01-07,-8.0
CHM00054157,2025-01-08,-8.0
CHM00054157,2025-01-09,-12.72
CHM00054157,2025-01-10,-7.39
CHM00054157,2025-01-11,-5.78
CHM00054157,2025-01-12,-5.61
CHM00054157,2025-01-13,-3.61
CHM00054157,2025-01-14,-3.61
CHM00054157,2025-01-15,-4.39
CHM00054157,2025-01-16,-2.0
CHM00054157,2025-01-17,3.28
CHM00054157,2025-01-18,5.0
CHM00054157,2025-01-19,5.0
CHM00054157,2025-01-20,1.28
CHM00054157,2025-01-21,1.28
CHM00054157,2025-01-22,-1.89
CHM00054157,2025-01-23,-1.0
CHM00054157,2025-01-24,-0.89
CHM00054157,2025-01-25,-0.5
CHM00054157,2025-01-26,-0.11
CHM00054157,2025-01-27,-0.11
CHM00054157,2025-01-28,-7.78
CHM00054157,2025-01-29,-11.28
CHM00054157,2025-01-30,-15.0
CHM00054157,2025-01-31,-13.5
CHM00054157,2025-02-01,-9.0
CHM00054157,2025-02-02,-9.0
CHM00054157,2025-02-03,-10.72
CHM00054157,2025-02-04,-14.5
CHM00054157,2025-02-05,-15.78
CHM00054157,2025-02-06,-10.61
CHM00054157,2025-02-07,-10.61
CHM00054157,2025-02-08,-9.89
CHM00054157,2025-02-09,-9.89
CHM00054157,2025-02-10,-4.89
CHM00054157,2025-02-11,1.72
CHM00054157,2025-02-12,1.72
CHM00054157,2025-02-13,-0.39
CHM00054157,2025-02-14,2.89
CHM00054157,2025-02-15,3.72
CHM00054157,2025-02-16,3.72
CHM00054157,2025-02-17,-2.0
CHM00054157,2025-02-18,-4.28
CHM00054157,2025-02-19,-5.78
CHM00054157,2025-02-20,-4.89
CHM00054157,2025-02-21,-4.89
CHM00054157,2025-02-22,-5.11
CHM00054157,2025-02-23,-4.89
CHM00054157,2025-02-24,1.11
CHM00054157,2025-02-25,1.11
CHM00054157,2025-02-26,2.72
CHM00054157,2025-02-27,8.22
CHM00054157,2025-02-28,9.61
CHM00054157,2025-03-01,9.61
CHM00054157,2025-03-02,4.28
CHM00054157,2025-03-03,1.22
CHM00054157,2025-03-04,2.39
CHM00054157,2025-03-05,4.5
CHM00054157,2025-03-06,4.5
CHM00054157,2025-03-07,7.28
CHM00054157,2025-03-08,7.28
CHM00054157,2025-03-09,11.78
CHM00054157,2025-03-10,11.89
CHM00054157,2025-03-11,13.89
CHM00054157,2025-03-12,13.89
CHM00054157,2025-03-13,7.22
CHM00054157,2025-03-14,4.89
CHM00054157,2025-03-15,4.28
CHM00054157,2025-03-16,1.28
CHM00054157,2025-03-17,1.11
CHM00054157,2025-03-18,1.89
CHM00054157,2025-03-19,8.72
CHM00054157,2025-03-20,15.11
CHM00054157,2025-03-21,19.61
CHM00054157,2025-03-22,19.61
CHM00054157,2025-03-23,23.28
CHM00054157,2025-03-24,11.0
CHM00054157,2025-03-25,11.11
CHM00054157,2025-03-26,7.39
CHM00054157,2025-03-27,7.39
CHM00054157,2025-03-28,4.11
CHM00054157,2025-03-29,2.89
CHM00054157,2025-03-30,1.72
CHM00054157,2025-03-31,11.61
CHM00054157,2025-04-01,12.0
CHM00054157,2025-04-02,12.72
CHM00054157,2025-04-03,14.78
CHM00054157,2025-04-04,16.61
CHM00054157,2025-04-05,16.61
CHM00054157,2025-04-06,10.78
CHM00054157,2025-04-07,15.61
CHM00054157,2025-04-08,16.78
CHM00054157,2025-04-09,16.78
CHM00054157,2025-04-10,19.39
CHM00054157,2025-04-11,21.61
CHM00054157,2025-04-12,21.61
CHM00054157,2025-04-13,10.28
CHM00054157,2025-04-14,7.89
CHM00054157,2025-04-15,14.0
CHM00054157,2025-04-16,19.72
CHM00054157,2025-04-17,20.78
CHM00054157,2025-04-18,20.78
CHM00054157,2025-04-19,16.39
CHM00054157,2025-04-20,21.39
CHM00054157,2025-04-21,21.39
CHM00054157,2025-04-22,15.61
CHM00054157,2025-04-23,20.22
CHM00054157,2025-04-24,20.22
CHM00054157,2025-04-25,14.0
CHM00054157,2025-04-26,18.61
CHM00054157,2025-04-27,18.61
CHM00054157,2025-04-28,15.11
CHM00054157,2025-04-29,24.78
CHM00054157,2025-04-30,24.78
CHM00054157,2025-05-01,16.72
CHM00054157,2025-05-02,18.22
CHM00054157,2025-05-03,18.22
CHM00054157,2025-05-04,15.61
CHM00054157,2025-05-05,16.72
CHM00054157,2025-05-06,17.61
CHM00054157,2025-05-07,22.0
CHM00054157,2025-05-08,22.5
CHM00054157,2025-05-09,22.5
CHM00054157,2025-05-10,21.78
CHM00054157,2025-05-11,25.61
CHM00054157,2025-05-12,27.28
CHM00054157,2025-05-13,28.22
CHM00054157,2025-05-14,28.22
CHM00054157,2025-05-15,22.78
CHM00054157,2025-05-16,27.89
CHM00054157,2025-05-17,13.72
CHM00054157,2025-05-18,17.39
CHM00054157,2025-05-19,19.5
CHM00054157,2025-05-20,19.5
CHM00054157,2025-05-21,23.0
CHM00054157,2025-05-22,23.0
CHM00054157,2025-05-23,23.28
CHM00054157,2025-05-24,23.28
CHM00054157,2025-05-25,25.22
CHM00054157,2025-05-26,25.89
CHM00054157,2025-05-27,28.11
CHM00054157,2025-05-28,28.28
CHM00054157,2025-05-29,29.0
CHM00054157,2025-05-30,30.78
CHM00054157,2025-05-31,30.78
CHM00054157,2025-06-01,27.22
CHM00054157,2025-06-02,24.22
CHM00054157,2025-06-03,24.22
CHM00054157,2025-06-04,23.0
CHM00054157,2025-06-05,26.39
CHM00054157,2025-06-06,27.78
CHM00054157,2025-06-07,27.78
CHM00054157,2025-06-08,31.28
CHM00054157,2025-06-09,31.28
CHM00054157,2025-06-10,24.5
CHM00054157,2025-06-11,26.39
CHM00054157,2025-06-12,29.22
CHM00054157,2025-06-13,29.28
CHM00054157,2025-06-14,29.28
CHM00054157,2025-06-15,28.72
CHM00054157,2025-06-16,26.28
CHM00054157,2025-06-17,27.0
CHM00054157,2025-06-18,30.72
CHM00054157,2025-06-19,30.72
CHM00054157,2025-06-20,24.11
CHM00054157,2025-06-21,26.0
CHM00054157,2025-06-22,30.89
CHM00054157,2025-06-23,32.22
CHM00054157,2025-06-24,33.11
CHM00054157,2025-06-25,34.5
CHM00054157,2025-06-26,34.5
CHM00054157,2025-06-27,32.28
CHM00054157,2025-06-28,26.61
CHM00054157,2025-06-29,29.0
CHM00054157,2025-06-30,29.0
CHM00054157,2025-07-01,28.11
CHM00054157,2025-07-02,28.72
CHM00054157,2025-07-03,28.72
CHM00054157,2025-07-04,31.0
CHM00054157,2025-07-05,31.0
CHM00054157,2025-07-06,30.5
CHM00054157,2025-07-07,32.0
CHM00054157,2025-07-08,32.28
CHM00054157,2025-07-09,33.61
CHM00054157,2025-07-10,33.61
CHM00054157,2025-07-11,33.0
CHM00054157,2025-07-12,32.28
CHM00054157,2025-07-13,31.39
CHM00054157,2025-07-14,30.11
CHM00054157,2025-07-15,30.28
CHM00054157,2025-07-16,30.28
CHM00054157,2025-07-17,27.5
CHM00054157,2025-07-18,27.61
CHM00054157,2025-07-19,30.0
CHM00054157,2025-07-20,30.0
CHM00054157,2025-07-21,28.22
CHM00054157,2025-07-22,30.5
CHM00054157,2025-07-23,30.5
CHM00054157,2025-07-24,29.89
CHM00054157,2025-07-25,29.11
CHM00054157,2025-07-26,28.72
CHM00054157,2025-07-27,28.28
CHM00054157,2025-07-28,31.22
CHM00054157,2025-07-29,31.22
CHM00054157,2025-07-30,28.0
CHM00054157,2025-07-31,29.0
CHM00054157,2025-08-01,29.5
CHM00054157,2025-08-02,30.11
CHM00054157,2025-08-03,30.11
CHM00054157,2025-08-04,28.5
CHM00054157,2025-08-05,28.5
CHM00054157,2025-08-06,26.28
CHM00054157,2025-08-07,27.22
CHM00054157,2025-08-08,27.22
CHM00054157,2025-08-09,26.89
CHM00054157,2025-08-10,28.5
CHM00054157,2025-08-11,28.5
CHM00054157,2025-08-12,28.28
CHM00054157,2025-08-13,28.28
CHM00054157,2025-08-14,29.28
CHM00054157,2025-08-15,29.28
CHM00054157,2025-08-16,29.11
CHM00054157,2025-08-17,27.89
CHM00054157,2025-08-18,28.72
CHM00054157,2025-08-19,30.28
CHM00054157,2025-08-20,31.39
CHM00054157,2025-08-21,31.39
CHM00054157,2025-08-22,30.5
CHM00054157,2025-08-23,29.5
CHM00054157,2025-08-24,28.28
CHM00054157,2025-08-25,
CHM00054157,2025-08-26,
CHM00054157,2025-08-27,
CHM00054157,2025-08-28,
CHM00054157,2025-08-29,
CHM00054157,2025-08-30,
CHM00054157,2025-08-31,
CHM00054157,2025-09-01,
CHM00054157,2025-09-02,
CHM00054157,2025-09-03,
CHM00054157,2025-09-04,
CHM00054157,2025-09-05,
CHM00054157,2025-09-06,
CHM00054157,2025-09-07,
CHM00054157,2025-09-08,
CHM00054157,2025-09-09,
CHM00054157,2025-09-10,
CHM00054157,2025-09-11,
CHM00054157,2025-09-12,
CHM00054157,2025-09-13,
CHM00054157,2025-09-14,
CHM00054157,2025-09-15,
CHM00054157,2025-09-16,
CHM00054157,2025-09-17,
CHM00054157,2025-09-18,
CHM00054157,2025-09-19,
CHM00054157,2025-09-20,
CHM00054157,2025-09-21,
CHM00054157,2025-09-22,
CHM00054157,2025-09-23,
CHM00054157,2025-09-24,
CHM00054157,2025-09-25,
CHM00054157,2025-09-26,
CHM00054157,2025-09-27,
CHM00054157,2025-09-28,
CHM00054157,2025-09-29,
CHM00054157,2025-09-30,
CHM00054157,2025-10-01,
CHM00054157,2025-10-02,
CHM00054157,2025-10-03,
CHM00054157,2025-10-04,
CHM00054157,2025-10-05,
CHM00054157,2025-10-06,
CHM00054157,2025-10-07,
CHM00054157,2025-10-08,
CHM00054157,2025-10-09,
CHM00054157,2025-10-10,
CHM00054157,2025-10-11,
CHM00054157,2025-10-12,
CHM00054157,2025-10-13,
CHM00054157,2025-10-14,
CHM00054157,2025-10-15,
CHM00054157,2025-10-16,
CHM00054157,2025-10-17,
CHM00054157,2025-10-18,
CHM00054157,2025-10-19,
CHM00054157,2025-10-20,
CHM00054157,2025-10-21,
CHM00054157,2025-10-22,
CHM00054157,2025-10-23,
CHM00054157,2025-10-24,
CHM00054157,2025-10-25,
CHM00054157,2025-10-26,
CHM00054157,2025-10-27,
CHM00054157,2025-10-28,
CHM00054157,2025-10-29,
CHM00054157,2025-10-30,
CHM00054157,2025-10-31,
CHM00054157,2025-11-01,
CHM00054157,2025-11-02,
CHM00054157,2025-11-03,
CHM00054157,2025-11-04,
CHM00054157,2025-11-05,
CHM00054157,2025-11-06,
CHM00054157,2025-11-07,
CHM00054157,2025-11-08,
CHM00054157,2025-11-09,
CHM00054157,2025-11-10,
CHM00054157,2025-11-11,
CHM00054157,2025-11-12,
CHM00054157,2025-11-13,
CHM00054157,2025-11-14,
CHM00054157,2025-11-15,
CHM00054157,2025-11-16,
CHM00054157,2025-11-17,
CHM00054157,2025-11-18,
CHM00054157,2025-11-19,
CHM00054157,2025-11-20,
CHM00054157,2025-11-21,
CHM00054157,2025-11-22,
CHM00054157,2025-11-23,
CHM00054157,2025-11-24,
CHM00054157,2025-11-25,
CHM00054157,2025-11-26,
CHM00054157,2025-11-27,
CHM00054157,2025-11-28,
CHM00054157,2025-11-29,
CHM00054157,2025-11-30,
CHM00054157,2025-12-01,
CHM00054157,2025-12-02,
CHM00054157,2025-12-03,
CHM00054157,2025-12-04,
CHM00054157,2025-12-05,
CHM00054157,2025-12-06,
CHM00054157,2025-12-07,
CHM00054157,2025-12-08,
CHM00054157,2025-12-09,
CHM00054157,2025-12-10,
CHM00054157,2025-12-11,
CHM00054157,2025-12-12,
CHM00054157,2025-12-13,
CHM00054157,2025-12-14,
CHM00054157,2025-12-15,
CHM00054157,2025-12-16,
CHM00054157,2025-12-17,
CHM00054157,2025-12-18,
CHM00054157,2025-12-19,
CHM00054157,2025-12-20,
CHM00054157,2025-12-21,
CHM00054157,2025-12-22,
CHM00054157,2025-12-23,
CHM00054157,2025-12-24,
CHM00054157,2025-12-25,
CHM00054157,2025-12-26,
CHM00054157,2025-12-27,
CHM00054157,2025-12-28,
CHM00054157,2025-12-29,
CHM00054157,2025-12-30,
CHM00054157,2025-12-31,
CHM00054236,2025-01-01,2.22
CHM00054236,2025-01-02,1.78
CHM00054236,2025-01-03,0.0
CHM00054236,2025-01-04,0.0
CHM00054236,2025-01-05,0.0
CHM00054236,2025-01-06,-2.5
CHM00054236,2025-01-07,-2.5
CHM00054236,2025-01-08,-3.11
CHM00054236,2025-01-09,-6.61
CHM00054236,2025-01-10,-4.22
CHM00054236,2025-01-11,-4.22
CHM00054236,2025-01-12,-3.22
CHM00054236,2025-01-13,0.0
CHM00054236,2025-01-14,0.0
CHM00054236,2025-01-15,-1.28
CHM00054236,2025-01-16,2.78
CHM00054236,2025-01-17,5.72
CHM00054236,2025-01-18,6.39
CHM00054236,2025-01-19,6.39
CHM00054236,2025-01-20,3.89
CHM00054236,2025-01-21,3.0
CHM00054236,2025-01-22,0.72
CHM00054236,2025-01-23,0.22
CHM00054236,2025-01-24,1.28
CHM00054236,2025-01-25,1.28
CHM00054236,2025-01-26,0.78
CHM00054236,2025-01-27,-2.78
CHM00054236,2025-01-28,-8.89
CHM00054236,2025-01-29,-8.39
CHM00054236,2025-01-30,-6.61
CHM00054236,2025-01-31,-6.22
CHM00054236,2025-02-01,-6.11
CHM00054236,2025-02-02,-4.89
CHM00054236,2025-02-03,-4.89
CHM00054236,2025-02-04,-8.28
CHM00054236,2025-02-05,-7.5
CHM00054236,2025-02-06,-7.5
CHM00054236,2025-02-07,-7.89
CHM00054236,2025-02-08,-5.72
CHM00054236,2025-02-09,-4.28
CHM00054236,2025-02-10,1.5
CHM00054236,2025-02-11,4.0
CHM00054236,2025-02-12,4.0
CHM00054236,2025-02-13,7.39
CHM00054236,2025-02-14,8.39
CHM00054236,2025-02-15,9.11
CHM00054236,2025-02-16,9.11
CHM00054236,2025-02-17,1.89
CHM00054236,2025-02-18,-0.72
CHM00054236,2025-02-19,-2.5
CHM00054236,2025-02-20,-2.5
CHM00054236,2025-02-21,-2.61
CHM00054236,2025-02-22,-3.28
CHM00054236,2025-02-23,-1.0
CHM00054236,2025-02-24,7.11
CHM00054236,2025-02-25,7.11
CHM00054236,2025-02-26,8.39
CHM00054236,2025-02-27,12.0
CHM00054236,2025-02-28,12.61
CHM00054236,2025-03-01,12.61
CHM00054236,2025-03-02,2.89
CHM00054236,2025-03-03,2.5
CHM00054236,2025-03-04,3.11
CHM00054236,2025-03-05,6.72
CHM00054236,2025-03-06,6.72
CHM00054236,2025-03-07,8.78
CHM00054236,2025-03-08,9.22
CHM00054236,2025-03-09,13.22
CHM00054236,2025-03-10,13.22
CHM00054236,2025-03-11,12.0
CHM00054236,2025-03-12,12.0
CHM00054236,2025-03-13,11.11
CHM00054236,2025-03-14,7.89
CHM00054236,2025-03-15,6.5
CHM00054236,2025-03-16,3.89
CHM00054236,2025-03-17,2.72
CHM00054236,2025-03-18,3.61
CHM00054236,2025-03-19,11.78
CHM00054236,2025-03-20,19.11
CHM00054236,2025-03-21,23.11
CHM00054236,2025-03-22,24.0
CHM00054236,2025-03-23,24.0
CHM00054236,2025-03-24,20.89
CHM00054236,2025-03-25,12.61
CHM00054236,2025-03-26,8.11
CHM00054236,2025-03-27,8.11
CHM00054236,2025-03-28,7.89
CHM00054236,2025-03-29,6.0
CHM00054236,2025-03-30,5.39
CHM00054236,2025-03-31,13.61
CHM00054236,2025-04-01,13.61
CHM00054236,2025-04-02,13.89
CHM00054236,2025-04-03,16.11
CHM00054236,2025-04-04,16.11
CHM00054236,2025-04-05,14.89
CHM00054236,2025-04-06,15.61
CHM00054236,2025-04-07,19.22
CHM00054236,2025-04-08,19.39
CHM00054236,2025-04-09,19.39
CHM00054236,2025-04-10,19.72
CHM00054236,2025-04-11,20.89
CHM00054236,2025-04-12,8.0
CHM00054236,2025-04-13,8.22
CHM00054236,2025-04-14,8.11
CHM00054236,2025-04-15,15.72
CHM00054236,2025-04-16,20.0
CHM00054236,2025-04-17,20.0
CHM00054236,2025-04-18,18.11
CHM00054236,2025-04-19,18.39
CHM00054236,2025-04-20,23.72
CHM00054236,2025-04-21,23.72
CHM00054236,2025-04-22,17.11
CHM00054236,2025-04-23,22.72
CHM00054236,2025-04-24,22.72
CHM00054236,2025-04-25,18.39
CHM00054236,2025-04-26,22.0
CHM00054236,2025-04-27,22.0
CHM00054236,2025-04-28,19.22
CHM00054236,2025-04-29,23.78
CHM00054236,2025-04-30,23.78
CHM00054236,2025-05-01,17.28
CHM00054236,2025-05-02,20.39
CHM00054236,2025-05-03,20.39
CHM00054236,2025-05-04,19.39
CHM00054236,2025-05-05,19.11
CHM00054236,2025-05-06,19.61
CHM00054236,2025-05-07,22.39
CHM00054236,2025-05-08,22.39
CHM00054236,2025-05-09,21.39
CHM00054236,2025-05-10,23.78
CHM00054236,2025-05-11,27.39
CHM00054236,2025-05-12,27.89
CHM00054236,2025-05-13,27.89
CHM00054236,2025-05-14,26.5
CHM00054236,2025-05-15,22.89
CHM00054236,2025-05-16,24.78
CHM00054236,2025-05-17,24.78
CHM00054236,2025-05-18,20.5
CHM00054236,2025-05-19,25.0
CHM00054236,2025-05-20,25.0
CHM00054236,2025-05-21,25.72
CHM00054236,2025-05-22,25.72
CHM00054236,2025-05-23,23.72
CHM00054236,2025-05-24,24.22
CHM00054236,2025-05-25,26.22
CHM00054236,2025-05-26,27.61
CHM00054236,2025-05-27,27.61
CHM00054236,2025-05-28,27.72
CHM00054236,2025-05-29,28.39
CHM00054236,2025-05-30,30.5
CHM00054236,2025-05-31,30.5
CHM00054236,2025-06-01,28.22
CHM00054236,2025-06-02,27.11
CHM00054236,2025-06-03,27.11
CHM00054236,2025-06-04,26.89
CHM00054236,2025-06-05,28.5
CHM00054236,2025-06-06,31.11
CHM00054236,2025-06-07,31.11
CHM00054236,2025-06-08,32.11
CHM00054236,2025-06-09,32.11
CHM00054236,2025-06-10,26.61
CHM00054236,2025-06-11,29.22
CHM00054236,2025-06-12,29.61
CHM00054236,2025-06-13,29.61
CHM00054236,2025-06-14,29.72
CHM00054236,2025-06-15,29.72
CHM00054236,2025-06-16,26.5
CHM00054236,2025-06-17,29.72
CHM00054236,2025-06-18,29.72
CHM00054236,2025-06-19,29.39
CHM00054236,2025-06-20,26.61
CHM00054236,2025-06-21,30.0
CHM00054236,2025-06-22,32.61
CHM00054236,2025-06-23,33.28
CHM00054236,2025-06-24,33.28
CHM00054236,2025-06-25,34.78
CHM00054236,2025-06-26,34.78
CHM00054236,2025-06-27,33.11
CHM00054236,2025-06-28,27.11
CHM00054236,2025-06-29,29.0
CHM00054236,2025-06-30,29.0
CHM00054236,2025-07-01,29.0
CHM00054236,2025-07-02,29.22
CHM00054236,2025-07-03,29.22
CHM00054236,2025-07-04,29.11
CHM00054236,2025-07-05,29.11
CHM00054236,2025-07-06,31.5
CHM00054236,2025-07-07,31.78
CHM00054236,2025-07-08,32.5
CHM00054236,2025-07-09,32.5
CHM00054236,2025-07-10,33.89
CHM00054236,2025-07-11,33.89
CHM00054236,2025-07-12,33.11
CHM00054236,2025-07-13,32.39
CHM00054236,2025-07-14,31.11
CHM00054236,2025-07-15,31.11
CHM00054236,2025-07-16,29.89
CHM00054236,2025-07-17,26.78
CHM00054236,2025-07-18,32.28
CHM00054236,2025-07-19,32.28
CHM00054236,2025-07-20,30.72
CHM00054236,2025-07-21,30.39
CHM00054236,2025-07-22,31.39
CHM00054236,2025-07-23,31.39
CHM00054236,2025-07-24,31.28
CHM00054236,2025-07-25,29.72
CHM00054236,2025-07-26,31.61
CHM00054236,2025-07-27,31.61
CHM00054236,2025-07-28,31.22
CHM00054236,2025-07-29,27.5
CHM00054236,2025-07-30,30.28
CHM00054236,2025-07-31,30.5
CHM00054236,2025-08-01,31.39
CHM00054236,2025-08-02,31.39
CHM00054236,2025-08-03,31.11
CHM00054236,2025-08-04,29.72
CHM00054236,2025-08-05,29.72
CHM00054236,2025-08-06,28.28
CHM00054236,2025-08-07,29.5
CHM00054236,2025-08-08,29.5
CHM00054236,2025-08-09,30.39
CHM00054236,2025-08-10,30.78
CHM00054236,2025-08-11,30.78
CHM00054236,2025-08-12,30.28
CHM00054236,2025-08-13,30.28
CHM00054236,2025-08-14,31.89
CHM00054236,2025-08-15,31.89
CHM00054236,2025-08-16,31.89
CHM00054236,2025-08-17,31.89
CHM00054236,2025-08-18,31.39
CHM00054236,2025-08-19,32.28
CHM00054236,2025-08-20,32.28
CHM00054236,2025-08-21,31.0
CHM00054236,2025-08-22,33.39
CHM00054236,2025-08-23,33.39
CHM00054236,2025-08-24,29.28
CHM00054236,2025-08-25,
CHM00054236,2025-08-26,
CHM00054236,2025-08-27,
CHM00054236,2025-08-28,
CHM00054236,2025-08-29,
CHM00054236,2025-08-30,
CHM00054236,2025-08-31,
CHM00054236,2025-09-01,
CHM00054236,2025-09-02,
CHM00054236,2025-09-03,
CHM00054236,2025-09-04,
CHM00054236,2025-09-05,
CHM00054236,2025-09-06,
CHM00054236,2025-09-07,
CHM00054236,2025-09-08,
CHM00054236,2025-09-09,
CHM00054236,2025-09-10,
CHM00054236,2025-09-11,
CHM00054236,2025-09-12,
CHM00054236,2025-09-13,
CHM00054236,2025-09-14,
CHM00054236,2025-09-15,
CHM00054236,2025-09-16,
CHM00054236,2025-09-17,
CHM00054236,2025-09-18,
CHM00054236,2025-09-19,
CHM00054236,2025-09-20,
CHM00054236,2025-09-21,
CHM00054236,2025-09-22,
CHM00054236,2025-09-23,
CHM00054236,2025-09-24,
CHM00054236,2025-09-25,
CHM00054236,2025-09-26,
CHM00054236,2025-09-27,
CHM00054236,2025-09-28,
CHM00054236,2025-09-29,
CHM00054236,2025-09-30,
CHM00054236,2025-10-01,
CHM00054236,2025-10-02,
CHM00054236,2025-10-03,
CHM00054236,2025-10-04,
CHM00054236,2025-10-05,
CHM00054236,2025-10-06,
CHM00054236,2025-10-07,
CHM00054236,2025-10-08,
CHM00054236,2025-10-09,
CHM00054236,2025-10-10,
CHM00054236,2025-10-11,
CHM00054236,2025-10-12,
CHM00054236,2025-10-13,
CHM00054236,2025-10-14,
CHM00054236,2025-10-15,
CHM00054236,2025-10-16,
CHM00054236,2025-10-17,
CHM00054236,2025-10-18,
CHM00054236,2025-10-19,
CHM00054236,2025-10-20,
CHM00054236,2025-10-21,
CHM00054236,2025-10-22,
CHM00054236,2025-10-23,
CHM00054236,2025-10-24,
CHM00054236,2025-10-25,
CHM00054236,2025-10-26,
CHM00054236,2025-10-27,
CHM00054236,2025-10-28,
CHM00054236,2025-10-29,
CHM00054236,2025-10-30,
CHM00054236,2025-10-31,
CHM00054236,2025-11-01,
CHM00054236,2025-11-02,
CHM00054236,2025-11-03,
CHM00054236,2025-11-04,
CHM00054236,2025-11-05,
CHM00054236,2025-11-06,
CHM00054236,2025-11-07,
CHM00054236,2025-11-08,
CHM00054236,2025-11-09,
CHM00054236,2025-11-10,
CHM00054236,2025-11-11,
CHM00054236,2025-11-12,
CHM00054236,2025-11-13,
CHM00054236,2025-11-14,
CHM00054236,2025-11-15,
CHM00054236,2025-11-16,
CHM00054236,2025-11-17,
CHM00054236,2025-11-18,
CHM00054236,2025-11-19,
CHM00054236,2025-11-20,
CHM00054236,2025-11-21,
CHM00054236,2025-11-22,
CHM00054236,2025-11-23,
CHM00054236,2025-11-24,
CHM00054236,2025-11-25,
CHM00054236,2025-11-26,
CHM00054236,2025-11-27,
CHM00054236,2025-11-28,
CHM00054236,2025-11-29,
CHM00054236,2025-11-30,
CHM00054236,2025-12-01,
CHM00054236,2025-12-02,
CHM00054236,2025-12-03,
CHM00054236,2025-12-04,
CHM00054236,2025-12-05,
CHM00054236,2025-12-06,
CHM00054236,2025-12-07,
CHM00054236,2025-12-08,
CHM00054236,2025-12-09,
CHM00054236,2025-12-10,
CHM00054236,2025-12-11,
CHM00054236,2025-12-12,
CHM00054236,2025-12-13,
CHM00054236,2025-12-14,
CHM00054236,2025-12-15,
CHM00054236,2025-12-16,
CHM00054236,2025-12-17,
CHM00054236,2025-12-18,
CHM00054236,2025-12-19,
CHM00054236,2025-12-20,
CHM00054236,2025-12-21,
CHM00054236,2025-12-22,
CHM00054236,2025-12-23,
CHM00054236,2025-12-24,
CHM00054236,2025-12-25,
CHM00054236,2025-12-26,
CHM00054236,2025-12-27,
CHM00054236,2025-12-28,
CHM00054236,2025-12-29,
CHM00054236,2025-12-30,
CHM00054236,2025-12-31,
CHM00054725,2025-01-01,10.11
CHM00054725,2025-01-02,10.11
CHM00054725,2025-01-03,7.0
CHM00054725,2025-01-04,8.5
CHM00054725,2025-01-05,9.0
CHM00054725,2025-01-06,9.0
CHM00054725,2025-01-07,7.89
CHM00054725,2025-01-08,7.89
CHM00054725,2025-01-09,1.0
CHM00054725,2025-01-10,4.22
CHM00054725,2025-01-11,5.39
CHM00054725,2025-01-12,5.39
CHM00054725,2025-01-13,8.0
CHM00054725,2025-01-14,8.0
CHM00054725,2025-01-15,4.22
CHM00054725,2025-01-16,6.78
CHM00054725,2025-01-17,9.78
CHM00054725,2025-01-18,12.0
CHM00054725,2025-01-19,12.0
CHM00054725,2025-01-20,11.78
CHM00054725,2025-01-21,11.78
CHM00054725,2025-01-22,11.0
CHM00054725,2025-01-23,6.78
CHM00054725,2025-01-24,6.78
CHM00054725,2025-01-25,6.39
CHM00054725,2025-01-26,5.78
CHM00054725,2025-01-27,1.22
CHM00054725,2025-01-28,-0.78
CHM00054725,2025-01-29,8.11
CHM00054725,2025-01-30,8.11
CHM00054725,2025-01-31,3.5
CHM00054725,2025-02-01,3.28
CHM00054725,2025-02-02,5.28
CHM00054725,2025-02-03,5.28
CHM00054725,2025-02-04,3.11
CHM00054725,2025-02-05,1.5
CHM00054725,2025-02-06,4.78
CHM00054725,2025-02-07,4.78
CHM00054725,2025-02-08,-1.11
CHM00054725,2025-02-09,2.78
CHM00054725,2025-02-10,9.0
CHM00054725,2025-02-11,12.61
CHM00054725,2025-02-12,12.61
CHM00054725,2025-02-13,10.89
CHM00054725,2025-02-14,13.11
CHM00054725,2025-02-15,15.89
CHM00054725,2025-02-16,15.89
CHM00054725,2025-02-17,8.0
CHM00054725,2025-02-18,7.61
CHM00054725,2025-02-19,7.61
CHM00054725,2025-02-20,8.11
CHM00054725,2025-02-21,8.11
CHM00054725,2025-02-22,5.11
CHM00054725,2025-02-23,5.11
CHM00054725,2025-02-24,9.22
CHM00054725,2025-02-25,13.78
CHM00054725,2025-02-26,17.0
CHM00054725,2025-02-27,17.61
CHM00054725,2025-02-28,20.22
CHM00054725,2025-03-01,20.22
CHM00054725,2025-03-02,1.5
CHM00054725,2025-03-03,3.0
CHM00054725,2025-03-04,6.28
CHM00054725,2025-03-05,9.5
CHM00054725,2025-03-06,11.0
CHM00054725,2025-03-07,11.72
CHM00054725,2025-03-08,15.11
CHM00054725,2025-03-09,16.72
CHM00054725,2025-03-10,18.39
CHM00054725,2025-03-11,18.39
CHM00054725,2025-03-12,18.5
CHM00054725,2025-03-13,20.39
CHM00054725,2025-03-14,20.39
CHM00054725,2025-03-15,16.0
CHM00054725,2025-03-16,9.11
CHM00054725,2025-03-17,11.78
CHM00054725,2025-03-18,11.78
CHM00054725,2025-03-19,18.22
CHM00054725,2025-03-20,23.5
CHM00054725,2025-03-21,25.0
CHM00054725,2025-03-22,26.11
CHM00054725,2025-03-23,26.11
CHM00054725,2025-03-24,23.89
CHM00054725,2025-03-25,21.78
CHM00054725,2025-03-26,21.78
CHM00054725,2025-03-27,18.0
CHM00054725,2025-03-28,12.5
CHM00054725,2025-03-29,12.11
CHM00054725,2025-03-30,15.72
CHM00054725,2025-03-31,18.5
CHM00054725,2025-04-01,21.61
CHM00054725,2025-04-02,21.61
CHM00054725,2025-04-03,19.78
CHM00054725,2025-04-04,19.78
CHM00054725,2025-04-05,18.78
CHM00054725,2025-04-06,25.28
CHM00054725,2025-04-07,26.0
CHM00054725,2025-04-08,26.0
CHM00054725,2025-04-09,21.0
CHM00054725,2025-04-10,24.61
CHM00054725,2025-04-11,27.11
CHM00054725,2025-04-12,12.61
CHM00054725,2025-04-13,16.89
CHM00054725,2025-04-14,21.89
CHM00054725,2025-04-15,28.5
CHM00054725,2025-04-16,30.0
CHM00054725,2025-04-17,30.0
CHM00054725,2025-04-18,27.39
CHM00054725,2025-04-19,20.89
CHM00054725,2025-04-20,25.89
CHM00054725,2025-04-21,25.89
CHM00054725,2025-04-22,24.72
CHM00054725,2025-04-23,27.72
CHM00054725,2025-04-24,27.72
CHM00054725,2025-04-25,24.72
CHM00054725,2025-04-26,29.39
CHM00054725,2025-04-27,19.0
CHM00054725,2025-04-28,25.5
CHM00054725,2025-04-29,29.11
CHM00054725,2025-04-30,29.78
CHM00054725,2025-05-01,29.78
CHM00054725,2025-05-02,25.78
CHM00054725,2025-05-03,25.78
CHM00054725,2025-05-04,25.89
CHM00054725,2025-05-05,25.89
CHM00054725,2025-05-06,23.28
CHM00054725,2025-05-07,21.39
CHM00054725,2025-05-08,23.72
CHM00054725,2025-05-09,23.72
CHM00054725,2025-05-10,22.39
CHM00054725,2025-05-11,28.72
CHM00054725,2025-05-12,30.5
CHM00054725,2025-05-13,30.5
CHM00054725,2025-05-14,30.5
CHM00054725,2025-05-15,27.0
CHM00054725,2025-05-16,31.22
CHM00054725,2025-05-17,31.22
CHM00054725,2025-05-18,27.28
CHM00054725,2025-05-19,35.72
CHM00054725,2025-05-20,37.39
CHM00054725,2025-05-21,37.39
CHM00054725,2025-05-22,26.28
CHM00054725,2025-05-23,24.61
CHM00054725,2025-05-24,27.28
CHM00054725,2025-05-25,28.0
CHM00054725,2025-05-26,29.28
CHM00054725,2025-05-27,30.78
CHM00054725,2025-05-28,31.5
CHM00054725,2025-05-29,31.78
CHM00054725,2025-05-30,32.0
CHM00054725,2025-05-31,32.0
CHM00054725,2025-06-01,30.22
CHM00054725,2025-06-02,31.0
CHM00054725,2025-06-03,31.89
CHM00054725,2025-06-04,33.11
CHM00054725,2025-06-05,37.28
CHM00054725,2025-06-06,38.5
CHM00054725,2025-06-07,38.5
CHM00054725,2025-06-08,34.78
CHM00054725,2025-06-09,37.78
CHM00054725,2025-06-10,37.78
CHM00054725,2025-06-11,34.78
CHM00054725,2025-06-12,34.89
CHM00054725,2025-06-13,34.89
CHM00054725,2025-06-14,35.11
CHM00054725,2025-06-15,35.11
CHM00054725,2025-06-16,29.78
CHM00054725,2025-06-17,38.28
CHM00054725,2025-06-18,38.78
CHM00054725,2025-06-19,38.78
CHM00054725,2025-06-20,29.22
CHM00054725,2025-06-21,35.22
CHM00054725,2025-06-22,37.89
CHM00054725,2025-06-23,37.89
CHM00054725,2025-06-24,37.72
CHM00054725,2025-06-25,37.72
CHM00054725,2025-06-26,37.5
CHM00054725,2025-06-27,29.72
CHM00054725,2025-06-28,32.89
CHM00054725,2025-06-29,32.89
CHM00054725,2025-06-30,34.89
CHM00054725,2025-07-01,34.89
CHM00054725,2025-07-02,35.22
CHM00054725,2025-07-03,37.0
CHM00054725,2025-07-04,38.0
CHM00054725,2025-07-05,38.0
CHM00054725,2025-07-06,38.0
CHM00054725,2025-07-07,36.0
CHM00054725,2025-07-08,36.0
CHM00054725,2025-07-09,34.28
CHM00054725,2025-07-10,35.5
CHM00054725,2025-07-11,35.61
CHM00054725,2025-07-12,37.11
CHM00054725,2025-07-13,37.11
CHM00054725,2025-07-14,35.61
CHM00054725,2025-07-15,34.28
CHM00054725,2025-07-16,30.0
CHM00054725,2025-07-17,33.61
CHM00054725,2025-07-18,35.72
CHM00054725,2025-07-19,35.72
CHM00054725,2025-07-20,35.72
CHM00054725,2025-07-21,35.22
CHM00054725,2025-07-22,32.5
CHM00054725,2025-07-23,32.89
CHM00054725,2025-07-24,34.89
CHM00054725,2025-07-25,34.89
CHM00054725,2025-07-26,35.22
CHM00054725,2025-07-27,35.61
CHM00054725,2025-07-28,36.22
CHM00054725,2025-07-29,36.22
CHM00054725,2025-07-30,34.5
CHM00054725,2025-07-31,33.28
CHM00054725,2025-08-01,33.89
CHM00054725,2025-08-02,34.61
CHM00054725,2025-08-03,35.78
CHM00054725,2025-08-04,35.78
CHM00054725,2025-08-05,32.72
CHM00054725,2025-08-06,35.28
CHM00054725,2025-08-07,35.28
CHM00054725,2025-08-08,34.5
CHM00054725,2025-08-09,34.5
CHM00054725,2025-08-10,31.22
CHM00054725,2025-08-11,32.39
CHM00054725,2025-08-12,33.0
CHM00054725,2025-08-13,33.0
CHM00054725,2025-08-14,34.11
CHM00054725,2025-08-15,34.11
CHM00054725,2025-08-16,33.39
CHM00054725,2025-08-17,33.0
CHM00054725,2025-08-18,31.89
CHM00054725,2025-08-19,35.5
CHM00054725,2025-08-20,35.5
CHM00054725,2025-08-21,36.11
CHM00054725,2025-08-22,36.11
CHM00054725,2025-08-23,33.72
CHM00054725,2025-08-24,33.72
CHM00054725,2025-08-25,
CHM00054725,2025-08-26,
CHM00054725,2025-08-27,
CHM00054725,2025-08-28,
CHM00054725,2025-08-29,
CHM00054725,2025-08-30,
CHM00054725,2025-08-31,
CHM00054725,2025-09-01,
CHM00054725,2025-09-02,
CHM00054725,2025-09-03,
CHM00054725,2025-09-04,
CHM00054725,2025-09-05,
CHM00054725,2025-09-06,
CHM00054725,2025-09-07,
CHM00054725,2025-09-08,
CHM00054725,2025-09-09,
CHM00054725,2025-09-10,
CHM00054725,2025-09-11,
CHM00054725,2025-09-12,
CHM00054725,2025-09-13,
CHM00054725,2025-09-14,
CHM00054725,2025-09-15,
CHM00054725,2025-09-16,
CHM00054725,2025-09-17,
CHM00054725,2025-09-18,
CHM00054725,2025-09-19,
CHM00054725,2025-09-20,
CHM00054725,2025-09-21,
CHM00054725,2025-09-22,
CHM00054725,2025-09-23,
CHM00054725,2025-09-24,
CHM00054725,2025-09-25,
CHM00054725,2025-09-26,
CHM00054725,2025-09-27,
CHM00054725,2025-09-28,
CHM00054725,2025-09-29,
CHM00054725,2025-09-30,
CHM00054725,2025-10-01,
CHM00054725,2025-10-02,
CHM00054725,2025-10-03,
CHM00054725,2025-10-04,
CHM00054725,2025-10-05,
CHM00054725,2025-10-06,
CHM00054725,2025-10-07,
CHM00054725,2025-10-08,
CHM00054725,2025-10-09,
CHM00054725,2025-10-10,
CHM00054725,2025-10-11,
CHM00054725,2025-10-12,
CHM00054725,2025-10-13,
CHM00054725,2025-10-14,
CHM00054725,2025-10-15,
CHM00054725,2025-10-16,
CHM00054725,2025-10-17,
CHM00054725,2025-10-18,
CHM00054725,2025-10-19,
CHM00054725,2025-10-20,
CHM00054725,2025-10-21,
CHM00054725,2025-10-22,
CHM00054725,2025-10-23,
CHM00054725,2025-10-24,
CHM00054725,2025-10-25,
CHM00054725,2025-10-26,
CHM00054725,2025-10-27,
CHM00054725,2025-10-28,
CHM00054725,2025-10-29,
CHM00054725,2025-10-30,
CHM00054725,2025-10-31,
CHM00054725,2025-11-01,
CHM00054725,2025-11-02,
CHM00054725,2025-11-03,
CHM00054725,2025-11-04,
CHM00054725,2025-11-05,
CHM00054725,2025-11-06,
CHM00054725,2025-11-07,
CHM00054725,2025-11-08,
CHM00054725,2025-11-09,
CHM00054725,2025-11-10,
CHM00054725,2025-11-11,
CHM00054725,2025-11-12,
CHM00054725,2025-11-13,
CHM00054725,2025-11-14,
CHM00054725,2025-11-15,
CHM00054725,2025-11-16,
CHM00054725,2025-11-17,
CHM00054725,2025-11-18,
CHM00054725,2025-11-19,
CHM00054725,2025-11-20,
CHM00054725,2025-11-21,
CHM00054725,2025-11-22,
CHM00054725,2025-11-23,
CHM00054725,2025-11-24,
CHM00054725,2025-11-25,
CHM00054725,2025-11-26,
CHM00054725,2025-11-27,
CHM00054725,2025-11-28,
CHM00054725,2025-11-29,
CHM00054725,2025-11-30,
CHM00054725,2025-12-01,
CHM00054725,2025-12-02,
CHM00054725,2025-12-03,
CHM00054725,2025-12-04,
CHM00054725,2025-12-05,
CHM00054725,2025-12-06,
CHM00054725,2025-12-07,
CHM00054725,2025-12-08,
CHM00054725,2025-12-09,
CHM00054725,2025-12-10,
CHM00054725,2025-12-11,
CHM00054725,2025-12-12,
CHM00054725,2025-12-13,
CHM00054725,2025-12-14,
CHM00054725,2025-12-15,
CHM00054725,2025-12-16,
CHM00054725,2025-12-17,
CHM00054725,2025-12-18,
CHM00054725,2025-12-19,
CHM00054725,2025-12-20,
CHM00054725,2025-12-21,
CHM00054725,2025-12-22,
CHM00054725,2025-12-23,
CHM00054725,2025-12-24,
CHM00054725,2025-12-25,
CHM00054725,2025-12-26,
CHM00054725,2025-12-27,
CHM00054725,2025-12-28,
CHM00054725,2025-12-29,
CHM00054725,2025-12-30,
CHM00054725,2025-12-31,
CHM00056182,2025-01-01,9.39
CHM00056182,2025-01-02,9.39
CHM00056182,2025-01-03,11.39
CHM00056182,2025-01-04,11.39
CHM00056182,2025-01-05,9.61
CHM00056182,2025-01-06,10.11
CHM00056182,2025-01-07,10.11
CHM00056182,2025-01-08,4.28
CHM00056182,2025-01-09,3.89
CHM00056182,2025-01-10,3.89
CHM00056182,2025-01-11,1.89
CHM00056182,2025-01-12,3.22
CHM00056182,2025-01-13,4.61
CHM00056182,2025-01-14,5.89
CHM00056182,2025-01-15,5.89
CHM00056182,2025-01-16,8.11
CHM00056182,2025-01-17,10.22
CHM00056182,2025-01-18,11.11
CHM00056182,2025-01-19,11.11
CHM00056182,2025-01-20,10.78
CHM00056182,2025-01-21,11.72
CHM00056182,2025-01-22,12.39
CHM00056182,2025-01-23,15.22
CHM00056182,2025-01-24,15.22
CHM00056182,2025-01-25,9.11
CHM00056182,2025-01-26,0.28
CHM00056182,2025-01-27,3.22
CHM00056182,2025-01-28,4.89
CHM00056182,2025-01-29,10.22
CHM00056182,2025-01-30,10.22
CHM00056182,2025-01-31,9.0
CHM00056182,2025-02-01,6.72
CHM00056182,2025-02-02,6.72
CHM00056182,2025-02-03,6.89
CHM00056182,2025-02-04,13.78
CHM00056182,2025-02-05,2.78
CHM00056182,2025-02-06,7.0
CHM00056182,2025-02-07,6.5
CHM00056182,2025-02-08,7.39
CHM00056182,2025-02-09,11.11
CHM00056182,2025-02-10,11.5
CHM00056182,2025-02-11,11.61
CHM00056182,2025-02-12,11.61
CHM00056182,2025-02-13,5.89
CHM00056182,2025-02-14,5.89
CHM00056182,2025-02-15,6.89
CHM00056182,2025-02-16,6.89
CHM00056182,2025-02-17,6.78
CHM00056182,2025-02-18,10.22
CHM00056182,2025-02-19,10.22
CHM00056182,2025-02-20,9.5
CHM00056182,2025-02-21,12.72
CHM00056182,2025-02-22,12.72
CHM00056182,2025-02-23,4.0
CHM00056182,2025-02-24,5.28
CHM00056182,2025-02-25,7.39
CHM00056182,2025-02-26,9.72
CHM00056182,2025-02-27,14.89
CHM00056182,2025-02-28,16.61
CHM00056182,2025-03-01,18.22
CHM00056182,2025-03-02,18.22
CHM00056182,2025-03-03,15.39
CHM00056182,2025-03-04,11.11
CHM00056182,2025-03-05,11.11
CHM00056182,2025-03-06,2.89
CHM00056182,2025-03-07,7.0
CHM00056182,2025-03-08,9.72
CHM00056182,2025-03-09,11.78
CHM00056182,2025-03-10,16.78
CHM00056182,2025-03-11,16.78
CHM00056182,2025-03-12,16.28
CHM00056182,2025-03-13,12.61
CHM00056182,2025-03-14,12.61
CHM00056182,2025-03-15,10.78
CHM00056182,2025-03-16,7.0
CHM00056182,2025-03-17,3.39
CHM00056182,2025-03-18,2.89
CHM00056182,2025-03-19,6.28
CHM00056182,2025-03-20,6.28
CHM00056182,2025-03-21,8.72
CHM00056182,2025-03-22,8.72
CHM00056182,2025-03-23,7.28
CHM00056182,2025-03-24,13.61
CHM00056182,2025-03-25,19.61
CHM00056182,2025-03-26,21.22
CHM00056182,2025-03-27,21.22
CHM00056182,2025-03-28,19.89
CHM00056182,2025-03-29,14.72
CHM00056182,2025-03-30,14.5
CHM00056182,2025-03-31,14.5
CHM00056182,2025-04-01,7.5
CHM00056182,2025-04-02,12.22
CHM00056182,2025-04-03,16.22
CHM00056182,2025-04-04,16.22
CHM00056182,2025-04-05,14.28
CHM00056182,2025-04-06,11.5
CHM00056182,2025-04-07,18.11
CHM00056182,2025-04-08,18.5
CHM00056182,2025-04-09,18.5
CHM00056182,2025-04-10,18.5
CHM00056182,2025-04-11,18.5
CHM00056182,2025-04-12,16.61
CHM00056182,2025-04-13,15.78
CHM00056182,2025-04-14,18.61
CHM00056182,2025-04-15,19.11
CHM00056182,2025-04-16,20.11
CHM00056182,2025-04-17,22.28
CHM00056182,2025-04-18,22.28
CHM00056182,2025-04-19,22.61
CHM00056182,2025-04-20,23.28
CHM00056182,2025-04-21,23.28
CHM00056182,2025-04-22,21.39
CHM00056182,2025-04-23,13.5
CHM00056182,2025-04-24,13.5
CHM00056182,2025-04-25,14.22
CHM00056182,2025-04-26,14.22
CHM00056182,2025-04-27,16.22
CHM00056182,2025-04-28,16.22
CHM00056182,2025-04-29,15.39
CHM00056182,2025-04-30,17.5
CHM00056182,2025-05-01,21.22
CHM00056182,2025-05-02,23.0
CHM00056182,2025-05-03,23.0
CHM00056182,2025-05-04,21.61
CHM00056182,2025-05-05,21.61
CHM00056182,2025-05-06,20.72
CHM00056182,2025-05-07,21.78
CHM00056182,2025-05-08,21.78
CHM00056182,2025-05-09,17.61
CHM00056182,2025-05-10,17.61
CHM00056182,2025-05-11,22.0
CHM00056182,2025-05-12,24.72
CHM00056182,2025-05-13,24.72
CHM00056182,2025-05-14,18.61
CHM00056182,2025-05-15,13.28
CHM00056182,2025-05-16,17.0
CHM00056182,2025-05-17,17.0
CHM00056182,2025-05-18,18.5
CHM00056182,2025-05-19,21.39
CHM00056182,2025-05-20,22.11
CHM00056182,2025-05-21,22.11
CHM00056182,2025-05-22,20.11
CHM00056182,2025-05-23,20.11
CHM00056182,2025-05-24,18.61
CHM00056182,2025-05-25,22.72
CHM00056182,2025-05-26,22.72
CHM00056182,2025-05-27,21.5
CHM00056182,2025-05-28,
CHM00056182,2025-05-29,
CHM00056182,2025-05-30,
CHM00056182,2025-05-31,
CHM00056182,2025-06-01,
CHM00056182,2025-06-02,
CHM00056182,2025-06-03,12.5
CHM00056182,2025-06-04,20.11
CHM00056182,2025-06-05,24.0
CHM00056182,2025-06-06,24.0
CHM00056182,2025-06-07,24.0
CHM00056182,2025-06-08,14.78
CHM00056182,2025-06-09,14.78
CHM00056182,2025-06-10,17.39
CHM00056182,2025-06-11,
CHM00056182,2025-06-12,24.89
CHM00056182,2025-06-13,25.89
CHM00056182,2025-06-14,25.89
CHM00056182,2025-06-15,24.39
CHM00056182,2025-06-16,27.28
CHM00056182,2025-06-17,27.28
CHM00056182,2025-06-18,26.0
CHM00056182,2025-06-19,22.39
CHM00056182,2025-06-20,17.89
CHM00056182,2025-06-21,17.22
CHM00056182,2025-06-22,20.89
CHM00056182,2025-06-23,23.28
CHM00056182,2025-06-24,23.28
CHM00056182,2025-06-25,22.5
CHM00056182,2025-06-26,22.78
CHM00056182,2025-06-27,25.28
CHM00056182,2025-06-28,26.22
CHM00056182,2025-06-29,26.22
CHM00056182,2025-06-30,24.5
CHM00056182,2025-07-01,24.5
CHM00056182,2025-07-02,23.89
CHM00056182,2025-07-03,20.5
CHM00056182,2025-07-04,18.78
CHM00056182,2025-07-05,17.89
CHM00056182,2025-07-06,17.89
CHM00056182,2025-07-07,21.89
CHM00056182,2025-07-08,21.89
CHM00056182,2025-07-09,26.0
CHM00056182,2025-07-10,26.0
CHM00056182,2025-07-11,24.11
CHM00056182,2025-07-12,25.0
CHM00056182,2025-07-13,27.28
CHM00056182,2025-07-14,28.78
CHM00056182,2025-07-15,29.5
CHM00056182,2025-07-16,29.5
CHM00056182,2025-07-17,29.78
CHM00056182,2025-07-18,29.78
CHM00056182,2025-07-19,26.0
CHM00056182,2025-07-20,26.0
CHM00056182,2025-07-21,23.72
CHM00056182,2025-07-22,26.0
CHM00056182,2025-07-23,26.0
CHM00056182,2025-07-24,25.89
CHM00056182,2025-07-25,25.89
CHM00056182,2025-07-26,24.28
CHM00056182,2025-07-27,24.78
CHM00056182,2025-07-28,27.28
CHM00056182,2025-07-29,27.28
CHM00056182,2025-07-30,27.22
CHM00056182,2025-07-31,29.0
CHM00056182,2025-08-01,29.0
CHM00056182,2025-08-02,28.5
CHM00056182,2025-08-03,31.22
CHM00056182,2025-08-04,31.22
CHM00056182,2025-08-05,28.72
CHM00056182,2025-08-06,28.89
CHM00056182,2025-08-07,28.89
CHM00056182,2025-08-08,27.78
CHM00056182,2025-08-09,27.78
CHM00056182,2025-08-10,24.78
CHM00056182,2025-08-11,22.61
CHM00056182,2025-08-12,22.61
CHM00056182,2025-08-13,22.11
CHM00056182,2025-08-14,25.22
CHM00056182,2025-08-15,25.22
CHM00056182,2025-08-16,24.5
CHM00056182,2025-08-17,26.39
CHM00056182,2025-08-18,26.39
CHM00056182,2025-08-19,25.28
CHM00056182,2025-08-20,25.28
CHM00056182,2025-08-21,25.28
CHM00056182,2025-08-22,24.89
CHM00056182,2025-08-23,23.61
CHM00056182,2025-08-24,23.78
CHM00056182,2025-08-25,
CHM00056182,2025-08-26,
CHM00056182,2025-08-27,
CHM00056182,2025-08-28,
CHM00056182,2025-08-29,
CHM00056182,2025-08-30,
CHM00056182,2025-08-31,
CHM00056182,2025-09-01,
CHM00056182,2025-09-02,
CHM00056182,2025-09-03,
CHM00056182,2025-09-04,
CHM00056182,2025-09-05,
CHM00056182,2025-09-06,
CHM00056182,2025-09-07,
CHM00056182,2025-09-08,
CHM00056182,2025-09-09,
CHM00056182,2025-09-10,
CHM00056182,2025-09-11,
CHM00056182,2025-09-12,
CHM00056182,2025-09-13,
CHM00056182,2025-09-14,
CHM00056182,2025-09-15,
CHM00056182,2025-09-16,
CHM00056182,2025-09-17,
CHM00056182,2025-09-18,
CHM00056182,2025-09-19,
CHM00056182,2025-09-20,
CHM00056182,2025-09-21,
CHM00056182,2025-09-22,
CHM00056182,2025-09-23,
CHM00056182,2025-09-24,
CHM00056182,2025-09-25,
CHM00056182,2025-09-26,
CHM00056182,2025-09-27,
CHM00056182,2025-09-28,
CHM00056182,2025-09-29,
CHM00056182,2025-09-30,
CHM00056182,2025-10-01,
CHM00056182,2025-10-02,
CHM00056182,2025-10-03,
CHM00056182,2025-10-04,
CHM00056182,2025-10-05,
CHM00056182,2025-10-06,
CHM00056182,2025-10-07,
CHM00056182,2025-10-08,
CHM00056182,2025-10-09,
CHM00056182,2025-10-10,
CHM00056182,2025-10-11,
CHM00056182,2025-10-12,
CHM00056182,2025-10-13,
CHM00056182,2025-10-14,
CHM00056182,2025-10-15,
CHM00056182,2025-10-16,
CHM00056182,2025-10-17,
CHM00056182,2025-10-18,
CHM00056182,2025-10-19,
CHM00056182,2025-10-20,
CHM00056182,2025-10-21,
CHM00056182,2025-10-22,
CHM00056182,2025-10-23,
CHM00056182,2025-10-24,
CHM00056182,2025-10-25,
CHM00056182,2025-10-26,
CHM00056182,2025-10-27,
CHM00056182,2025-10-28,
CHM00056182,2025-10-29,
CHM00056182,2025-10-30,
CHM00056182,2025-10-31,
CHM00056182,2025-11-01,
CHM00056182,2025-11-02,
CHM00056182,2025-11-03,
CHM00056182,2025-11-04,
CHM00056182,2025-11-05,
CHM00056182,2025-11-06,
CHM00056182,2025-11-07,
CHM00056182,2025-11-08,
CHM00056182,2025-11-09,
CHM00056182,2025-11-10,
CHM00056182,2025-11-11,
CHM00056182,2025-11-12,
CHM00056182,2025-11-13,
CHM00056182,2025-11-14,
CHM00056182,2025-11-15,
CHM00056182,2025-11-16,
CHM00056182,2025-11-17,
CHM00056182,2025-11-18,
CHM00056182,2025-11-19,
CHM00056182,2025-11-20,
CHM00056182,2025-11-21,
CHM00056182,2025-11-22,
CHM00056182,2025-11-23,
CHM00056182,2025-11-24,
CHM00056182,2025-11-25,
CHM00056182,2025-11-26,
CHM00056182,2025-11-27,
CHM00056182,2025-11-28,
CHM00056182,2025-11-29,
CHM00056182,2025-11-30,
CHM00056182,2025-12-01,
CHM00056182,2025-12-02,
CHM00056182,2025-12-03,
CHM00056182,2025-12-04,
CHM00056182,2025-12-05,
CHM00056182,2025-12-06,
CHM00056182,2025-12-07,
CHM00056182,2025-12-08,
CHM00056182,2025-12-09,
CHM00056182,2025-12-10,
CHM00056182,2025-12-11,
CHM00056182,2025-12-12,
CHM00056182,2025-12-13,
CHM00056182,2025-12-14,
CHM00056182,2025-12-15,
CHM00056182,2025-12-16,
CHM00056182,2025-12-17,
CHM00056182,2025-12-18,
CHM00056182,2025-12-19,
CHM00056182,2025-12-20,
CHM00056182,2025-12-21,
CHM00056182,2025-12-22,
CHM00056182,2025-12-23,
CHM00056182,2025-12-24,
CHM00056182,2025-12-25,
CHM00056182,2025-12-26,
CHM00056182,2025-12-27,
CHM00056182,2025-12-28,
CHM00056182,2025-12-29,
CHM00056182,2025-12-30,
CHM00056182,2025-12-31,
CHM00056462,2025-01-01,14.61
CHM00056462,2025-01-02,14.61
CHM00056462,2025-01-03,15.0
CHM00056462,2025-01-04,16.28
CHM00056462,2025-01-05,16.28
CHM00056462,2025-01-06,14.39
CHM00056462,2025-01-07,14.39
CHM00056462,2025-01-08,13.0
CHM00056462,2025-01-09,9.5
CHM00056462,2025-01-10,10.78
CHM00056462,2025-01-11,10.78
CHM00056462,2025-01-12,12.11
CHM00056462,2025-01-13,13.5
CHM00056462,2025-01-14,13.5
CHM00056462,2025-01-15,13.28
CHM00056462,2025-01-16,13.28
CHM00056462,2025-01-17,15.72
CHM00056462,2025-01-18,16.89
CHM00056462,2025-01-19,16.89
CHM00056462,2025-01-20,16.39
CHM00056462,2025-01-21,15.72
CHM00056462,2025-01-22,15.39
CHM00056462,2025-01-23,15.89
CHM00056462,2025-01-24,19.0
CHM00056462,2025-01-25,19.0
CHM00056462,2025-01-26,11.39
CHM00056462,2025-01-27,5.5
CHM00056462,2025-01-28,9.39
CHM00056462,2025-01-29,9.72
CHM00056462,2025-01-30,15.61
CHM00056462,2025-01-31,15.61
CHM00056462,2025-02-01,14.61
CHM00056462,2025-02-02,14.39
CHM00056462,2025-02-03,13.5
CHM00056462,2025-02-04,13.0
CHM00056462,2025-02-05,13.0
CHM00056462,2025-02-06,14.39
CHM00056462,2025-02-07,14.39
CHM00056462,2025-02-08,10.22
CHM00056462,2025-02-09,16.39
CHM00056462,2025-02-10,16.39
CHM00056462,2025-02-11,15.28
CHM00056462,2025-02-12,13.5
CHM00056462,2025-02-13,11.11
CHM00056462,2025-02-14,11.11
CHM00056462,2025-02-15,14.72
CHM00056462,2025-02-16,14.72
CHM00056462,2025-02-17,15.22
CHM00056462,2025-02-18,15.22
CHM00056462,2025-02-19,12.89
CHM00056462,2025-02-20,14.72
CHM00056462,2025-02-21,14.89
CHM00056462,2025-02-22,14.89
CHM00056462,2025-02-23,16.22
CHM00056462,2025-02-24,16.22
CHM00056462,2025-02-25,15.61
CHM00056462,2025-02-26,12.39
CHM00056462,2025-02-27,19.0
CHM00056462,2025-02-28,19.72
CHM00056462,2025-03-01,19.72
CHM00056462,2025-03-02,18.39
CHM00056462,2025-03-03,16.22
CHM00056462,2025-03-04,19.22
CHM00056462,2025-03-05,19.22
CHM00056462,2025-03-06,11.89
CHM00056462,2025-03-07,8.39
CHM00056462,2025-03-08,11.22
CHM00056462,2025-03-09,15.5
CHM00056462,2025-03-10,19.22
CHM00056462,2025-03-11,22.0
CHM00056462,2025-03-12,22.0
CHM00056462,2025-03-13,18.22
CHM00056462,2025-03-14,17.11
CHM00056462,2025-03-15,15.22
CHM00056462,2025-03-16,13.61
CHM00056462,2025-03-17,7.61
CHM00056462,2025-03-18,5.89
CHM00056462,2025-03-19,4.61
CHM00056462,2025-03-20,5.61
CHM00056462,2025-03-21,10.5
CHM00056462,2025-03-22,12.61
CHM00056462,2025-03-23,12.61
CHM00056462,2025-03-24,14.61
CHM00056462,2025-03-25,20.11
CHM00056462,2025-03-26,23.11
CHM00056462,2025-03-27,25.78
CHM00056462,2025-03-28,25.78
CHM00056462,2025-03-29,22.0
CHM00056462,2025-03-30,19.39
CHM00056462,2025-03-31,20.11
CHM00056462,2025-04-01,20.11
CHM00056462,2025-04-02,15.89
CHM00056462,2025-04-03,20.22
CHM00056462,2025-04-04,22.89
CHM00056462,2025-04-05,22.89
CHM00056462,2025-04-06,18.22
CHM00056462,2025-04-07,20.39
CHM00056462,2025-04-08,22.11
CHM00056462,2025-04-09,22.28
CHM00056462,2025-04-10,23.5
CHM00056462,2025-04-11,25.22
CHM00056462,2025-04-12,14.72
CHM00056462,2025-04-13,17.89
CHM00056462,2025-04-14,17.89
CHM00056462,2025-04-15,20.89
CHM00056462,2025-04-16,20.89
CHM00056462,2025-04-17,22.89
CHM00056462,2025-04-18,24.78
CHM00056462,2025-04-19,24.78
CHM00056462,2025-04-20,23.11
CHM00056462,2025-04-21,24.22
CHM00056462,2025-04-22,25.61
CHM00056462,2025-04-23,25.61
CHM00056462,2025-04-24,17.89
CHM00056462,2025-04-25,13.78
CHM00056462,2025-04-26,16.72
CHM00056462,2025-04-27,16.72
CHM00056462,2025-04-28,16.61
CHM00056462,2025-04-29,16.22
CHM00056462,2025-04-30,16.22
CHM00056462,2025-05-01,15.39
CHM00056462,2025-05-02,18.28
CHM00056462,2025-05-03,18.28
CHM00056462,2025-05-04,23.39
CHM00056462,2025-05-05,23.39
CHM00056462,2025-05-06,18.22
CHM00056462,2025-05-07,21.39
CHM00056462,2025-05-08,21.78
CHM00056462,2025-05-09,21.89
CHM00056462,2025-05-10,22.39
CHM00056462,2025-05-11,25.72
CHM00056462,2025-05-12,25.72
CHM00056462,2025-05-13,24.61
CHM00056462,2025-05-14,24.28
CHM00056462,2025-05-15,17.89
CHM00056462,2025-05-16,19.28
CHM00056462,2025-05-17,19.28
CHM00056462,2025-05-18,15.89
CHM00056462,2025-05-19,17.89
CHM00056462,2025-05-20,24.5
CHM00056462,2025-05-21,24.5
CHM00056462,2025-05-22,24.0
CHM00056462,2025-05-23,22.0
CHM00056462,2025-05-24,14.0
CHM00056462,2025-05-25,17.28
CHM00056462,2025-05-26,23.39
CHM00056462,2025-05-27,23.39
CHM00056462,2025-05-28,20.78
CHM00056462,2025-05-29,20.78
CHM00056462,2025-05-30,22.0
CHM00056462,2025-05-31,22.0
CHM00056462,2025-06-01,22.5
CHM00056462,2025-06-02,22.5
CHM00056462,2025-06-03,16.0
CHM00056462,2025-06-04,21.72
CHM00056462,2025-06-05,25.61
CHM00056462,2025-06-06,27.22
CHM00056462,2025-06-07,27.22
CHM00056462,2025-06-08,26.39
CHM00056462,2025-06-09,19.39
CHM00056462,2025-06-10,20.5
CHM00056462,2025-06-11,22.61
CHM00056462,2025-06-12,25.28
CHM00056462,2025-06-13,25.61
CHM00056462,2025-06-14,25.61
CHM00056462,2025-06-15,23.5
CHM00056462,2025-06-16,23.5
CHM00056462,2025-06-17,23.72
CHM00056462,2025-06-18,23.72
CHM00056462,2025-06-19,22.0
CHM00056462,2025-06-20,21.22
CHM00056462,2025-06-21,19.78
CHM00056462,2025-06-22,21.61
CHM00056462,2025-06-23,24.72
CHM00056462,2025-06-24,24.72
CHM00056462,2025-06-25,21.39
CHM00056462,2025-06-26,25.5
CHM00056462,2025-06-27,25.72
CHM00056462,2025-06-28,26.5
CHM00056462,2025-06-29,26.5
CHM00056462,2025-06-30,26.61
CHM00056462,2025-07-01,26.61
CHM00056462,2025-07-02,24.28
CHM00056462,2025-07-03,23.5
CHM00056462,2025-07-04,20.89
CHM00056462,2025-07-05,20.89
CHM00056462,2025-07-06,18.11
CHM00056462,2025-07-07,19.22
CHM00056462,2025-07-08,25.28
CHM00056462,2025-07-09,26.0
CHM00056462,2025-07-10,26.28
CHM00056462,2025-07-11,26.28
CHM00056462,2025-07-12,23.61
CHM00056462,2025-07-13,25.78
CHM00056462,2025-07-14,28.0
CHM00056462,2025-07-15,28.28
CHM00056462,2025-07-16,28.5
CHM00056462,2025-07-17,28.5
CHM00056462,2025-07-18,28.28
CHM00056462,2025-07-19,26.89
CHM00056462,2025-07-20,26.0
CHM00056462,2025-07-21,26.0
CHM00056462,2025-07-22,28.0
CHM00056462,2025-07-23,28.0
CHM00056462,2025-07-24,27.28
CHM00056462,2025-07-25,27.28
CHM00056462,2025-07-26,27.0
CHM00056462,2025-07-27,26.39
CHM00056462,2025-07-28,27.39
CHM00056462,2025-07-29,29.28
CHM00056462,2025-07-30,29.28
CHM00056462,2025-07-31,26.72
CHM00056462,2025-08-01,27.5
CHM00056462,2025-08-02,29.0
CHM00056462,2025-08-03,30.61
CHM00056462,2025-08-04,30.61
CHM00056462,2025-08-05,29.39
CHM00056462,2025-08-06,28.72
CHM00056462,2025-08-07,26.5
CHM00056462,2025-08-08,28.78
CHM00056462,2025-08-09,28.78
CHM00056462,2025-08-10,22.11
CHM00056462,2025-08-11,19.78
CHM00056462,2025-08-12,23.61
CHM00056462,2025-08-13,23.61
CHM00056462,2025-08-14,20.0
CHM00056462,2025-08-15,23.22
CHM00056462,2025-08-16,24.5
CHM00056462,2025-08-17,24.5
CHM00056462,2025-08-18,24.0
CHM00056462,2025-08-19,24.11
CHM00056462,2025-08-20,25.61
CHM00056462,2025-08-21,25.61
CHM00056462,2025-08-22,24.5
CHM00056462,2025-08-23,24.5
CHM00056462,2025-08-24,23.39
CHM00056462,2025-08-25,
CHM00056462,2025-08-26,
CHM00056462,2025-08-27,
CHM00056462,2025-08-28,
CHM00056462,2025-08-29,
CHM00056462,2025-08-30,
CHM00056462,2025-08-31,
CHM00056462,2025-09-01,
CHM00056462,2025-09-02,
CHM00056462,2025-09-03,
CHM00056462,2025-09-04,
CHM00056462,2025-09-05,
CHM00056462,2025-09-06,
CHM00056462,2025-09-07,
CHM00056462,2025-09-08,
CHM00056462,2025-09-09,
CHM00056462,2025-09-10,
CHM00056462,2025-09-11,
CHM00056462,2025-09-12,
CHM00056462,2025-09-13,
CHM00056462,2025-09-14,
CHM00056462,2025-09-15,
CHM00056462,2025-09-16,
CHM00056462,2025-09-17,
CHM00056462,2025-09-18,
CHM00056462,2025-09-19,
CHM00056462,2025-09-20,
CHM00056462,2025-09-21,
CHM00056462,2025-09-22,
CHM00056462,2025-09-23,
CHM00056462,2025-09-24,
CHM00056462,2025-09-25,
CHM00056462,2025-09-26,
CHM00056462,2025-09-27,
CHM00056462,2025-09-28,
CHM00056462,2025-09-29,
CHM00056462,2025-09-30,
CHM00056462,2025-10-01,
CHM00056462,2025-10-02,
CHM00056462,2025-10-03,
CHM00056462,2025-10-04,
CHM00056462,2025-10-05,
CHM00056462,2025-10-06,
CHM00056462,2025-10-07,
CHM00056462,2025-10-08,
CHM00056462,2025-10-09,
CHM00056462,2025-10-10,
CHM00056462,2025-10-11,
CHM00056462,2025-10-12,
CHM00056462,2025-10-13,
CHM00056462,2025-10-14,
CHM00056462,2025-10-15,
CHM00056462,2025-10-16,
CHM00056462,2025-10-17,
CHM00056462,2025-10-18,
CHM00056462,2025-10-19,
CHM00056462,2025-10-20,
CHM00056462,2025-10-21,
CHM00056462,2025-10-22,
CHM00056462,2025-10-23,
CHM00056462,2025-10-24,
CHM00056462,2025-10-25,
CHM00056462,2025-10-26,
CHM00056462,2025-10-27,
CHM00056462,2025-10-28,
CHM00056462,2025-10-29,
CHM00056462,2025-10-30,
CHM00056462,2025-10-31,
CHM00056462,2025-11-01,
CHM00056462,2025-11-02,
CHM00056462,2025-11-03,
CHM00056462,2025-11-04,
CHM00056462,2025-11-05,
CHM00056462,2025-11-06,
CHM00056462,2025-11-07,
CHM00056462,2025-11-08,
CHM00056462,2025-11-09,
CHM00056462,2025-11-10,
CHM00056462,2025-11-11,
CHM00056462,2025-11-12,
CHM00056462,2025-11-13,
CHM00056462,2025-11-14,
CHM00056462,2025-11-15,
CHM00056462,2025-11-16,
CHM00056462,2025-11-17,
CHM00056462,2025-11-18,
CHM00056462,2025-11-19,
CHM00056462,2025-11-20,
CHM00056462,2025-11-21,
CHM00056462,2025-11-22,
CHM00056462,2025-11-23,
CHM00056462,2025-11-24,
CHM00056462,2025-11-25,
CHM00056462,2025-11-26,
CHM00056462,2025-11-27,
CHM00056462,2025-11-28,
CHM00056462,2025-11-29,
CHM00056462,2025-11-30,
CHM00056462,2025-12-01,
CHM00056462,2025-12-02,
CHM00056462,2025-12-03,
CHM00056462,2025-12-04,
CHM00056462,2025-12-05,
CHM00056462,2025-12-06,
CHM00056462,2025-12-07,
CHM00056462,2025-12-08,
CHM00056462,2025-12-09,
CHM00056462,2025-12-10,
CHM00056462,2025-12-11,
CHM00056462,2025-12-12,
CHM00056462,2025-12-13,
CHM00056462,2025-12-14,
CHM00056462,2025-12-15,
CHM00056462,2025-12-16,
CHM00056462,2025-12-17,
CHM00056462,2025-12-18,
CHM00056462,2025-12-19,
CHM00056462,2025-12-20,
CHM00056462,2025-12-21,
CHM00056462,2025-12-22,
CHM00056462,2025-12-23,
CHM00056462,2025-12-24,
CHM00056462,2025-12-25,
CHM00056462,2025-12-26,
CHM00056462,2025-12-27,
CHM00056462,2025-12-28,
CHM00056462,2025-12-29,
CHM00056462,2025-12-30,
CHM00056462,2025-12-31,
CHM00056651,2025-01-01,16.0
CHM00056651,2025-01-02,16.0
CHM00056651,2025-01-03,15.39
CHM00056651,2025-01-04,18.39
CHM00056651,2025-01-05,18.39
CHM00056651,2025-01-06,18.39
CHM00056651,2025-01-07,18.39
CHM00056651,2025-01-08,17.61
CHM00056651,2025-01-09,12.61
CHM00056651,2025-01-10,12.72
CHM00056651,2025-01-11,12.72
CHM00056651,2025-01-12,14.89
CHM00056651,2025-01-13,14.89
CHM00056651,2025-01-14,13.72
CHM00056651,2025-01-15,14.89
CHM00056651,2025-01-16,15.28
CHM00056651,2025-01-17,21.0
CHM00056651,2025-01-18,21.72
CHM00056651,2025-01-19,21.72
CHM00056651,2025-01-20,20.28
CHM00056651,2025-01-21,18.61
CHM00056651,2025-01-22,18.28
CHM00056651,2025-01-23,20.89
CHM00056651,2025-01-24,20.89
CHM00056651,2025-01-25,19.61
CHM00056651,2025-01-26,15.72
CHM00056651,2025-01-27,6.39
CHM00056651,2025-01-28,6.0
CHM00056651,2025-01-29,12.78
CHM00056651,2025-01-30,13.22
CHM00056651,2025-01-31,13.22
CHM00056651,2025-02-01,16.28
CHM00056651,2025-02-02,18.78
CHM00056651,2025-02-03,18.78
CHM00056651,2025-02-04,16.72
CHM00056651,2025-02-05,20.39
CHM00056651,2025-02-06,20.39
CHM00056651,2025-02-07,19.72
CHM00056651,2025-02-08,19.11
CHM00056651,2025-02-09,17.61
CHM00056651,2025-02-10,17.0
CHM00056651,2025-02-11,16.28
CHM00056651,2025-02-12,14.22
CHM00056651,2025-02-13,12.78
CHM00056651,2025-02-14,11.28
CHM00056651,2025-02-15,11.61
CHM00056651,2025-02-16,12.39
CHM00056651,2025-02-17,14.0
CHM00056651,2025-02-18,14.0
CHM00056651,2025-02-19,12.78
CHM00056651,2025-02-20,15.39
CHM00056651,2025-02-21,16.5
CHM00056651,2025-02-22,16.5
CHM00056651,2025-02-23,14.39
CHM00056651,2025-02-24,14.78
CHM00056651,2025-02-25,16.5
CHM00056651,2025-02-26,16.5
CHM00056651,2025-02-27,19.5
CHM00056651,2025-02-28,19.89
CHM00056651,2025-03-01,19.89
CHM00056651,2025-03-02,17.11
CHM00056651,2025-03-03,13.61
CHM00056651,2025-03-04,14.61
CHM00056651,2025-03-05,17.78
CHM00056651,2025-03-06,17.78
CHM00056651,2025-03-07,15.28
CHM00056651,2025-03-08,17.11
CHM00056651,2025-03-09,17.39
CHM00056651,2025-03-10,20.39
CHM00056651,2025-03-11,21.61
CHM00056651,2025-03-12,21.61
CHM00056651,2025-03-13,17.5
CHM00056651,2025-03-14,14.22
CHM00056651,2025-03-15,14.0
CHM00056651,2025-03-16,14.0
CHM00056651,2025-03-17,16.28
CHM00056651,2025-03-18,16.28
CHM00056651,2025-03-19,8.28
CHM00056651,2025-03-20,6.61
CHM00056651,2025-03-21,16.0
CHM00056651,2025-03-22,16.28
CHM00056651,2025-03-23,16.78
CHM00056651,2025-03-24,18.11
CHM00056651,2025-03-25,21.61
CHM00056651,2025-03-26,23.0
CHM00056651,2025-03-27,25.72
CHM00056651,2025-03-28,25.72
CHM00056651,2025-03-29,22.39
CHM00056651,2025-03-30,20.0
CHM00056651,2025-03-31,23.28
CHM00056651,2025-04-01,23.28
CHM00056651,2025-04-02,22.61
CHM00056651,2025-04-03,20.89
CHM00056651,2025-04-04,24.0
CHM00056651,2025-04-05,24.0
CHM00056651,2025-04-06,20.89
CHM00056651,2025-04-07,21.61
CHM00056651,2025-04-08,24.5
CHM00056651,2025-04-09,25.0
CHM00056651,2025-04-10,25.0
CHM00056651,2025-04-11,25.0
CHM00056651,2025-04-12,22.5
CHM00056651,2025-04-13,18.22
CHM00056651,2025-04-14,21.39
CHM00056651,2025-04-15,22.22
CHM00056651,2025-04-16,22.22
CHM00056651,2025-04-17,24.11
CHM00056651,2025-04-18,24.11
CHM00056651,2025-04-19,23.61
CHM00056651,2025-04-20,23.61
CHM00056651,2025-04-21,25.11
CHM00056651,2025-04-22,25.11
CHM00056651,2025-04-23,24.72
CHM00056651,2025-04-24,21.72
CHM00056651,2025-04-25,19.61
CHM00056651,2025-04-26,21.11
CHM00056651,2025-04-27,21.11
CHM00056651,2025-04-28,22.0
CHM00056651,2025-04-29,22.0
CHM00056651,2025-04-30,21.78
CHM00056651,2025-05-01,21.78
CHM00056651,2025-05-02,17.89
CHM00056651,2025-05-03,22.11
CHM00056651,2025-05-04,24.0
CHM00056651,2025-05-05,24.72
CHM00056651,2025-05-06,25.28
CHM00056651,2025-05-07,25.28
CHM00056651,2025-05-08,24.61
CHM00056651,2025-05-09,26.5
CHM00056651,2025-05-10,28.11
CHM00056651,2025-05-11,28.11
CHM00056651,2025-05-12,22.11
CHM00056651,2025-05-13,22.61
CHM00056651,2025-05-14,23.11
CHM00056651,2025-05-15,25.61
CHM00056651,2025-05-16,26.11
CHM00056651,2025-05-17,26.11
CHM00056651,2025-05-18,25.11
CHM00056651,2025-05-19,25.72
CHM00056651,2025-05-20,27.61
CHM00056651,2025-05-21,27.61
CHM00056651,2025-05-22,28.22
CHM00056651,2025-05-23,28.22
CHM00056651,2025-05-24,15.39
CHM00056651,2025-05-25,14.5
CHM00056651,2025-05-26,14.61
CHM00056651,2025-05-27,15.78
CHM00056651,2025-05-28,20.5
CHM00056651,2025-05-29,20.39
CHM00056651,2025-05-30,23.28
CHM00056651,2025-05-31,23.28
CHM00056651,2025-06-01,23.28
CHM00056651,2025-06-02,23.28
CHM00056651,2025-06-03,23.0
CHM00056651,2025-06-04,21.72
CHM00056651,2025-06-05,26.22
CHM00056651,2025-06-06,28.28
CHM00056651,2025-06-07,28.61
CHM00056651,2025-06-08,28.61
CHM00056651,2025-06-09,26.89
CHM00056651,2025-06-10,24.5
CHM00056651,2025-06-11,25.11
CHM00056651,2025-06-12,26.78
CHM00056651,2025-06-13,28.0
CHM00056651,2025-06-14,28.0
CHM00056651,2025-06-15,27.89
CHM00056651,2025-06-16,24.28
CHM00056651,2025-06-17,25.5
CHM00056651,2025-06-18,25.5
CHM00056651,2025-06-19,26.11
CHM00056651,2025-06-20,26.11
CHM00056651,2025-06-21,25.22
CHM00056651,2025-06-22,23.39
CHM00056651,2025-06-23,24.28
CHM00056651,2025-06-24,24.28
CHM00056651,2025-06-25,22.22
CHM00056651,2025-06-26,26.0
CHM00056651,2025-06-27,26.0
CHM00056651,2025-06-28,26.5
CHM00056651,2025-06-29,26.5
CHM00056651,2025-06-30,27.11
CHM00056651,2025-07-01,27.11
CHM00056651,2025-07-02,25.78
CHM00056651,2025-07-03,25.78
CHM00056651,2025-07-04,22.28
CHM00056651,2025-07-05,19.0
CHM00056651,2025-07-06,20.72
CHM00056651,2025-07-07,20.72
CHM00056651,2025-07-08,25.0
CHM00056651,2025-07-09,26.28
CHM00056651,2025-07-10,27.72
CHM00056651,2025-07-11,27.72
CHM00056651,2025-07-12,27.39
CHM00056651,2025-07-13,25.28
CHM00056651,2025-07-14,26.28
CHM00056651,2025-07-15,28.61
CHM00056651,2025-07-16,28.61
CHM00056651,2025-07-17,28.22
CHM00056651,2025-07-18,28.78
CHM00056651,2025-07-19,28.78
CHM00056651,2025-07-20,26.72
CHM00056651,2025-07-21,26.72
CHM00056651,2025-07-22,26.78
CHM00056651,2025-07-23,26.78
CHM00056651,2025-07-24,25.72
CHM00056651,2025-07-25,24.78
CHM00056651,2025-07-26,24.28
CHM00056651,2025-07-27,22.72
CHM00056651,2025-07-28,25.11
CHM00056651,2025-07-29,27.61
CHM00056651,2025-07-30,27.61
CHM00056651,2025-07-31,27.0
CHM00056651,2025-08-01,27.0
CHM00056651,2025-08-02,27.0
CHM00056651,2025-08-03,29.72
CHM00056651,2025-08-04,29.72
CHM00056651,2025-08-05,28.11
CHM00056651,2025-08-06,28.11
CHM00056651,2025-08-07,26.61
CHM00056651,2025-08-08,26.5
CHM00056651,2025-08-09,26.5
CHM00056651,2025-08-10,25.89
CHM00056651,2025-08-11,22.78
CHM00056651,2025-08-12,21.11
CHM00056651,2025-08-13,20.39
CHM00056651,2025-08-14,22.78
CHM00056651,2025-08-15,24.22
CHM00056651,2025-08-16,24.22
CHM00056651,2025-08-17,21.72
CHM00056651,2025-08-18,23.61
CHM00056651,2025-08-19,23.61
CHM00056651,2025-08-20,23.39
CHM00056651,2025-08-21,23.39
CHM00056651,2025-08-22,23.11
CHM00056651,2025-08-23,22.61
CHM00056651,2025-08-24,23.0
CHM00056651,2025-08-25,
CHM00056651,2025-08-26,
CHM00056651,2025-08-27,
CHM00056651,2025-08-28,
CHM00056651,2025-08-29,
CHM00056651,2025-08-30,
CHM00056651,2025-08-31,
CHM00056651,2025-09-01,
CHM00056651,2025-09-02,
CHM00056651,2025-09-03,
CHM00056651,2025-09-04,
CHM00056651,2025-09-05,
CHM00056651,2025-09-06,
CHM00056651,2025-09-07,
CHM00056651,2025-09-08,
CHM00056651,2025-09-09,
CHM00056651,2025-09-10,
CHM00056651,2025-09-11,
CHM00056651,2025-09-12,
CHM00056651,2025-09-13,
CHM00056651,2025-09-14,
CHM00056651,2025-09-15,
CHM00056651,2025-09-16,
CHM00056651,2025-09-17,
CHM00056651,2025-09-18,
CHM00056651,2025-09-19,
CHM00056651,2025-09-20,
CHM00056651,2025-09-21,
CHM00056651,2025-09-22,
CHM00056651,2025-09-23,
CHM00056651,2025-09-24,
CHM00056651,2025-09-25,
CHM00056651,2025-09-26,
CHM00056651,2025-09-27,
CHM00056651,2025-09-28,
CHM00056651,2025-09-29,
CHM00056651,2025-09-30,
CHM00056651,2025-10-01,
CHM00056651,2025-10-02,
CHM00056651,2025-10-03,
CHM00056651,2025-10-04,
CHM00056651,2025-10-05,
CHM00056651,2025-10-06,
CHM00056651,2025-10-07,
CHM00056651,2025-10-08,
CHM00056651,2025-10-09,
CHM00056651,2025-10-10,
CHM00056651,2025-10-11,
CHM00056651,2025-10-12,
CHM00056651,2025-10-13,
CHM00056651,2025-10-14,
CHM00056651,2025-10-15,
CHM00056651,2025-10-16,
CHM00056651,2025-10-17,
CHM00056651,2025-10-18,
CHM00056651,2025-10-19,
CHM00056651,2025-10-20,
CHM00056651,2025-10-21,
CHM00056651,2025-10-22,
CHM00056651,2025-10-23,
CHM00056651,2025-10-24,
CHM00056651,2025-10-25,
CHM00056651,2025-10-26,
CHM00056651,2025-10-27,
CHM00056651,2025-10-28,
CHM00056651,2025-10-29,
CHM00056651,2025-10-30,
CHM00056651,2025-10-31,
CHM00056651,2025-11-01,
CHM00056651,2025-11-02,
CHM00056651,2025-11-03,
CHM00056651,2025-11-04,
CHM00056651,2025-11-05,
CHM00056651,2025-11-06,
CHM00056651,2025-11-07,
CHM00056651,2025-11-08,
CHM00056651,2025-11-09,
CHM00056651,2025-11-10,
CHM00056651,2025-11-11,
CHM00056651,2025-11-12,
CHM00056651,2025-11-13,
CHM00056651,2025-11-14,
CHM00056651,2025-11-15,
CHM00056651,2025-11-16,
CHM00056651,2025-11-17,
CHM00056651,2025-11-18,
CHM00056651,2025-11-19,
CHM00056651,2025-11-20,
CHM00056651,2025-11-21,
CHM00056651,2025-11-22,
CHM00056651,2025-11-23,
CHM00056651,2025-11-24,
CHM00056651,2025-11-25,
CHM00056651,2025-11-26,
CHM00056651,2025-11-27,
CHM00056651,2025-11-28,
CHM00056651,2025-11-29,
CHM00056651,2025-11-30,
CHM00056651,2025-12-01,
CHM00056651,2025-12-02,
CHM00056651,2025-12-03,
CHM00056651,2025-12-04,
CHM00056651,2025-12-05,
CHM00056651,2025-12-06,
CHM00056651,2025-12-07,
CHM00056651,2025-12-08,
CHM00056651,2025-12-09,
CHM00056651,2025-12-10,
CHM00056651,2025-12-11,
CHM00056651,2025-12-12,
CHM00056651,2025-12-13,
CHM00056651,2025-12-14,
CHM00056651,2025-12-15,
CHM00056651,2025-12-16,
CHM00056651,2025-12-17,
CHM00056651,2025-12-18,
CHM00056651,2025-12-19,
CHM00056651,2025-12-20,
CHM00056651,2025-12-21,
CHM00056651,2025-12-22,
CHM00056651,2025-12-23,
CHM00056651,2025-12-24,
CHM00056651,2025-12-25,
CHM00056651,2025-12-26,
CHM00056651,2025-12-27,
CHM00056651,2025-12-28,
CHM00056651,2025-12-29,
CHM00056651,2025-12-30,
CHM00056651,2025-12-31,
CHM00056671,2025-01-01,17.89
CHM00056671,2025-01-02,17.89
CHM00056671,2025-01-03,17.89
CHM00056671,2025-01-04,17.5
CHM00056671,2025-01-05,17.5
CHM00056671,2025-01-06,17.11
CHM00056671,2025-01-07,19.72
CHM00056671,2025-01-08,19.72
CHM00056671,2025-01-09,15.72
CHM00056671,2025-01-10,15.5
CHM00056671,2025-01-11,15.5
CHM00056671,2025-01-12,10.28
CHM00056671,2025-01-13,17.5
CHM00056671,2025-01-14,17.5
CHM00056671,2025-01-15,17.39
CHM00056671,2025-01-16,14.28
CHM00056671,2025-01-17,18.78
CHM00056671,2025-01-18,22.39
CHM00056671,2025-01-19,22.39
CHM00056671,2025-01-20,20.0
CHM00056671,2025-01-21,19.0
CHM00056671,2025-01-22,18.61
CHM00056671,2025-01-23,21.39
CHM00056671,2025-01-24,22.39
CHM00056671,2025-01-25,22.39
CHM00056671,2025-01-26,18.72
CHM00056671,2025-01-27,4.5
CHM00056671,2025-01-28,7.11
CHM00056671,2025-01-29,13.61
CHM00056671,2025-01-30,16.5
CHM00056671,2025-01-31,18.5
CHM00056671,2025-02-01,18.5
CHM00056671,2025-02-02,18.61
CHM00056671,2025-02-03,18.61
CHM00056671,2025-02-04,14.0
CHM00056671,2025-02-05,20.61
CHM00056671,2025-02-06,21.78
CHM00056671,2025-02-07,21.78
CHM00056671,2025-02-08,19.0
CHM00056671,2025-02-09,19.89
CHM00056671,2025-02-10,20.0
CHM00056671,2025-02-11,21.22
CHM00056671,2025-02-12,21.22
CHM00056671,2025-02-13,19.89
CHM00056671,2025-02-14,18.28
CHM00056671,2025-02-15,18.61
CHM00056671,2025-02-16,18.61
CHM00056671,2025-02-17,18.39
CHM00056671,2025-02-18,20.39
CHM00056671,2025-02-19,20.39
CHM00056671,2025-02-20,19.61
CHM00056671,2025-02-21,21.28
CHM00056671,2025-02-22,21.28
CHM00056671,2025-02-23,21.5
CHM00056671,2025-02-24,21.5
CHM00056671,2025-02-25,20.89
CHM00056671,2025-02-26,20.89
CHM00056671,2025-02-27,23.72
CHM00056671,2025-02-28,24.11
CHM00056671,2025-03-01,24.11
CHM00056671,2025-03-02,23.89
CHM00056671,2025-03-03,21.39
CHM00056671,2025-03-04,22.11
CHM00056671,2025-03-05,22.61
CHM00056671,2025-03-06,22.61
CHM00056671,2025-03-07,13.78
CHM00056671,2025-03-08,22.0
CHM00056671,2025-03-09,22.28
CHM00056671,2025-03-10,23.78
CHM00056671,2025-03-11,25.61
CHM00056671,2025-03-12,25.61
CHM00056671,2025-03-13,23.11
CHM00056671,2025-03-14,21.5
CHM00056671,2025-03-15,21.22
CHM00056671,2025-03-16,20.61
CHM00056671,2025-03-17,13.78
CHM00056671,2025-03-18,13.39
CHM00056671,2025-03-19,6.61
CHM00056671,2025-03-20,9.61
CHM00056671,2025-03-21,16.89
CHM00056671,2025-03-22,24.0
CHM00056671,2025-03-23,24.0
CHM00056671,2025-03-24,21.78
CHM00056671,2025-03-25,24.39
CHM00056671,2025-03-26,26.61
CHM00056671,2025-03-27,27.72
CHM00056671,2025-03-28,27.72
CHM00056671,2025-03-29,27.22
CHM00056671,2025-03-30,27.22
CHM00056671,2025-03-31,28.0
CHM00056671,2025-04-01,28.0
CHM00056671,2025-04-02,24.89
CHM00056671,2025-04-03,27.11
CHM00056671,2025-04-04,29.72
CHM00056671,2025-04-05,29.72
CHM00056671,2025-04-06,25.28
CHM00056671,2025-04-07,25.61
CHM00056671,2025-04-08,26.0
CHM00056671,2025-04-09,28.39
CHM00056671,2025-04-10,28.39
CHM00056671,2025-04-11,28.39
CHM00056671,2025-04-12,27.72
CHM00056671,2025-04-13,21.39
CHM00056671,2025-04-14,25.28
CHM00056671,2025-04-15,25.28
CHM00056671,2025-04-16,27.39
CHM00056671,2025-04-17,27.39
CHM00056671,2025-04-18,27.72
CHM00056671,2025-04-19,27.72
CHM00056671,2025-04-20,27.78
CHM00056671,2025-04-21,27.89
CHM00056671,2025-04-22,29.61
CHM00056671,2025-04-23,29.61
CHM00056671,2025-04-24,28.5
CHM00056671,2025-04-25,26.78
CHM00056671,2025-04-26,27.5
CHM00056671,2025-04-27,28.39
CHM00056671,2025-04-28,28.39
CHM00056671,2025-04-29,26.72
CHM00056671,2025-04-30,26.72
CHM00056671,2025-05-01,27.61
CHM00056671,2025-05-02,27.61
CHM00056671,2025-05-03,26.22
CHM00056671,2025-05-04,28.11
CHM00056671,2025-05-05,30.22
CHM00056671,2025-05-06,30.22
CHM00056671,2025-05-07,30.28
CHM00056671,2025-05-08,30.28
CHM00056671,2025-05-09,30.11
CHM00056671,2025-05-10,30.11
CHM00056671,2025-05-11,25.22
CHM00056671,2025-05-12,29.11
CHM00056671,2025-05-13,29.11
CHM00056671,2025-05-14,27.78
CHM00056671,2025-05-15,26.28
CHM00056671,2025-05-16,28.0
CHM00056671,2025-05-17,28.0
CHM00056671,2025-05-18,25.28
CHM00056671,2025-05-19,25.39
CHM00056671,2025-05-20,30.11
CHM00056671,2025-05-21,31.5
CHM00056671,2025-05-22,32.11
CHM00056671,2025-05-23,18.11
CHM00056671,2025-05-24,18.11
CHM00056671,2025-05-25,15.0
CHM00056671,2025-05-26,18.78
CHM00056671,2025-05-27,18.78
CHM00056671,2025-05-28,17.78
CHM00056671,2025-05-29,21.78
CHM00056671,2025-05-30,25.5
CHM00056671,2025-05-31,27.78
CHM00056671,2025-06-01,27.78
CHM00056671,2025-06-02,27.61
CHM00056671,2025-06-03,21.72
CHM00056671,2025-06-04,22.11
CHM00056671,2025-06-05,28.28
CHM00056671,2025-06-06,30.39
CHM00056671,2025-06-07,31.11
CHM00056671,2025-06-08,31.11
CHM00056671,2025-06-09,24.61
CHM00056671,2025-06-10,25.22
CHM00056671,2025-06-11,28.72
CHM00056671,2025-06-12,30.5
CHM00056671,2025-06-13,31.0
CHM00056671,2025-06-14,31.28
CHM00056671,2025-06-15,31.28
CHM00056671,2025-06-16,26.39
CHM00056671,2025-06-17,26.39
CHM00056671,2025-06-18,27.11
CHM00056671,2025-06-19,27.11
CHM00056671,2025-06-20,26.61
CHM00056671,2025-06-21,24.11
CHM00056671,2025-06-22,21.11
CHM00056671,2025-06-23,25.22
CHM00056671,2025-06-24,26.39
CHM00056671,2025-06-25,26.5
CHM00056671,2025-06-26,26.5
CHM00056671,2025-06-27,28.72
CHM00056671,2025-06-28,29.28
CHM00056671,2025-06-29,29.28
CHM00056671,2025-06-30,28.22
CHM00056671,2025-07-01,28.72
CHM00056671,2025-07-02,28.72
CHM00056671,2025-07-03,26.61
CHM00056671,2025-07-04,26.61
CHM00056671,2025-07-05,24.78
CHM00056671,2025-07-06,24.39
CHM00056671,2025-07-07,26.61
CHM00056671,2025-07-08,27.72
CHM00056671,2025-07-09,27.72
CHM00056671,2025-07-10,27.78
CHM00056671,2025-07-11,27.78
CHM00056671,2025-07-12,27.22
CHM00056671,2025-07-13,29.0
CHM00056671,2025-07-14,30.11
CHM00056671,2025-07-15,31.11
CHM00056671,2025-07-16,31.22
CHM00056671,2025-07-17,31.39
CHM00056671,2025-07-18,31.61
CHM00056671,2025-07-19,31.61
CHM00056671,2025-07-20,28.39
CHM00056671,2025-07-21,28.39
CHM00056671,2025-07-22,28.39
CHM00056671,2025-07-23,28.39
CHM00056671,2025-07-24,28.22
CHM00056671,2025-07-25,29.28
CHM00056671,2025-07-26,29.28
CHM00056671,2025-07-27,27.0
CHM00056671,2025-07-28,29.0
CHM00056671,2025-07-29,30.61
CHM00056671,2025-07-30,30.61
CHM00056671,2025-07-31,28.39
CHM00056671,2025-08-01,29.61
CHM00056671,2025-08-02,29.89
CHM00056671,2025-08-03,30.28
CHM00056671,2025-08-04,30.28
CHM00056671,2025-08-05,31.5
CHM00056671,2025-08-06,31.5
CHM00056671,2025-08-07,30.39
CHM00056671,2025-08-08,28.28
CHM00056671,2025-08-09,28.72
CHM00056671,2025-08-10,28.72
CHM00056671,2025-08-11,28.61
CHM00056671,2025-08-12,28.0
CHM00056671,2025-08-13,25.0
CHM00056671,2025-08-14,28.72
CHM00056671,2025-08-15,28.72
CHM00056671,2025-08-16,28.72
CHM00056671,2025-08-17,27.28
CHM00056671,2025-08-18,28.0
CHM00056671,2025-08-19,28.0
CHM00056671,2025-08-20,25.72
CHM00056671,2025-08-21,23.22
CHM00056671,2025-08-22,24.22
CHM00056671,2025-08-23,24.22
CHM00056671,2025-08-24,23.22
CHM00056671,2025-08-25,
CHM00056671,2025-08-26,
CHM00056671,2025-08-27,
CHM00056671,2025-08-28,
CHM00056671,2025-08-29,
CHM00056671,2025-08-30,
CHM00056671,2025-08-31,
CHM00056671,2025-09-01,
CHM00056671,2025-09-02,
CHM00056671,2025-09-03,
CHM00056671,2025-09-04,
CHM00056671,2025-09-05,
CHM00056671,2025-09-06,
CHM00056671,2025-09-07,
CHM00056671,2025-09-08,
CHM00056671,2025-09-09,
CHM00056671,2025-09-10,
CHM00056671,2025-09-11,
CHM00056671,2025-09-12,
CHM00056671,2025-09-13,
CHM00056671,2025-09-14,
CHM00056671,2025-09-15,
CHM00056671,2025-09-16,
CHM00056671,2025-09-17,
CHM00056671,2025-09-18,
CHM00056671,2025-09-19,
CHM00056671,2025-09-20,
CHM00056671,2025-09-21,
CHM00056671,2025-09-22,
CHM00056671,2025-09-23,
CHM00056671,2025-09-24,
CHM00056671,2025-09-25,
CHM00056671,2025-09-26,
CHM00056671,2025-09-27,
CHM00056671,2025-09-28,
CHM00056671,2025-09-29,
CHM00056671,2025-09-30,
CHM00056671,2025-10-01,
CHM00056671,2025-10-02,
CHM00056671,2025-10-03,
CHM00056671,2025-10-04,
CHM00056671,2025-10-05,
CHM00056671,2025-10-06,
CHM00056671,2025-10-07,
CHM00056671,2025-10-08,
CHM00056671,2025-10-09,
CHM00056671,2025-10-10,
CHM00056671,2025-10-11,
CHM00056671,2025-10-12,
CHM00056671,2025-10-13,
CHM00056671,2025-10-14,
CHM00056671,2025-10-15,
CHM00056671,2025-10-16,
CHM00056671,2025-10-17,
CHM00056671,2025-10-18,
CHM00056671,2025-10-19,
CHM00056671,2025-10-20,
CHM00056671,2025-10-21,
CHM00056671,2025-10-22,
CHM00056671,2025-10-23,
CHM00056671,2025-10-24,
CHM00056671,2025-10-25,
CHM00056671,2025-10-26,
CHM00056671,2025-10-27,
CHM00056671,2025-10-28,
CHM00056671,2025-10-29,
CHM00056671,2025-10-30,
CHM00056671,2025-10-31,
CHM00056671,2025-11-01,
CHM00056671,2025-11-02,
CHM00056671,2025-11-03,
CHM00056671,2025-11-04,
CHM00056671,2025-11-05,
CHM00056671,2025-11-06,
CHM00056671,2025-11-07,
CHM00056671,2025-11-08,
CHM00056671,2025-11-09,
CHM00056671,2025-11-10,
CHM00056671,2025-11-11,
CHM00056671,2025-11-12,
CHM00056671,2025-11-13,
CHM00056671,2025-11-14,
CHM00056671,2025-11-15,
CHM00056671,2025-11-16,
CHM00056671,2025-11-17,
CHM00056671,2025-11-18,
CHM00056671,2025-11-19,
CHM00056671,2025-11-20,
CHM00056671,2025-11-21,
CHM00056671,2025-11-22,
CHM00056671,2025-11-23,
CHM00056671,2025-11-24,
CHM00056671,2025-11-25,
CHM00056671,2025-11-26,
CHM00056671,2025-11-27,
CHM00056671,2025-11-28,
CHM00056671,2025-11-29,
CHM00056671,2025-11-30,
CHM00056671,2025-12-01,
CHM00056671,2025-12-02,
CHM00056671,2025-12-03,
CHM00056671,2025-12-04,
CHM00056671,2025-12-05,
CHM00056671,2025-12-06,
CHM00056671,2025-12-07,
CHM00056671,2025-12-08,
CHM00056671,2025-12-09,
CHM00056671,2025-12-10,
CHM00056671,2025-12-11,
CHM00056671,2025-12-12,
CHM00056671,2025-12-13,
CHM00056671,2025-12-14,
CHM00056671,2025-12-15,
CHM00056671,2025-12-16,
CHM00056671,2025-12-17,
CHM00056671,2025-12-18,
CHM00056671,2025-12-19,
CHM00056671,2025-12-20,
CHM00056671,2025-12-21,
CHM00056671,2025-12-22,
CHM00056671,2025-12-23,
CHM00056671,2025-12-24,
CHM00056671,2025-12-25,
CHM00056671,2025-12-26,
CHM00056671,2025-12-27,
CHM00056671,2025-12-28,
CHM00056671,2025-12-29,
CHM00056671,2025-12-30,
CHM00056671,2025-12-31,
CHM00056739,2025-01-01,18.22
CHM00056739,2025-01-02,17.78
CHM00056739,2025-01-03,18.5
CHM00056739,2025-01-04,18.5
CHM00056739,2025-01-05,18.22
CHM00056739,2025-01-06,18.22
CHM00056739,2025-01-07,17.89
CHM00056739,2025-01-08,17.28
CHM00056739,2025-01-09,16.28
CHM00056739,2025-01-10,17.78
CHM00056739,2025-01-11,18.11
CHM00056739,2025-01-12,18.11
CHM00056739,2025-01-13,17.78
CHM00056739,2025-01-14,17.5
CHM00056739,2025-01-15,17.61
CHM00056739,2025-01-16,17.89
CHM00056739,2025-01-17,18.0
CHM00056739,2025-01-18,19.28
CHM00056739,2025-01-19,19.28
CHM00056739,2025-01-20,19.22
CHM00056739,2025-01-21,18.5
CHM00056739,2025-01-22,18.28
CHM00056739,2025-01-23,
CHM00056739,2025-01-24,19.0
CHM00056739,2025-01-25,19.0
CHM00056739,2025-01-26,17.72
CHM00056739,2025-01-27,17.72
CHM00056739,2025-01-28,16.61
CHM00056739,2025-01-29,16.78
CHM00056739,2025-01-30,16.78
CHM00056739,2025-01-31,17.39
CHM00056739,2025-02-01,17.39
CHM00056739,2025-02-02,17.0
CHM00056739,2025-02-03,17.78
CHM00056739,2025-02-04,19.61
CHM00056739,2025-02-05,19.61
CHM00056739,2025-02-06,18.39
CHM00056739,2025-02-07,18.72
CHM00056739,2025-02-08,20.22
CHM00056739,2025-02-09,20.22
CHM00056739,2025-02-10,19.28
CHM00056739,2025-02-11,19.22
CHM00056739,2025-02-12,19.11
CHM00056739,2025-02-13,19.11
CHM00056739,2025-02-14,18.0
CHM00056739,2025-02-15,18.39
CHM00056739,2025-02-16,18.39
CHM00056739,2025-02-17,17.39
CHM00056739,2025-02-18,17.39
CHM00056739,2025-02-19,17.39
CHM00056739,2025-02-20,19.39
CHM00056739,2025-02-21,19.39
CHM00056739,2025-02-22,19.89
CHM00056739,2025-02-23,21.39
CHM00056739,2025-02-24,21.39
CHM00056739,2025-02-25,20.61
CHM00056739,2025-02-26,21.11
CHM00056739,2025-02-27,21.22
CHM00056739,2025-02-28,21.5
CHM00056739,2025-03-01,21.5
CHM00056739,2025-03-02,20.11
CHM00056739,2025-03-03,19.78
CHM00056739,2025-03-04,20.28
CHM00056739,2025-03-05,20.78
CHM00056739,2025-03-06,20.89
CHM00056739,2025-03-07,21.5
CHM00056739,2025-03-08,22.22
CHM00056739,2025-03-09,22.5
CHM00056739,2025-03-10,23.0
CHM00056739,2025-03-11,23.0
CHM00056739,2025-03-12,22.89
CHM00056739,2025-03-13,22.22
CHM00056739,2025-03-14,20.72
CHM00056739,2025-03-15,23.5
CHM00056739,2025-03-16,23.5
CHM00056739,2025-03-17,24.5
CHM00056739,2025-03-18,24.5
CHM00056739,2025-03-19,21.78
CHM00056739,2025-03-20,22.22
CHM00056739,2025-03-21,22.22
CHM00056739,2025-03-22,21.11
CHM00056739,2025-03-23,21.28
CHM00056739,2025-03-24,21.28
CHM00056739,2025-03-25,23.22
CHM00056739,2025-03-26,24.61
CHM00056739,2025-03-27,25.28
CHM00056739,2025-03-28,25.28
CHM00056739,2025-03-29,25.22
CHM00056739,2025-03-30,26.0
CHM00056739,2025-03-31,26.0
CHM00056739,2025-04-01,25.22
CHM00056739,2025-04-02,26.78
CHM00056739,2025-04-03,26.78
CHM00056739,2025-04-04,26.78
CHM00056739,2025-04-05,26.78
CHM00056739,2025-04-06,24.28
CHM00056739,2025-04-07,25.39
CHM00056739,2025-04-08,25.39
CHM00056739,2025-04-09,26.61
CHM00056739,2025-04-10,26.61
CHM00056739,2025-04-11,24.72
CHM00056739,2025-04-12,20.5
CHM00056739,2025-04-13,22.39
CHM00056739,2025-04-14,26.39
CHM00056739,2025-04-15,26.39
CHM00056739,2025-04-16,23.39
CHM00056739,2025-04-17,22.72
CHM00056739,2025-04-18,22.72
CHM00056739,2025-04-19,24.11
CHM00056739,2025-04-20,24.11
CHM00056739,2025-04-21,24.0
CHM00056739,2025-04-22,23.5
CHM00056739,2025-04-23,24.22
CHM00056739,2025-04-24,26.61
CHM00056739,2025-04-25,26.61
CHM00056739,2025-04-26,26.61
CHM00056739,2025-04-27,26.61
CHM00056739,2025-04-28,27.72
CHM00056739,2025-04-29,27.72
CHM00056739,2025-04-30,25.78
CHM00056739,2025-05-01,25.39
CHM00056739,2025-05-02,22.22
CHM00056739,2025-05-03,22.22
CHM00056739,2025-05-04,23.28
CHM00056739,2025-05-05,26.61
CHM00056739,2025-05-06,26.61
CHM00056739,2025-05-07,25.0
CHM00056739,2025-05-08,24.78
CHM00056739,2025-05-09,27.61
CHM00056739,2025-05-10,27.61
CHM00056739,2025-05-11,26.89
CHM00056739,2025-05-12,26.89
CHM00056739,2025-05-13,24.72
CHM00056739,2025-05-14,26.0
CHM00056739,2025-05-15,27.11
CHM00056739,2025-05-16,27.11
CHM00056739,2025-05-17,24.89
CHM00056739,2025-05-18,25.28
CHM00056739,2025-05-19,25.72
CHM00056739,2025-05-20,25.72
CHM00056739,2025-05-21,25.39
CHM00056739,2025-05-22,28.39
CHM00056739,2025-05-23,28.39
CHM00056739,2025-05-24,25.39
CHM00056739,2025-05-25,18.61
CHM00056739,2025-05-26,18.61
CHM00056739,2025-05-27,18.11
CHM00056739,2025-05-28,
CHM00056739,2025-05-29,
CHM00056739,2025-05-30,
CHM00056739,2025-05-31,
CHM00056739,2025-06-01,
CHM00056739,2025-06-02,21.89
CHM00056739,2025-06-03,22.22
CHM00056739,2025-06-04,24.11
CHM00056739,2025-06-05,26.5
CHM00056739,2025-06-06,26.5
CHM00056739,2025-06-07,27.5
CHM00056739,2025-06-08,28.11
CHM00056739,2025-06-09,29.11
CHM00056739,2025-06-10,29.11
CHM00056739,2025-06-11,29.89
CHM00056739,2025-06-12,29.89
CHM00056739,2025-06-13,30.0
CHM00056739,2025-06-14,30.0
CHM00056739,2025-06-15,29.5
CHM00056739,2025-06-16,29.5
CHM00056739,2025-06-17,27.11
CHM00056739,2025-06-18,24.61
CHM00056739,2025-06-19,23.39
CHM00056739,2025-06-20,23.39
CHM00056739,2025-06-21,25.72
CHM00056739,2025-06-22,25.72
CHM00056739,2025-06-23,23.11
CHM00056739,2025-06-24,22.0
CHM00056739,2025-06-25,23.11
CHM00056739,2025-06-26,23.22
CHM00056739,2025-06-27,24.89
CHM00056739,2025-06-28,26.28
CHM00056739,2025-06-29,26.28
CHM00056739,2025-06-30,27.0
CHM00056739,2025-07-01,27.0
CHM00056739,2025-07-02,26.89
CHM00056739,2025-07-03,24.22
CHM00056739,2025-07-04,24.39
CHM00056739,2025-07-05,24.39
CHM00056739,2025-07-06,22.61
CHM00056739,2025-07-07,22.22
CHM00056739,2025-07-08,22.22
CHM00056739,2025-07-09,25.0
CHM00056739,2025-07-10,25.72
CHM00056739,2025-07-11,29.61
CHM00056739,2025-07-12,29.61
CHM00056739,2025-07-13,29.28
CHM00056739,2025-07-14,29.28
CHM00056739,2025-07-15,27.0
CHM00056739,2025-07-16,26.11
CHM00056739,2025-07-17,27.22
CHM00056739,2025-07-18,27.22
CHM00056739,2025-07-19,27.22
CHM00056739,2025-07-20,28.72
CHM00056739,2025-07-21,28.72
CHM00056739,2025-07-22,28.61
CHM00056739,2025-07-23,28.72
CHM00056739,2025-07-24,29.22
CHM00056739,2025-07-25,29.22
CHM00056739,2025-07-26,24.28
CHM00056739,2025-07-27,27.0
CHM00056739,2025-07-28,29.28
CHM00056739,2025-07-29,29.28
CHM00056739,2025-07-30,28.61
CHM00056739,2025-07-31,27.11
CHM00056739,2025-08-01,23.89
CHM00056739,2025-08-02,26.22
CHM00056739,2025-08-03,26.22
CHM00056739,2025-08-04,22.89
CHM00056739,2025-08-05,24.78
CHM00056739,2025-08-06,27.78
CHM00056739,2025-08-07,27.78
CHM00056739,2025-08-08,25.39
CHM00056739,2025-08-09,22.28
CHM00056739,2025-08-10,21.78
CHM00056739,2025-08-11,22.22
CHM00056739,2025-08-12,22.22
CHM00056739,2025-08-13,23.78
CHM00056739,2025-08-14,25.11
CHM00056739,2025-08-15,28.89
CHM00056739,2025-08-16,28.89
CHM00056739,2025-08-17,27.11
CHM00056739,2025-08-18,27.11
CHM00056739,2025-08-19,26.5
CHM00056739,2025-08-20,25.5
CHM00056739,2025-08-21,23.78
CHM00056739,2025-08-22,23.78
CHM00056739,2025-08-23,22.61
CHM00056739,2025-08-24,22.39
CHM00056739,2025-08-25,
CHM00056739,2025-08-26,
CHM00056739,2025-08-27,
CHM00056739,2025-08-28,
CHM00056739,2025-08-29,
CHM00056739,2025-08-30,
CHM00056739,2025-08-31,
CHM00056739,2025-09-01,
CHM00056739,2025-09-02,
CHM00056739,2025-09-03,
CHM00056739,2025-09-04,
CHM00056739,2025-09-05,
CHM00056739,2025-09-06,
CHM00056739,2025-09-07,
CHM00056739,2025-09-08,
CHM00056739,2025-09-09,
CHM00056739,2025-09-10,
CHM00056739,2025-09-11,
CHM00056739,2025-09-12,
CHM00056739,2025-09-13,
CHM00056739,2025-09-14,
CHM00056739,2025-09-15,
CHM00056739,2025-09-16,
CHM00056739,2025-09-17,
CHM00056739,2025-09-18,
CHM00056739,2025-09-19,
CHM00056739,2025-09-20,
CHM00056739,2025-09-21,
CHM00056739,2025-09-22,
CHM00056739,2025-09-23,
CHM00056739,2025-09-24,
CHM00056739,2025-09-25,
CHM00056739,2025-09-26,
CHM00056739,2025-09-27,
CHM00056739,2025-09-28,
CHM00056739,2025-09-29,
CHM00056739,2025-09-30,
CHM00056739,2025-10-01,
CHM00056739,2025-10-02,
CHM00056739,2025-10-03,
CHM00056739,2025-10-04,
CHM00056739,2025-10-05,
CHM00056739,2025-10-06,
CHM00056739,2025-10-07,
CHM00056739,2025-10-08,
CHM00056739,2025-10-09,
CHM00056739,2025-10-10,
CHM00056739,2025-10-11,
CHM00056739,2025-10-12,
CHM00056739,2025-10-13,
CHM00056739,2025-10-14,
CHM00056739,2025-10-15,
CHM00056739,2025-10-16,
CHM00056739,2025-10-17,
CHM00056739,2025-10-18,
CHM00056739,2025-10-19,
CHM00056739,2025-10-20,
CHM00056739,2025-10-21,
CHM00056739,2025-10-22,
CHM00056739,2025-10-23,
CHM00056739,2025-10-24,
CHM00056739,2025-10-25,
CHM00056739,2025-10-26,
CHM00056739,2025-10-27,
CHM00056739,2025-10-28,
CHM00056739,2025-10-29,
CHM00056739,2025-10-30,
CHM00056739,2025-10-31,
CHM00056739,2025-11-01,
CHM00056739,2025-11-02,
CHM00056739,2025-11-03,
CHM00056739,2025-11-04,
CHM00056739,2025-11-05,
CHM00056739,2025-11-06,
CHM00056739,2025-11-07,
CHM00056739,2025-11-08,
CHM00056739,2025-11-09,
CHM00056739,2025-11-10,
CHM00056739,2025-11-11,
CHM00056739,2025-11-12,
CHM00056739,2025-11-13,
CHM00056739,2025-11-14,
CHM00056739,2025-11-15,
CHM00056739,2025-11-16,
CHM00056739,2025-11-17,
CHM00056739,2025-11-18,
CHM00056739,2025-11-19,
CHM00056739,2025-11-20,
CHM00056739,2025-11-21,
CHM00056739,2025-11-22,
CHM00056739,2025-11-23,
CHM00056739,2025-11-24,
CHM00056739,2025-11-25,
CHM00056739,2025-11-26,
CHM00056739,2025-11-27,
CHM00056739,2025-11-28,
CHM00056739,2025-11-29,
CHM00056739,2025-11-30,
CHM00056739,2025-12-01,
CHM00056739,2025-12-02,
CHM00056739,2025-12-03,
CHM00056739,2025-12-04,
CHM00056739,2025-12-05,
CHM00056739,2025-12-06,
CHM00056739,2025-12-07,
CHM00056739,2025-12-08,
CHM00056739,2025-12-09,
CHM00056739,2025-12-10,
CHM00056739,2025-12-11,
CHM00056739,2025-12-12,
CHM00056739,2025-12-13,
CHM00056739,2025-12-14,
CHM00056739,2025-12-15,
CHM00056739,2025-12-16,
CHM00056739,2025-12-17,
CHM00056739,2025-12-18,
CHM00056739,2025-12-19,
CHM00056739,2025-12-20,
CHM00056739,2025-12-21,
CHM00056739,2025-12-22,
CHM00056739,2025-12-23,
CHM00056739,2025-12-24,
CHM00056739,2025-12-25,
CHM00056739,2025-12-26,
CHM00056739,2025-12-27,
CHM00056739,2025-12-28,
CHM00056739,2025-12-29,
CHM00056739,2025-12-30,
CHM00056739,2025-12-31,
CHM00056951,2025-01-01,21.22
CHM00056951,2025-01-02,20.5
CHM00056951,2025-01-03,20.11
CHM00056951,2025-01-04,19.5
CHM00056951,2025-01-05,19.5
CHM00056951,2025-01-06,19.28
CHM00056951,2025-01-07,21.22
CHM00056951,2025-01-08,21.22
CHM00056951,2025-01-09,20.5
CHM00056951,2025-01-10,20.5
CHM00056951,2025-01-11,20.28
CHM00056951,2025-01-12,20.0
CHM00056951,2025-01-13,19.61
CHM00056951,2025-01-14,19.61
CHM00056951,2025-01-15,18.11
CHM00056951,2025-01-16,17.89
CHM00056951,2025-01-17,20.28
CHM00056951,2025-01-18,22.89
CHM00056951,2025-01-19,24.11
CHM00056951,2025-01-20,24.11
CHM00056951,2025-01-21,23.89
CHM00056951,2025-01-22,22.28
CHM00056951,2025-01-23,22.78
CHM00056951,2025-01-24,24.11
CHM00056951,2025-01-25,24.11
CHM00056951,2025-01-26,20.78
CHM00056951,2025-01-27,19.89
CHM00056951,2025-01-28,15.89
CHM00056951,2025-01-29,15.89
CHM00056951,2025-01-30,20.39
CHM00056951,2025-01-31,21.78
CHM00056951,2025-02-01,21.78
CHM00056951,2025-02-02,21.78
CHM00056951,2025-02-03,21.78
CHM00056951,2025-02-04,23.0
CHM00056951,2025-02-05,23.0
CHM00056951,2025-02-06,24.0
CHM00056951,2025-02-07,24.0
CHM00056951,2025-02-08,23.72
CHM00056951,2025-02-09,23.72
CHM00056951,2025-02-10,23.5
CHM00056951,2025-02-11,23.11
CHM00056951,2025-02-12,23.22
CHM00056951,2025-02-13,23.22
CHM00056951,2025-02-14,23.22
CHM00056951,2025-02-15,23.22
CHM00056951,2025-02-16,22.5
CHM00056951,2025-02-17,22.61
CHM00056951,2025-02-18,23.0
CHM00056951,2025-02-19,24.39
CHM00056951,2025-02-20,24.39
CHM00056951,2025-02-21,23.11
CHM00056951,2025-02-22,23.11
CHM00056951,2025-02-23,24.0
CHM00056951,2025-02-24,24.0
CHM00056951,2025-02-25,24.0
CHM00056951,2025-02-26,23.39
CHM00056951,2025-02-27,25.0
CHM00056951,2025-02-28,25.39
CHM00056951,2025-03-01,25.72
CHM00056951,2025-03-02,25.72
CHM00056951,2025-03-03,24.11
CHM00056951,2025-03-04,24.89
CHM00056951,2025-03-05,25.0
CHM00056951,2025-03-06,25.5
CHM00056951,2025-03-07,26.22
CHM00056951,2025-03-08,26.72
CHM00056951,2025-03-09,26.72
CHM00056951,2025-03-10,26.89
CHM00056951,2025-03-11,26.89
CHM00056951,2025-03-12,26.89
CHM00056951,2025-03-13,26.78
CHM00056951,2025-03-14,24.78
CHM00056951,2025-03-15,27.0
CHM00056951,2025-03-16,27.0
CHM00056951,2025-03-17,26.72
CHM00056951,2025-03-18,26.61
CHM00056951,2025-03-19,10.72
CHM00056951,2025-03-20,17.28
CHM00056951,2025-03-21,17.28
CHM00056951,2025-03-22,22.89
CHM00056951,2025-03-23,25.72
CHM00056951,2025-03-24,25.72
CHM00056951,2025-03-25,26.0
CHM00056951,2025-03-26,27.39
CHM00056951,2025-03-27,28.22
CHM00056951,2025-03-28,28.39
CHM00056951,2025-03-29,28.39
CHM00056951,2025-03-30,29.0
CHM00056951,2025-03-31,29.0
CHM00056951,2025-04-01,28.89
CHM00056951,2025-04-02,29.39
CHM00056951,2025-04-03,29.39
CHM00056951,2025-04-04,29.39
CHM00056951,2025-04-05,29.22
CHM00056951,2025-04-06,27.11
CHM00056951,2025-04-07,27.11
CHM00056951,2025-04-08,26.28
CHM00056951,2025-04-09,26.11
CHM00056951,2025-04-10,27.61
CHM00056951,2025-04-11,27.61
CHM00056951,2025-04-12,24.11
CHM00056951,2025-04-13,24.11
CHM00056951,2025-04-14,27.72
CHM00056951,2025-04-15,27.72
CHM00056951,2025-04-16,29.11
CHM00056951,2025-04-17,29.11
CHM00056951,2025-04-18,27.11
CHM00056951,2025-04-19,27.11
CHM00056951,2025-04-20,26.89
CHM00056951,2025-04-21,26.89
CHM00056951,2025-04-22,24.0
CHM00056951,2025-04-23,28.61
CHM00056951,2025-04-24,30.28
CHM00056951,2025-04-25,30.28
CHM00056951,2025-04-26,30.28
CHM00056951,2025-04-27,30.28
CHM00056951,2025-04-28,30.72
CHM00056951,2025-04-29,30.72
CHM00056951,2025-04-30,26.11
CHM00056951,2025-05-01,21.22
CHM00056951,2025-05-02,21.22
CHM00056951,2025-05-03,20.78
CHM00056951,2025-05-04,25.39
CHM00056951,2025-05-05,28.28
CHM00056951,2025-05-06,28.61
CHM00056951,2025-05-07,29.0
CHM00056951,2025-05-08,29.0
CHM00056951,2025-05-09,30.39
CHM00056951,2025-05-10,30.39
CHM00056951,2025-05-11,30.11
CHM00056951,2025-05-12,28.61
CHM00056951,2025-05-13,26.28
CHM00056951,2025-05-14,26.72
CHM00056951,2025-05-15,28.5
CHM00056951,2025-05-16,30.0
CHM00056951,2025-05-17,30.0
CHM00056951,2025-05-18,28.39
CHM00056951,2025-05-19,29.0
CHM00056951,2025-05-20,29.0
CHM00056951,2025-05-21,28.61
CHM00056951,2025-05-22,30.28
CHM00056951,2025-05-23,30.28
CHM00056951,2025-05-24,29.78
CHM00056951,2025-05-25,19.39
CHM00056951,2025-05-26,17.61
CHM00056951,2025-05-27,22.22
CHM00056951,2025-05-28,24.78
CHM00056951,2025-05-29,24.78
CHM00056951,2025-05-30,26.39
CHM00056951,2025-05-31,26.39
CHM00056951,2025-06-01,22.39
CHM00056951,2025-06-02,24.78
CHM00056951,2025-06-03,24.78
CHM00056951,2025-06-04,27.11
CHM00056951,2025-06-05,27.78
CHM00056951,2025-06-06,28.5
CHM00056951,2025-06-07,29.61
CHM00056951,2025-06-08,29.72
CHM00056951,2025-06-09,29.72
CHM00056951,2025-06-10,27.72
CHM00056951,2025-06-11,27.28
CHM00056951,2025-06-12,29.11
CHM00056951,2025-06-13,30.22
CHM00056951,2025-06-14,30.72
CHM00056951,2025-06-15,30.72
CHM00056951,2025-06-16,29.61
CHM00056951,2025-06-17,27.61
CHM00056951,2025-06-18,26.72
CHM00056951,2025-06-19,26.61
CHM00056951,2025-06-20,26.61
CHM00056951,2025-06-21,25.39
CHM00056951,2025-06-22,24.78
CHM00056951,2025-06-23,24.72
CHM00056951,2025-06-24,26.11
CHM00056951,2025-06-25,26.11
CHM00056951,2025-06-26,24.5
CHM00056951,2025-06-27,26.72
CHM00056951,2025-06-28,28.0
CHM00056951,2025-06-29,28.0
CHM00056951,2025-06-30,27.72
CHM00056951,2025-07-01,27.72
CHM00056951,2025-07-02,27.28
CHM00056951,2025-07-03,25.5
CHM00056951,2025-07-04,25.5
CHM00056951,2025-07-05,24.89
CHM00056951,2025-07-06,22.78
CHM00056951,2025-07-07,25.0
CHM00056951,2025-07-08,25.11
CHM00056951,2025-07-09,25.28
CHM00056951,2025-07-10,26.89
CHM00056951,2025-07-11,27.28
CHM00056951,2025-07-12,28.61
CHM00056951,2025-07-13,29.22
CHM00056951,2025-07-14,29.22
CHM00056951,2025-07-15,27.78
CHM00056951,2025-07-16,28.89
CHM00056951,2025-07-17,28.89
CHM00056951,2025-07-18,29.72
CHM00056951,2025-07-19,29.72
CHM00056951,2025-07-20,30.39
CHM00056951,2025-07-21,30.39
CHM00056951,2025-07-22,29.28
CHM00056951,2025-07-23,28.28
CHM00056951,2025-07-24,28.22
CHM00056951,2025-07-25,28.22
CHM00056951,2025-07-26,23.89
CHM00056951,2025-07-27,26.78
CHM00056951,2025-07-28,28.5
CHM00056951,2025-07-29,29.72
CHM00056951,2025-07-30,29.72
CHM00056951,2025-07-31,28.11
CHM00056951,2025-08-01,28.39
CHM00056951,2025-08-02,28.39
CHM00056951,2025-08-03,27.78
CHM00056951,2025-08-04,27.11
CHM00056951,2025-08-05,27.61
CHM00056951,2025-08-06,27.61
CHM00056951,2025-08-07,25.78
CHM00056951,2025-08-08,24.28
CHM00056951,2025-08-09,24.72
CHM00056951,2025-08-10,25.0
CHM00056951,2025-08-11,26.78
CHM00056951,2025-08-12,26.78
CHM00056951,2025-08-13,25.89
CHM00056951,2025-08-14,25.28
CHM00056951,2025-08-15,27.89
CHM00056951,2025-08-16,27.89
CHM00056951,2025-08-17,27.61
CHM00056951,2025-08-18,29.0
CHM00056951,2025-08-19,29.0
CHM00056951,2025-08-20,27.78
CHM00056951,2025-08-21,26.78
CHM00056951,2025-08-22,25.89
CHM00056951,2025-08-23,22.72
CHM00056951,2025-08-24,24.11
CHM00056951,2025-08-25,
CHM00056951,2025-08-26,
CHM00056951,2025-08-27,
CHM00056951,2025-08-28,
CHM00056951,2025-08-29,
CHM00056951,2025-08-30,
CHM00056951,2025-08-31,
CHM00056951,2025-09-01,
CHM00056951,2025-09-02,
CHM00056951,2025-09-03,
CHM00056951,2025-09-04,
CHM00056951,2025-09-05,
CHM00056951,2025-09-06,
CHM00056951,2025-09-07,
CHM00056951,2025-09-08,
CHM00056951,2025-09-09,
CHM00056951,2025-09-10,
CHM00056951,2025-09-11,
CHM00056951,2025-09-12,
CHM00056951,2025-09-13,
CHM00056951,2025-09-14,
CHM00056951,2025-09-15,
CHM00056951,2025-09-16,
CHM00056951,2025-09-17,
CHM00056951,2025-09-18,
CHM00056951,2025-09-19,
CHM00056951,2025-09-20,
CHM00056951,2025-09-21,
CHM00056951,2025-09-22,
CHM00056951,2025-09-23,
CHM00056951,2025-09-24,
CHM00056951,2025-09-25,
CHM00056951,2025-09-26,
CHM00056951,2025-09-27,
CHM00056951,2025-09-28,
CHM00056951,2025-09-29,
CHM00056951,2025-09-30,
CHM00056951,2025-10-01,
CHM00056951,2025-10-02,
CHM00056951,2025-10-03,
CHM00056951,2025-10-04,
CHM00056951,2025-10-05,
CHM00056951,2025-10-06,
CHM00056951,2025-10-07,
CHM00056951,2025-10-08,
CHM00056951,2025-10-09,
CHM00056951,2025-10-10,
CHM00056951,2025-10-11,
CHM00056951,2025-10-12,
CHM00056951,2025-10-13,
CHM00056951,2025-10-14,
CHM00056951,2025-10-15,
CHM00056951,2025-10-16,
CHM00056951,2025-10-17,
CHM00056951,2025-10-18,
CHM00056951,2025-10-19,
CHM00056951,2025-10-20,
CHM00056951,2025-10-21,
CHM00056951,2025-10-22,
CHM00056951,2025-10-23,
CHM00056951,2025-10-24,
CHM00056951,2025-10-25,
CHM00056951,2025-10-26,
CHM00056951,2025-10-27,
CHM00056951,2025-10-28,
CHM00056951,2025-10-29,
CHM00056951,2025-10-30,
CHM00056951,2025-10-31,
CHM00056951,2025-11-01,
CHM00056951,2025-11-02,
CHM00056951,2025-11-03,
CHM00056951,2025-11-04,
CHM00056951,2025-11-05,
CHM00056951,2025-11-06,
CHM00056951,2025-11-07,
CHM00056951,2025-11-08,
CHM00056951,2025-11-09,
CHM00056951,2025-11-10,
CHM00056951,2025-11-11,
CHM00056951,2025-11-12,
CHM00056951,2025-11-13,
CHM00056951,2025-11-14,
CHM00056951,2025-11-15,
CHM00056951,2025-11-16,
CHM00056951,2025-11-17,
CHM00056951,2025-11-18,
CHM00056951,2025-11-19,
CHM00056951,2025-11-20,
CHM00056951,2025-11-21,
CHM00056951,2025-11-22,
CHM00056951,2025-11-23,
CHM00056951,2025-11-24,
CHM00056951,2025-11-25,
CHM00056951,2025-11-26,
CHM00056951,2025-11-27,
CHM00056951,2025-11-28,
CHM00056951,2025-11-29,
CHM00056951,2025-11-30,
CHM00056951,2025-12-01,
CHM00056951,2025-12-02,
CHM00056951,2025-12-03,
CHM00056951,2025-12-04,
CHM00056951,2025-12-05,
CHM00056951,2025-12-06,
CHM00056951,2025-12-07,
CHM00056951,2025-12-08,
CHM00056951,2025-12-09,
CHM00056951,2025-12-10,
CHM00056951,2025-12-11,
CHM00056951,2025-12-12,
CHM00056951,2025-12-13,
CHM00056951,2025-12-14,
CHM00056951,2025-12-15,
CHM00056951,2025-12-16,
CHM00056951,2025-12-17,
CHM00056951,2025-12-18,
CHM00056951,2025-12-19,
CHM00056951,2025-12-20,
CHM00056951,2025-12-21,
CHM00056951,2025-12-22,
CHM00056951,2025-12-23,
CHM00056951,2025-12-24,
CHM00056951,2025-12-25,
CHM00056951,2025-12-26,
CHM00056951,2025-12-27,
CHM00056951,2025-12-28,
CHM00056951,2025-12-29,
CHM00056951,2025-12-30,
CHM00056951,2025-12-31,
CHM00057707,2025-01-01,14.89
CHM00057707,2025-01-02,14.89
CHM00057707,2025-01-03,16.89
CHM00057707,2025-01-04,16.89
CHM00057707,2025-01-05,17.11
CHM00057707,2025-01-06,17.11
CHM00057707,2025-01-07,5.39
CHM00057707,2025-01-08,3.61
CHM00057707,2025-01-09,3.28
CHM00057707,2025-01-10,2.5
CHM00057707,2025-01-11,4.28
CHM00057707,2025-01-12,13.22
CHM00057707,2025-01-13,13.22
CHM00057707,2025-01-14,10.11
CHM00057707,2025-01-15,9.61
CHM00057707,2025-01-16,9.61
CHM00057707,2025-01-17,6.72
CHM00057707,2025-01-18,9.78
CHM00057707,2025-01-19,10.5
CHM00057707,2025-01-20,11.0
CHM00057707,2025-01-21,13.28
CHM00057707,2025-01-22,13.28
CHM00057707,2025-01-23,15.22
CHM00057707,2025-01-24,15.22
CHM00057707,2025-01-25,9.28
CHM00057707,2025-01-26,7.22
CHM00057707,2025-01-27,11.61
CHM00057707,2025-01-28,11.61
CHM00057707,2025-01-29,11.61
CHM00057707,2025-01-30,13.61
CHM00057707,2025-01-31,13.61
CHM00057707,2025-02-01,5.11
CHM00057707,2025-02-02,5.22
CHM00057707,2025-02-03,5.22
CHM00057707,2025-02-04,8.89
CHM00057707,2025-02-05,8.89
CHM00057707,2025-02-06,4.5
CHM00057707,2025-02-07,3.0
CHM00057707,2025-02-08,2.89
CHM00057707,2025-02-09,2.5
CHM00057707,2025-02-10,4.89
CHM00057707,2025-02-11,11.39
CHM00057707,2025-02-12,11.39
CHM00057707,2025-02-13,4.0
CHM00057707,2025-02-14,2.72
CHM00057707,2025-02-15,5.5
CHM00057707,2025-02-16,6.11
CHM00057707,2025-02-17,6.89
CHM00057707,2025-02-18,6.89
CHM00057707,2025-02-19,6.22
CHM00057707,2025-02-20,7.72
CHM00057707,2025-02-21,7.72
CHM00057707,2025-02-22,6.11
CHM00057707,2025-02-23,6.22
CHM00057707,2025-02-24,6.22
CHM00057707,2025-02-25,5.78
CHM00057707,2025-02-26,13.0
CHM00057707,2025-02-27,27.5
CHM00057707,2025-02-28,27.5
CHM00057707,2025-03-01,29.22
CHM00057707,2025-03-02,15.5
CHM00057707,2025-03-03,18.72
CHM00057707,2025-03-04,18.72
CHM00057707,2025-03-05,10.22
CHM00057707,2025-03-06,10.22
CHM00057707,2025-03-07,8.72
CHM00057707,2025-03-08,8.72
CHM00057707,2025-03-09,6.72
CHM00057707,2025-03-10,19.28
CHM00057707,2025-03-11,19.28
CHM00057707,2025-03-12,17.78
CHM00057707,2025-03-13,13.39
CHM00057707,2025-03-14,11.28
CHM00057707,2025-03-15,11.28
CHM00057707,2025-03-16,8.72
CHM00057707,2025-03-17,5.5
CHM00057707,2025-03-18,5.78
CHM00057707,2025-03-19,8.89
CHM00057707,2025-03-20,9.72
CHM00057707,2025-03-21,15.39
CHM00057707,2025-03-22,17.0
CHM00057707,2025-03-23,17.0
CHM00057707,2025-03-24,24.0
CHM00057707,2025-03-25,28.5
CHM00057707,2025-03-26,31.61
CHM00057707,2025-03-27,31.61
CHM00057707,2025-03-28,12.5
CHM00057707,2025-03-29,12.5
CHM00057707,2025-03-30,5.11
CHM00057707,2025-03-31,5.78
CHM00057707,2025-04-01,10.0
CHM00057707,2025-04-02,12.61
CHM00057707,2025-04-03,20.72
CHM00057707,2025-04-04,23.78
CHM00057707,2025-04-05,17.61
CHM00057707,2025-04-06,12.72
CHM00057707,2025-04-07,21.78
CHM00057707,2025-04-08,21.78
CHM00057707,2025-04-09,23.28
CHM00057707,2025-04-10,25.0
CHM00057707,2025-04-11,28.28
CHM00057707,2025-04-12,10.72
CHM00057707,2025-04-13,23.0
CHM00057707,2025-04-14,25.89
CHM00057707,2025-04-15,29.72
CHM00057707,2025-04-16,29.72
CHM00057707,2025-04-17,28.22
CHM00057707,2025-04-18,30.72
CHM00057707,2025-04-19,30.72
CHM00057707,2025-04-20,28.39
CHM00057707,2025-04-21,28.72
CHM00057707,2025-04-22,28.72
CHM00057707,2025-04-23,18.61
CHM00057707,2025-04-24,15.78
CHM00057707,2025-04-25,18.89
CHM00057707,2025-04-26,18.89
CHM00057707,2025-04-27,19.78
CHM00057707,2025-04-28,21.78
CHM00057707,2025-04-29,21.78
CHM00057707,2025-04-30,21.61
CHM00057707,2025-05-01,25.78
CHM00057707,2025-05-02,28.89
CHM00057707,2025-05-03,28.89
CHM00057707,2025-05-04,28.11
CHM00057707,2025-05-05,28.11
CHM00057707,2025-05-06,21.89
CHM00057707,2025-05-07,22.89
CHM00057707,2025-05-08,23.72
CHM00057707,2025-05-09,24.28
CHM00057707,2025-05-10,24.28
CHM00057707,2025-05-11,22.78
CHM00057707,2025-05-12,29.89
CHM00057707,2025-05-13,29.89
CHM00057707,2025-05-14,24.0
CHM00057707,2025-05-15,20.11
CHM00057707,2025-05-16,20.11
CHM00057707,2025-05-17,24.28
CHM00057707,2025-05-18,24.28
CHM00057707,2025-05-19,26.72
CHM00057707,2025-05-20,30.39
CHM00057707,2025-05-21,30.39
CHM00057707,2025-05-22,28.39
CHM00057707,2025-05-23,23.78
CHM00057707,2025-05-24,19.72
CHM00057707,2025-05-25,18.28
CHM00057707,2025-05-26,24.78
CHM00057707,2025-05-27,24.78
CHM00057707,2025-05-28,21.72
CHM00057707,2025-05-29,24.5
CHM00057707,2025-05-30,26.72
CHM00057707,2025-05-31,26.72
CHM00057707,2025-06-01,20.28
CHM00057707,2025-06-02,19.72
CHM00057707,2025-06-03,21.22
CHM00057707,2025-06-04,23.0
CHM00057707,2025-06-05,28.39
CHM00057707,2025-06-06,28.39
CHM00057707,2025-06-07,27.28
CHM00057707,2025-06-08,25.22
CHM00057707,2025-06-09,25.22
CHM00057707,2025-06-10,26.0
CHM00057707,2025-06-11,27.39
CHM00057707,2025-06-12,29.39
CHM00057707,2025-06-13,31.11
CHM00057707,2025-06-14,31.11
CHM00057707,2025-06-15,30.78
CHM00057707,2025-06-16,30.22
CHM00057707,2025-06-17,30.22
CHM00057707,2025-06-18,29.28
CHM00057707,2025-06-19,26.39
CHM00057707,2025-06-20,24.89
CHM00057707,2025-06-21,24.89
CHM00057707,2025-06-22,21.22
CHM00057707,2025-06-23,28.0
CHM00057707,2025-06-24,28.0
CHM00057707,2025-06-25,27.22
CHM00057707,2025-06-26,24.28
CHM00057707,2025-06-27,24.28
CHM00057707,2025-06-28,29.61
CHM00057707,2025-06-29,29.61
CHM00057707,2025-06-30,28.5
CHM00057707,2025-07-01,25.0
CHM00057707,2025-07-02,26.89
CHM00057707,2025-07-03,29.28
CHM00057707,2025-07-04,30.5
CHM00057707,2025-07-05,30.5
CHM00057707,2025-07-06,30.0
CHM00057707,2025-07-07,30.61
CHM00057707,2025-07-08,30.61
CHM00057707,2025-07-09,30.39
CHM00057707,2025-07-10,24.78
CHM00057707,2025-07-11,27.28
CHM00057707,2025-07-12,28.11
CHM00057707,2025-07-13,28.89
CHM00057707,2025-07-14,31.0
CHM00057707,2025-07-15,32.0
CHM00057707,2025-07-16,32.0
CHM00057707,2025-07-17,32.0
CHM00057707,2025-07-18,31.72
CHM00057707,2025-07-19,31.72
CHM00057707,2025-07-20,28.78
CHM00057707,2025-07-21,24.78
CHM00057707,2025-07-22,23.5
CHM00057707,2025-07-23,24.61
CHM00057707,2025-07-24,24.61
CHM00057707,2025-07-25,28.11
CHM00057707,2025-07-26,28.89
CHM00057707,2025-07-27,29.11
CHM00057707,2025-07-28,30.72
CHM00057707,2025-07-29,30.72
CHM00057707,2025-07-30,30.61
CHM00057707,2025-07-31,30.61
CHM00057707,2025-08-01,30.5
CHM00057707,2025-08-02,31.5
CHM00057707,2025-08-03,32.78
CHM00057707,2025-08-04,32.78
CHM00057707,2025-08-05,32.0
CHM00057707,2025-08-06,32.0
CHM00057707,2025-08-07,29.5
CHM00057707,2025-08-08,30.28
CHM00057707,2025-08-09,31.5
CHM00057707,2025-08-10,31.78
CHM00057707,2025-08-11,31.78
CHM00057707,2025-08-12,27.78
CHM00057707,2025-08-13,29.0
CHM00057707,2025-08-14,29.5
CHM00057707,2025-08-15,29.5
CHM00057707,2025-08-16,26.72
CHM00057707,2025-08-17,28.5
CHM00057707,2025-08-18,29.22
CHM00057707,2025-08-19,29.22
CHM00057707,2025-08-20,28.78
CHM00057707,2025-08-21,28.78
CHM00057707,2025-08-22,27.11
CHM00057707,2025-08-23,25.0
CHM00057707,2025-08-24,28.39
CHM00057707,2025-08-25,
CHM00057707,2025-08-26,
CHM00057707,2025-08-27,
CHM00057707,2025-08-28,
CHM00057707,2025-08-29,
CHM00057707,2025-08-30,
CHM00057707,2025-08-31,
CHM00057707,2025-09-01,
CHM00057707,2025-09-02,
CHM00057707,2025-09-03,
CHM00057707,2025-09-04,
CHM00057707,2025-09-05,
CHM00057707,2025-09-06,
CHM00057707,2025-09-07,
CHM00057707,2025-09-08,
CHM00057707,2025-09-09,
CHM00057707,2025-09-10,
CHM00057707,2025-09-11,
CHM00057707,2025-09-12,
CHM00057707,2025-09-13,
CHM00057707,2025-09-14,
CHM00057707,2025-09-15,
CHM00057707,2025-09-16,
CHM00057707,2025-09-17,
CHM00057707,2025-09-18,
CHM00057707,2025-09-19,
CHM00057707,2025-09-20,
CHM00057707,2025-09-21,
CHM00057707,2025-09-22,
CHM00057707,2025-09-23,
CHM00057707,2025-09-24,
CHM00057707,2025-09-25,
CHM00057707,2025-09-26,
CHM00057707,2025-09-27,
CHM00057707,2025-09-28,
CHM00057707,2025-09-29,
CHM00057707,2025-09-30,
CHM00057707,2025-10-01,
CHM00057707,2025-10-02,
CHM00057707,2025-10-03,
CHM00057707,2025-10-04,
CHM00057707,2025-10-05,
CHM00057707,2025-10-06,
CHM00057707,2025-10-07,
CHM00057707,2025-10-08,
CHM00057707,2025-10-09,
CHM00057707,2025-10-10,
CHM00057707,2025-10-11,
CHM00057707,2025-10-12,
CHM00057707,2025-10-13,
CHM00057707,2025-10-14,
CHM00057707,2025-10-15,
CHM00057707,2025-10-16,
CHM00057707,2025-10-17,
CHM00057707,2025-10-18,
CHM00057707,2025-10-19,
CHM00057707,2025-10-20,
CHM00057707,2025-10-21,
CHM00057707,2025-10-22,
CHM00057707,2025-10-23,
CHM00057707,2025-10-24,
CHM00057707,2025-10-25,
CHM00057707,2025-10-26,
CHM00057707,2025-10-27,
CHM00057707,2025-10-28,
CHM00057707,2025-10-29,
CHM00057707,2025-10-30,
CHM00057707,2025-10-31,
CHM00057707,2025-11-01,
CHM00057707,2025-11-02,
CHM00057707,2025-11-03,
CHM00057707,2025-11-04,
CHM00057707,2025-11-05,
CHM00057707,2025-11-06,
CHM00057707,2025-11-07,
CHM00057707,2025-11-08,
CHM00057707,2025-11-09,
CHM00057707,2025-11-10,
CHM00057707,2025-11-11,
CHM00057707,2025-11-12,
CHM00057707,2025-11-13,
CHM00057707,2025-11-14,
CHM00057707,2025-11-15,
CHM00057707,2025-11-16,
CHM00057707,2025-11-17,
CHM00057707,2025-11-18,
CHM00057707,2025-11-19,
CHM00057707,2025-11-20,
CHM00057707,2025-11-21,
CHM00057707,2025-11-22,
CHM00057707,2025-11-23,
CHM00057707,2025-11-24,
CHM00057707,2025-11-25,
CHM00057707,2025-11-26,
CHM00057707,2025-11-27,
CHM00057707,2025-11-28,
CHM00057707,2025-11-29,
CHM00057707,2025-11-30,
CHM00057707,2025-12-01,
CHM00057707,2025-12-02,
CHM00057707,2025-12-03,
CHM00057707,2025-12-04,
CHM00057707,2025-12-05,
CHM00057707,2025-12-06,
CHM00057707,2025-12-07,
CHM00057707,2025-12-08,
CHM00057707,2025-12-09,
CHM00057707,2025-12-10,
CHM00057707,2025-12-11,
CHM00057707,2025-12-12,
CHM00057707,2025-12-13,
CHM00057707,2025-12-14,
CHM00057707,2025-12-15,
CHM00057707,2025-12-16,
CHM00057707,2025-12-17,
CHM00057707,2025-12-18,
CHM00057707,2025-12-19,
CHM00057707,2025-12-20,
CHM00057707,2025-12-21,
CHM00057707,2025-12-22,
CHM00057707,2025-12-23,
CHM00057707,2025-12-24,
CHM00057707,2025-12-25,
CHM00057707,2025-12-26,
CHM00057707,2025-12-27,
CHM00057707,2025-12-28,
CHM00057707,2025-12-29,
CHM00057707,2025-12-30,
CHM00057707,2025-12-31,
CHM00059758,2025-01-01,22.89
CHM00059758,2025-01-02,22.89
CHM00059758,2025-01-03,22.28
CHM00059758,2025-01-04,22.28
CHM00059758,2025-01-05,22.89
CHM00059758,2025-01-06,22.89
CHM00059758,2025-01-07,22.89
CHM00059758,2025-01-08,22.61
CHM00059758,2025-01-09,22.72
CHM00059758,2025-01-10,22.72
CHM00059758,2025-01-11,17.78
CHM00059758,2025-01-12,17.89
CHM00059758,2025-01-13,20.22
CHM00059758,2025-01-14,20.22
CHM00059758,2025-01-15,20.11
CHM00059758,2025-01-16,19.72
CHM00059758,2025-01-17,19.78
CHM00059758,2025-01-18,21.0
CHM00059758,2025-01-19,22.28
CHM00059758,2025-01-20,22.28
CHM00059758,2025-01-21,22.5
CHM00059758,2025-01-22,22.5
CHM00059758,2025-01-23,21.78
CHM00059758,2025-01-24,25.11
CHM00059758,2025-01-25,26.0
CHM00059758,2025-01-26,26.0
CHM00059758,2025-01-27,18.61
CHM00059758,2025-01-28,18.39
CHM00059758,2025-01-29,21.39
CHM00059758,2025-01-30,23.11
CHM00059758,2025-01-31,23.78
CHM00059758,2025-02-01,23.89
CHM00059758,2025-02-02,23.89
CHM00059758,2025-02-03,23.89
CHM00059758,2025-02-04,18.11
CHM00059758,2025-02-05,22.22
CHM00059758,2025-02-06,25.72
CHM00059758,2025-02-07,25.72
CHM00059758,2025-02-08,18.22
CHM00059758,2025-02-09,19.0
CHM00059758,2025-02-10,20.61
CHM00059758,2025-02-11,20.61
CHM00059758,2025-02-12,19.5
CHM00059758,2025-02-13,20.89
CHM00059758,2025-02-14,20.89
CHM00059758,2025-02-15,25.5
CHM00059758,2025-02-16,28.39
CHM00059758,2025-02-17,28.39
CHM00059758,2025-02-18,27.22
CHM00059758,2025-02-19,25.72
CHM00059758,2025-02-20,24.5
CHM00059758,2025-02-21,24.5
CHM00059758,2025-02-22,24.0
CHM00059758,2025-02-23,20.22
CHM00059758,2025-02-24,19.11
CHM00059758,2025-02-25,18.78
CHM00059758,2025-02-26,19.11
CHM00059758,2025-02-27,25.22
CHM00059758,2025-02-28,27.22
CHM00059758,2025-03-01,27.89
CHM00059758,2025-03-02,30.72
CHM00059758,2025-03-03,30.72
CHM00059758,2025-03-04,30.61
CHM00059758,2025-03-05,30.72
CHM00059758,2025-03-06,30.72
CHM00059758,2025-03-07,17.22
CHM00059758,2025-03-08,18.5
CHM00059758,2025-03-09,20.5
CHM00059758,2025-03-10,25.22
CHM00059758,2025-03-11,25.22
CHM00059758,2025-03-12,27.78
CHM00059758,2025-03-13,29.89
CHM00059758,2025-03-14,31.78
CHM00059758,2025-03-15,31.78
CHM00059758,2025-03-16,30.0
CHM00059758,2025-03-17,18.22
CHM00059758,2025-03-18,17.22
CHM00059758,2025-03-19,20.61
CHM00059758,2025-03-20,23.39
CHM00059758,2025-03-21,23.89
CHM00059758,2025-03-22,24.5
CHM00059758,2025-03-23,25.61
CHM00059758,2025-03-24,27.78
CHM00059758,2025-03-25,27.78
CHM00059758,2025-03-26,30.28
CHM00059758,2025-03-27,31.89
CHM00059758,2025-03-28,32.72
CHM00059758,2025-03-29,32.72
CHM00059758,2025-03-30,21.61
CHM00059758,2025-03-31,16.11
CHM00059758,2025-04-01,17.72
CHM00059758,2025-04-02,22.28
CHM00059758,2025-04-03,24.5
CHM00059758,2025-04-04,27.72
CHM00059758,2025-04-05,27.72
CHM00059758,2025-04-06,24.89
CHM00059758,2025-04-07,25.5
CHM00059758,2025-04-08,28.39
CHM00059758,2025-04-09,30.61
CHM00059758,2025-04-10,30.61
CHM00059758,2025-04-11,34.0
CHM00059758,2025-04-12,35.72
CHM00059758,2025-04-13,35.72
CHM00059758,2025-04-14,27.72
CHM00059758,2025-04-15,30.28
CHM00059758,2025-04-16,31.89
CHM00059758,2025-04-17,32.28
CHM00059758,2025-04-18,36.0
CHM00059758,2025-04-19,36.0
CHM00059758,2025-04-20,35.78
CHM00059758,2025-04-21,37.22
CHM00059758,2025-04-22,37.22
CHM00059758,2025-04-23,35.5
CHM00059758,2025-04-24,36.61
CHM00059758,2025-04-25,36.61
CHM00059758,2025-04-26,30.0
CHM00059758,2025-04-27,33.0
CHM00059758,2025-04-28,33.0
CHM00059758,2025-04-29,31.5
CHM00059758,2025-04-30,30.72
CHM00059758,2025-05-01,31.0
CHM00059758,2025-05-02,31.28
CHM00059758,2025-05-03,31.72
CHM00059758,2025-05-04,33.72
CHM00059758,2025-05-05,35.22
CHM00059758,2025-05-06,35.22
CHM00059758,2025-05-07,35.5
CHM00059758,2025-05-08,35.5
CHM00059758,2025-05-09,35.72
CHM00059758,2025-05-10,35.72
CHM00059758,2025-05-11,33.28
CHM00059758,2025-05-12,28.0
CHM00059758,2025-05-13,29.11
CHM00059758,2025-05-14,31.78
CHM00059758,2025-05-15,31.78
CHM00059758,2025-05-16,33.39
CHM00059758,2025-05-17,35.0
CHM00059758,2025-05-18,35.0
CHM00059758,2025-05-19,34.72
CHM00059758,2025-05-20,35.5
CHM00059758,2025-05-21,36.0
CHM00059758,2025-05-22,36.0
CHM00059758,2025-05-23,35.89
CHM00059758,2025-05-24,35.39
CHM00059758,2025-05-25,33.39
CHM00059758,2025-05-26,29.89
CHM00059758,2025-05-27,30.5
CHM00059758,2025-05-28,32.0
CHM00059758,2025-05-29,32.5
CHM00059758,2025-05-30,32.5
CHM00059758,2025-05-31,32.72
CHM00059758,2025-06-01,35.28
CHM00059758,2025-06-02,37.0
CHM00059758,2025-06-03,37.0
CHM00059758,2025-06-04,33.5
CHM00059758,2025-06-05,31.39
CHM00059758,2025-06-06,34.11
CHM00059758,2025-06-07,34.22
CHM00059758,2025-06-08,34.39
CHM00059758,2025-06-09,34.61
CHM00059758,2025-06-10,34.61
CHM00059758,2025-06-11,34.0
CHM00059758,2025-06-12,31.39
CHM00059758,2025-06-13,30.72
CHM00059758,2025-06-14,29.89
CHM00059758,2025-06-15,35.28
CHM00059758,2025-06-16,35.28
CHM00059758,2025-06-17,34.39
CHM00059758,2025-06-18,34.28
CHM00059758,2025-06-19,34.78
CHM00059758,2025-06-20,35.0
CHM00059758,2025-06-21,35.0
CHM00059758,2025-06-22,35.22
CHM00059758,2025-06-23,35.22
CHM00059758,2025-06-24,35.0
CHM00059758,2025-06-25,35.0
CHM00059758,2025-06-26,32.89
CHM00059758,2025-06-27,33.89
CHM00059758,2025-06-28,34.11
CHM00059758,2025-06-29,34.11
CHM00059758,2025-06-30,32.39
CHM00059758,2025-07-01,32.11
CHM00059758,2025-07-02,32.11
CHM00059758,2025-07-03,31.61
CHM00059758,2025-07-04,31.0
CHM00059758,2025-07-05,33.11
CHM00059758,2025-07-06,33.61
CHM00059758,2025-07-07,33.61
CHM00059758,2025-07-08,34.78
CHM00059758,2025-07-09,35.5
CHM00059758,2025-07-10,35.5
CHM00059758,2025-07-11,33.0
CHM00059758,2025-07-12,32.61
CHM00059758,2025-07-13,33.5
CHM00059758,2025-07-14,34.0
CHM00059758,2025-07-15,34.89
CHM00059758,2025-07-16,34.89
CHM00059758,2025-07-17,34.89
CHM00059758,2025-07-18,34.89
CHM00059758,2025-07-19,34.11
CHM00059758,2025-07-20,29.61
CHM00059758,2025-07-21,27.89
CHM00059758,2025-07-22,33.0
CHM00059758,2025-07-23,33.5
CHM00059758,2025-07-24,33.5
CHM00059758,2025-07-25,32.5
CHM00059758,2025-07-26,33.89
CHM00059758,2025-07-27,34.0
CHM00059758,2025-07-28,34.0
CHM00059758,2025-07-29,33.39
CHM00059758,2025-07-30,35.11
CHM00059758,2025-07-31,35.11
CHM00059758,2025-08-01,34.78
CHM00059758,2025-08-02,34.22
CHM00059758,2025-08-03,35.61
CHM00059758,2025-08-04,37.61
CHM00059758,2025-08-05,37.61
CHM00059758,2025-08-06,36.22
CHM00059758,2025-08-07,34.89
CHM00059758,2025-08-08,34.89
CHM00059758,2025-08-09,34.72
CHM00059758,2025-08-10,34.22
CHM00059758,2025-08-11,34.89
CHM00059758,2025-08-12,34.89
CHM00059758,2025-08-13,34.61
CHM00059758,2025-08-14,34.61
CHM00059758,2025-08-15,33.61
CHM00059758,2025-08-16,31.28
CHM00059758,2025-08-17,29.5
CHM00059758,2025-08-18,29.28
CHM00059758,2025-08-19,32.89
CHM00059758,2025-08-20,34.89
CHM00059758,2025-08-21,34.89
CHM00059758,2025-08-22,34.72
CHM00059758,2025-08-23,33.89
CHM00059758,2025-08-24,33.89
CHM00059758,2025-08-25,
CHM00059758,2025-08-26,
CHM00059758,2025-08-27,
CHM00059758,2025-08-28,
CHM00059758,2025-08-29,
CHM00059758,2025-08-30,
CHM00059758,2025-08-31,
CHM00059758,2025-09-01,
CHM00059758,2025-09-02,
CHM00059758,2025-09-03,
CHM00059758,2025-09-04,
CHM00059758,2025-09-05,
CHM00059758,2025-09-06,
CHM00059758,2025-09-07,
CHM00059758,2025-09-08,
CHM00059758,2025-09-09,
CHM00059758,2025-09-10,
CHM00059758,2025-09-11,
CHM00059758,2025-09-12,
CHM00059758,2025-09-13,
CHM00059758,2025-09-14,
CHM00059758,2025-09-15,
CHM00059758,2025-09-16,
CHM00059758,2025-09-17,
CHM00059758,2025-09-18,
CHM00059758,2025-09-19,
CHM00059758,2025-09-20,
CHM00059758,2025-09-21,
CHM00059758,2025-09-22,
CHM00059758,2025-09-23,
CHM00059758,2025-09-24,
CHM00059758,2025-09-25,
CHM00059758,2025-09-26,
CHM00059758,2025-09-27,
CHM00059758,2025-09-28,
CHM00059758,2025-09-29,
CHM00059758,2025-09-30,
CHM00059758,2025-10-01,
CHM00059758,2025-10-02,
CHM00059758,2025-10-03,
CHM00059758,2025-10-04,
CHM00059758,2025-10-05,
CHM00059758,2025-10-06,
CHM00059758,2025-10-07,
CHM00059758,2025-10-08,
CHM00059758,2025-10-09,
CHM00059758,2025-10-10,
CHM00059758,2025-10-11,
CHM00059758,2025-10-12,
CHM00059758,2025-10-13,
CHM00059758,2025-10-14,
CHM00059758,2025-10-15,
CHM00059758,2025-10-16,
CHM00059758,2025-10-17,
CHM00059758,2025-10-18,
CHM00059758,2025-10-19,
CHM00059758,2025-10-20,
CHM00059758,2025-10-21,
CHM00059758,2025-10-22,
CHM00059758,2025-10-23,
CHM00059758,2025-10-24,
CHM00059758,2025-10-25,
CHM00059758,2025-10-26,
CHM00059758,2025-10-27,
CHM00059758,2025-10-28,
CHM00059758,2025-10-29,
CHM00059758,2025-10-30,
CHM00059758,2025-10-31,
CHM00059758,2025-11-01,
CHM00059758,2025-11-02,
CHM00059758,2025-11-03,
CHM00059758,2025-11-04,
CHM00059758,2025-11-05,
CHM00059758,2025-11-06,
CHM00059758,2025-11-07,
CHM00059758,2025-11-08,
CHM00059758,2025-11-09,
CHM00059758,2025-11-10,
CHM00059758,2025-11-11,
CHM00059758,2025-11-12,
CHM00059758,2025-11-13,
CHM00059758,2025-11-14,
CHM00059758,2025-11-15,
CHM00059758,2025-11-16,
CHM00059758,2025-11-17,
CHM00059758,2025-11-18,
CHM00059758,2025-11-19,
CHM00059758,2025-11-20,
CHM00059758,2025-11-21,
CHM00059758,2025-11-22,
CHM00059758,2025-11-23,
CHM00059758,2025-11-24,
CHM00059758,2025-11-25,
CHM00059758,2025-11-26,
CHM00059758,2025-11-27,
CHM00059758,2025-11-28,
CHM00059758,2025-11-29,
CHM00059758,2025-11-30,
CHM00059758,2025-12-01,
CHM00059758,2025-12-02,
CHM00059758,2025-12-03,
CHM00059758,2025-12-04,
CHM00059758,2025-12-05,
CHM00059758,2025-12-06,
CHM00059758,2025-12-07,
CHM00059758,2025-12-08,
CHM00059758,2025-12-09,
CHM00059758,2025-12-10,
CHM00059758,2025-12-11,
CHM00059758,2025-12-12,
CHM00059758,2025-12-13,
CHM00059758,2025-12-14,
CHM00059758,2025-12-15,
CHM00059758,2025-12-16,
CHM00059758,2025-12-17,
CHM00059758,2025-12-18,
CHM00059758,2025-12-19,
CHM00059758,2025-12-20,
CHM00059758,2025-12-21,
CHM00059758,2025-12-22,
CHM00059758,2025-12-23,
CHM00059758,2025-12-24,
CHM00059758,2025-12-25,
CHM00059758,2025-12-26,
CHM00059758,2025-12-27,
CHM00059758,2025-12-28,
CHM00059758,2025-12-29,
CHM00059758,2025-12-30,
CHM00059758,2025-12-31,
CHM00059838,2025-01-01,25.11
CHM00059838,2025-01-02,25.72
CHM00059838,2025-01-03,25.72
CHM00059838,2025-01-04,25.72
CHM00059838,2025-01-05,25.5
CHM00059838,2025-01-06,24.78
CHM00059838,2025-01-07,25.11
CHM00059838,2025-01-08,25.22
CHM00059838,2025-01-09,25.28
CHM00059838,2025-01-10,25.28
CHM00059838,2025-01-11,20.22
CHM00059838,2025-01-12,20.5
CHM00059838,2025-01-13,22.28
CHM00059838,2025-01-14,23.72
CHM00059838,2025-01-15,23.72
CHM00059838,2025-01-16,22.61
CHM00059838,2025-01-17,23.89
CHM00059838,2025-01-18,24.39
CHM00059838,2025-01-19,24.39
CHM00059838,2025-01-20,24.11
CHM00059838,2025-01-21,24.22
CHM00059838,2025-01-22,25.5
CHM00059838,2025-01-23,25.72
CHM00059838,2025-01-24,25.72
CHM00059838,2025-01-25,25.72
CHM00059838,2025-01-26,23.78
CHM00059838,2025-01-27,19.89
CHM00059838,2025-01-28,21.5
CHM00059838,2025-01-29,23.0
CHM00059838,2025-01-30,24.39
CHM00059838,2025-01-31,25.11
CHM00059838,2025-02-01,25.89
CHM00059838,2025-02-02,25.89
CHM00059838,2025-02-03,24.72
CHM00059838,2025-02-04,19.61
CHM00059838,2025-02-05,23.11
CHM00059838,2025-02-06,25.5
CHM00059838,2025-02-07,25.5
CHM00059838,2025-02-08,20.28
CHM00059838,2025-02-09,21.89
CHM00059838,2025-02-10,23.5
CHM00059838,2025-02-11,24.28
CHM00059838,2025-02-12,24.28
CHM00059838,2025-02-13,25.61
CHM00059838,2025-02-14,25.61
CHM00059838,2025-02-15,25.61
CHM00059838,2025-02-16,25.5
CHM00059838,2025-02-17,25.5
CHM00059838,2025-02-18,25.78
CHM00059838,2025-02-19,25.89
CHM00059838,2025-02-20,26.11
CHM00059838,2025-02-21,26.72
CHM00059838,2025-02-22,26.72
CHM00059838,2025-02-23,26.72
CHM00059838,2025-02-24,24.72
CHM00059838,2025-02-25,24.72
CHM00059838,2025-02-26,24.22
CHM00059838,2025-02-27,25.89
CHM00059838,2025-02-28,26.28
CHM00059838,2025-03-01,27.11
CHM00059838,2025-03-02,29.0
CHM00059838,2025-03-03,29.11
CHM00059838,2025-03-04,29.72
CHM00059838,2025-03-05,29.72
CHM00059838,2025-03-06,26.89
CHM00059838,2025-03-07,19.5
CHM00059838,2025-03-08,23.0
CHM00059838,2025-03-09,24.78
CHM00059838,2025-03-10,26.11
CHM00059838,2025-03-11,26.22
CHM00059838,2025-03-12,28.72
CHM00059838,2025-03-13,28.89
CHM00059838,2025-03-14,30.22
CHM00059838,2025-03-15,30.22
CHM00059838,2025-03-16,29.0
CHM00059838,2025-03-17,20.11
CHM00059838,2025-03-18,20.11
CHM00059838,2025-03-19,22.39
CHM00059838,2025-03-20,23.5
CHM00059838,2025-03-21,23.78
CHM00059838,2025-03-22,24.89
CHM00059838,2025-03-23,25.39
CHM00059838,2025-03-24,26.11
CHM00059838,2025-03-25,26.11
CHM00059838,2025-03-26,27.61
CHM00059838,2025-03-27,32.22
CHM00059838,2025-03-28,32.22
CHM00059838,2025-03-29,28.5
CHM00059838,2025-03-30,22.61
CHM00059838,2025-03-31,20.22
CHM00059838,2025-04-01,20.78
CHM00059838,2025-04-02,24.89
CHM00059838,2025-04-03,25.0
CHM00059838,2025-04-04,25.72
CHM00059838,2025-04-05,26.11
CHM00059838,2025-04-06,27.5
CHM00059838,2025-04-07,27.5
CHM00059838,2025-04-08,28.39
CHM00059838,2025-04-09,28.72
CHM00059838,2025-04-10,28.89
CHM00059838,2025-04-11,31.39
CHM00059838,2025-04-12,32.61
CHM00059838,2025-04-13,32.61
CHM00059838,2025-04-14,27.0
CHM00059838,2025-04-15,27.78
CHM00059838,2025-04-16,28.89
CHM00059838,2025-04-17,31.28
CHM00059838,2025-04-18,32.5
CHM00059838,2025-04-19,32.5
CHM00059838,2025-04-20,31.61
CHM00059838,2025-04-21,32.5
CHM00059838,2025-04-22,32.61
CHM00059838,2025-04-23,32.61
CHM00059838,2025-04-24,32.72
CHM00059838,2025-04-25,32.72
CHM00059838,2025-04-26,31.89
CHM00059838,2025-04-27,32.5
CHM00059838,2025-04-28,32.5
CHM00059838,2025-04-29,30.72
CHM00059838,2025-04-30,31.11
CHM00059838,2025-05-01,31.11
CHM00059838,2025-05-02,30.72
CHM00059838,2025-05-03,31.61
CHM00059838,2025-05-04,32.28
CHM00059838,2025-05-05,33.28
CHM00059838,2025-05-06,33.28
CHM00059838,2025-05-07,34.22
CHM00059838,2025-05-08,34.22
CHM00059838,2025-05-09,34.61
CHM00059838,2025-05-10,34.61
CHM00059838,2025-05-11,33.28
CHM00059838,2025-05-12,30.39
CHM00059838,2025-05-13,30.39
CHM00059838,2025-05-14,31.39
CHM00059838,2025-05-15,31.39
CHM00059838,2025-05-16,32.28
CHM00059838,2025-05-17,32.78
CHM00059838,2025-05-18,33.11
CHM00059838,2025-05-19,33.11
CHM00059838,2025-05-20,33.0
CHM00059838,2025-05-21,33.39
CHM00059838,2025-05-22,33.39
CHM00059838,2025-05-23,33.22
CHM00059838,2025-05-24,33.11
CHM00059838,2025-05-25,32.39
CHM00059838,2025-05-26,31.89
CHM00059838,2025-05-27,32.0
CHM00059838,2025-05-28,32.0
CHM00059838,2025-05-29,32.0
CHM00059838,2025-05-30,32.0
CHM00059838,2025-05-31,32.28
CHM00059838,2025-06-01,32.28
CHM00059838,2025-06-02,32.78
CHM00059838,2025-06-03,33.22
CHM00059838,2025-06-04,33.22
CHM00059838,2025-06-05,32.72
CHM00059838,2025-06-06,34.22
CHM00059838,2025-06-07,34.22
CHM00059838,2025-06-08,34.22
CHM00059838,2025-06-09,34.22
CHM00059838,2025-06-10,33.61
CHM00059838,2025-06-11,33.5
CHM00059838,2025-06-12,32.0
CHM00059838,2025-06-13,29.78
CHM00059838,2025-06-14,29.28
CHM00059838,2025-06-15,31.72
CHM00059838,2025-06-16,33.0
CHM00059838,2025-06-17,33.0
CHM00059838,2025-06-18,32.22
CHM00059838,2025-06-19,33.0
CHM00059838,2025-06-20,33.0
CHM00059838,2025-06-21,33.72
CHM00059838,2025-06-22,33.72
CHM00059838,2025-06-23,33.28
CHM00059838,2025-06-24,33.11
CHM00059838,2025-06-25,33.11
CHM00059838,2025-06-26,32.39
CHM00059838,2025-06-27,32.28
CHM00059838,2025-06-28,32.28
CHM00059838,2025-06-29,32.11
CHM00059838,2025-06-30,32.28
CHM00059838,2025-07-01,32.72
CHM00059838,2025-07-02,32.72
CHM00059838,2025-07-03,31.5
CHM00059838,2025-07-04,32.0
CHM00059838,2025-07-05,32.11
CHM00059838,2025-07-06,32.22
CHM00059838,2025-07-07,32.22
CHM00059838,2025-07-08,31.72
CHM00059838,2025-07-09,32.0
CHM00059838,2025-07-10,32.0
CHM00059838,2025-07-11,31.78
CHM00059838,2025-07-12,32.0
CHM00059838,2025-07-13,32.89
CHM00059838,2025-07-14,33.22
CHM00059838,2025-07-15,33.22
CHM00059838,2025-07-16,33.22
CHM00059838,2025-07-17,33.22
CHM00059838,2025-07-18,33.22
CHM00059838,2025-07-19,33.22
CHM00059838,2025-07-20,32.39
CHM00059838,2025-07-21,29.61
CHM00059838,2025-07-22,31.28
CHM00059838,2025-07-23,32.0
CHM00059838,2025-07-24,32.0
CHM00059838,2025-07-25,31.28
CHM00059838,2025-07-26,30.72
CHM00059838,2025-07-27,31.11
CHM00059838,2025-07-28,31.11
CHM00059838,2025-07-29,31.39
CHM00059838,2025-07-30,31.72
CHM00059838,2025-07-31,31.72
CHM00059838,2025-08-01,32.5
CHM00059838,2025-08-02,32.72
CHM00059838,2025-08-03,32.89
CHM00059838,2025-08-04,33.0
CHM00059838,2025-08-05,33.5
CHM00059838,2025-08-06,33.5
CHM00059838,2025-08-07,32.61
CHM00059838,2025-08-08,33.0
CHM00059838,2025-08-09,34.22
CHM00059838,2025-08-10,34.22
CHM00059838,2025-08-11,33.78
CHM00059838,2025-08-12,33.5
CHM00059838,2025-08-13,33.11
CHM00059838,2025-08-14,33.11
CHM00059838,2025-08-15,32.78
CHM00059838,2025-08-16,33.61
CHM00059838,2025-08-17,33.61
CHM00059838,2025-08-18,32.72
CHM00059838,2025-08-19,31.39
CHM00059838,2025-08-20,31.72
CHM00059838,2025-08-21,32.11
CHM00059838,2025-08-22,32.22
CHM00059838,2025-08-23,32.5
CHM00059838,2025-08-24,32.5
CHM00059838,2025-08-25,
CHM00059838,2025-08-26,
CHM00059838,2025-08-27,
CHM00059838,2025-08-28,
CHM00059838,2025-08-29,
CHM00059838,2025-08-30,
CHM00059838,2025-08-31,
CHM00059838,2025-09-01,
CHM00059838,2025-09-02,
CHM00059838,2025-09-03,
CHM00059838,2025-09-04,
CHM00059838,2025-09-05,
CHM00059838,2025-09-06,
CHM00059838,2025-09-07,
CHM00059838,2025-09-08,
CHM00059838,2025-09-09,
CHM00059838,2025-09-10,
CHM00059838,2025-09-11,
CHM00059838,2025-09-12,
CHM00059838,2025-09-13,
CHM00059838,2025-09-14,
CHM00059838,2025-09-15,
CHM00059838,2025-09-16,
CHM00059838,2025-09-17,
CHM00059838,2025-09-18,
CHM00059838,2025-09-19,
CHM00059838,2025-09-20,
CHM00059838,2025-09-21,
CHM00059838,2025-09-22,
CHM00059838,2025-09-23,
CHM00059838,2025-09-24,
CHM00059838,2025-09-25,
CHM00059838,2025-09-26,
CHM00059838,2025-09-27,
CHM00059838,2025-09-28,
CHM00059838,2025-09-29,
CHM00059838,2025-09-30,
CHM00059838,2025-10-01,
CHM00059838,2025-10-02,
CHM00059838,2025-10-03,
CHM00059838,2025-10-04,
CHM00059838,2025-10-05,
CHM00059838,2025-10-06,
CHM00059838,2025-10-07,
CHM00059838,2025-10-08,
CHM00059838,2025-10-09,
CHM00059838,2025-10-10,
CHM00059838,2025-10-11,
CHM00059838,2025-10-12,
CHM00059838,2025-10-13,
CHM00059838,2025-10-14,
CHM00059838,2025-10-15,
CHM00059838,2025-10-16,
CHM00059838,2025-10-17,
CHM00059838,2025-10-18,
CHM00059838,2025-10-19,
CHM00059838,2025-10-20,
CHM00059838,2025-10-21,
CHM00059838,2025-10-22,
CHM00059838,2025-10-23,
CHM00059838,2025-10-24,
CHM00059838,2025-10-25,
CHM00059838,2025-10-26,
CHM00059838,2025-10-27,
CHM00059838,2025-10-28,
CHM00059838,2025-10-29,
CHM00059838,2025-10-30,
CHM00059838,2025-10-31,
CHM00059838,2025-11-01,
CHM00059838,2025-11-02,
CHM00059838,2025-11-03,
CHM00059838,2025-11-04,
CHM00059838,2025-11-05,
CHM00059838,2025-11-06,
CHM00059838,2025-11-07,
CHM00059838,2025-11-08,
CHM00059838,2025-11-09,
CHM00059838,2025-11-10,
CHM00059838,2025-11-11,
CHM00059838,2025-11-12,
CHM00059838,2025-11-13,
CHM00059838,2025-11-14,
CHM00059838,2025-11-15,
CHM00059838,2025-11-16,
CHM00059838,2025-11-17,
CHM00059838,2025-11-18,
CHM00059838,2025-11-19,
CHM00059838,2025-11-20,
CHM00059838,2025-11-21,
CHM00059838,2025-11-22,
CHM00059838,2025-11-23,
CHM00059838,2025-11-24,
CHM00059838,2025-11-25,
CHM00059838,2025-11-26,
CHM00059838,2025-11-27,
CHM00059838,2025-11-28,
CHM00059838,2025-11-29,
CHM00059838,2025-11-30,
CHM00059838,2025-12-01,
CHM00059838,2025-12-02,
CHM00059838,2025-12-03,
CHM00059838,2025-12-04,
CHM00059838,2025-12-05,
CHM00059838,2025-12-06,
CHM00059838,2025-12-07,
CHM00059838,2025-12-08,
CHM00059838,2025-12-09,
CHM00059838,2025-12-10,
CHM00059838,2025-12-11,
CHM00059838,2025-12-12,
CHM00059838,2025-12-13,
CHM00059838,2025-12-14,
CHM00059838,2025-12-15,
CHM00059838,2025-12-16,
CHM00059838,2025-12-17,
CHM00059838,2025-12-18,
CHM00059838,2025-12-19,
CHM00059838,2025-12-20,
CHM00059838,2025-12-21,
CHM00059838,2025-12-22,
CHM00059838,2025-12-23,
CHM00059838,2025-12-24,
CHM00059838,2025-12-25,
CHM00059838,2025-12-26,
CHM00059838,2025-12-27,
CHM00059838,2025-12-28,
CHM00059838,2025-12-29,
CHM00059838,2025-12-30,
CHM00059838,2025-12-31,
CHM00059948,2025-01-01,22.39
CHM00059948,2025-01-02,21.5
CHM00059948,2025-01-03,23.28
CHM00059948,2025-01-04,23.28
CHM00059948,2025-01-05,22.78
CHM00059948,2025-01-06,22.78
CHM00059948,2025-01-07,23.28
CHM00059948,2025-01-08,23.28
CHM00059948,2025-01-09,23.22
CHM00059948,2025-01-10,22.22
CHM00059948,2025-01-11,20.72
CHM00059948,2025-01-12,20.72
CHM00059948,2025-01-13,21.0
CHM00059948,2025-01-14,21.0
CHM00059948,2025-01-15,19.89
CHM00059948,2025-01-16,21.72
CHM00059948,2025-01-17,21.72
CHM00059948,2025-01-18,22.22
CHM00059948,2025-01-19,22.22
CHM00059948,2025-01-20,21.28
CHM00059948,2025-01-21,21.5
CHM00059948,2025-01-22,24.0
CHM00059948,2025-01-23,24.0
CHM00059948,2025-01-24,23.28
CHM00059948,2025-01-25,23.0
CHM00059948,2025-01-26,22.89
CHM00059948,2025-01-27,22.89
CHM00059948,2025-01-28,19.28
CHM00059948,2025-01-29,20.22
CHM00059948,2025-01-30,22.11
CHM00059948,2025-01-31,23.5
CHM00059948,2025-02-01,23.5
CHM00059948,2025-02-02,23.22
CHM00059948,2025-02-03,23.72
CHM00059948,2025-02-04,23.72
CHM00059948,2025-02-05,21.22
CHM00059948,2025-02-06,21.72
CHM00059948,2025-02-07,22.72
CHM00059948,2025-02-08,22.72
CHM00059948,2025-02-09,19.72
CHM00059948,2025-02-10,21.78
CHM00059948,2025-02-11,21.78
CHM00059948,2025-02-12,25.39
CHM00059948,2025-02-13,25.39
CHM00059948,2025-02-14,24.28
CHM00059948,2025-02-15,23.39
CHM00059948,2025-02-16,24.28
CHM00059948,2025-02-17,24.28
CHM00059948,2025-02-18,23.28
CHM00059948,2025-02-19,23.28
CHM00059948,2025-02-20,22.61
CHM00059948,2025-02-21,22.61
CHM00059948,2025-02-22,22.22
CHM00059948,2025-02-23,21.28
CHM00059948,2025-02-24,21.28
CHM00059948,2025-02-25,22.0
CHM00059948,2025-02-26,23.39
CHM00059948,2025-02-27,23.39
CHM00059948,2025-02-28,23.28
CHM00059948,2025-03-01,24.61
CHM00059948,2025-03-02,26.28
CHM00059948,2025-03-03,26.72
CHM00059948,2025-03-04,26.72
CHM00059948,2025-03-05,26.72
CHM00059948,2025-03-06,24.61
CHM00059948,2025-03-07,22.72
CHM00059948,2025-03-08,22.72
CHM00059948,2025-03-09,24.5
CHM00059948,2025-03-10,24.78
CHM00059948,2025-03-11,24.78
CHM00059948,2025-03-12,25.11
CHM00059948,2025-03-13,25.11
CHM00059948,2025-03-14,25.78
CHM00059948,2025-03-15,28.0
CHM00059948,2025-03-16,28.0
CHM00059948,2025-03-17,22.28
CHM00059948,2025-03-18,20.22
CHM00059948,2025-03-19,20.39
CHM00059948,2025-03-20,21.89
CHM00059948,2025-03-21,23.78
CHM00059948,2025-03-22,24.78
CHM00059948,2025-03-23,24.78
CHM00059948,2025-03-24,24.0
CHM00059948,2025-03-25,25.78
CHM00059948,2025-03-26,25.78
CHM00059948,2025-03-27,25.78
CHM00059948,2025-03-28,28.0
CHM00059948,2025-03-29,28.0
CHM00059948,2025-03-30,26.72
CHM00059948,2025-03-31,26.72
CHM00059948,2025-04-01,23.78
CHM00059948,2025-04-02,23.72
CHM00059948,2025-04-03,24.28
CHM00059948,2025-04-04,24.28
CHM00059948,2025-04-05,25.5
CHM00059948,2025-04-06,25.5
CHM00059948,2025-04-07,26.0
CHM00059948,2025-04-08,26.28
CHM00059948,2025-04-09,26.61
CHM00059948,2025-04-10,26.61
CHM00059948,2025-04-11,27.61
CHM00059948,2025-04-12,29.0
CHM00059948,2025-04-13,29.0
CHM00059948,2025-04-14,21.28
CHM00059948,2025-04-15,26.5
CHM00059948,2025-04-16,26.5
CHM00059948,2025-04-17,27.11
CHM00059948,2025-04-18,27.5
CHM00059948,2025-04-19,29.28
CHM00059948,2025-04-20,29.28
CHM00059948,2025-04-21,27.78
CHM00059948,2025-04-22,29.39
CHM00059948,2025-04-23,29.39
CHM00059948,2025-04-24,28.89
CHM00059948,2025-04-25,28.5
CHM00059948,2025-04-26,27.72
CHM00059948,2025-04-27,29.61
CHM00059948,2025-04-28,29.61
CHM00059948,2025-04-29,29.61
CHM00059948,2025-04-30,28.22
CHM00059948,2025-05-01,28.22
CHM00059948,2025-05-02,27.89
CHM00059948,2025-05-03,28.28
CHM00059948,2025-05-04,30.0
CHM00059948,2025-05-05,30.0
CHM00059948,2025-05-06,29.61
CHM00059948,2025-05-07,30.72
CHM00059948,2025-05-08,30.72
CHM00059948,2025-05-09,30.39
CHM00059948,2025-05-10,30.39
CHM00059948,2025-05-11,29.11
CHM00059948,2025-05-12,27.61
CHM00059948,2025-05-13,27.61
CHM00059948,2025-05-14,28.28
CHM00059948,2025-05-15,28.72
CHM00059948,2025-05-16,28.72
CHM00059948,2025-05-17,28.78
CHM00059948,2025-05-18,28.78
CHM00059948,2025-05-19,29.5
CHM00059948,2025-05-20,30.22
CHM00059948,2025-05-21,30.22
CHM00059948,2025-05-22,28.89
CHM00059948,2025-05-23,29.0
CHM00059948,2025-05-24,29.0
CHM00059948,2025-05-25,29.39
CHM00059948,2025-05-26,29.39
CHM00059948,2025-05-27,28.11
CHM00059948,2025-05-28,28.11
CHM00059948,2025-05-29,28.11
CHM00059948,2025-05-30,28.72
CHM00059948,2025-05-31,29.0
CHM00059948,2025-06-01,29.0
CHM00059948,2025-06-02,29.72
CHM00059948,2025-06-03,29.89
CHM00059948,2025-06-04,29.89
CHM00059948,2025-06-05,30.0
CHM00059948,2025-06-06,30.0
CHM00059948,2025-06-07,30.5
CHM00059948,2025-06-08,30.5
CHM00059948,2025-06-09,30.5
CHM00059948,2025-06-10,30.22
CHM00059948,2025-06-11,30.0
CHM00059948,2025-06-12,29.11
CHM00059948,2025-06-13,25.22
CHM00059948,2025-06-14,26.5
CHM00059948,2025-06-15,29.5
CHM00059948,2025-06-16,29.61
CHM00059948,2025-06-17,29.61
CHM00059948,2025-06-18,27.89
CHM00059948,2025-06-19,28.11
CHM00059948,2025-06-20,28.22
CHM00059948,2025-06-21,28.22
CHM00059948,2025-06-22,27.5
CHM00059948,2025-06-23,27.78
CHM00059948,2025-06-24,28.72
CHM00059948,2025-06-25,30.61
CHM00059948,2025-06-26,30.61
CHM00059948,2025-06-27,29.39
CHM00059948,2025-06-28,30.0
CHM00059948,2025-06-29,30.0
CHM00059948,2025-06-30,29.39
CHM00059948,2025-07-01,29.78
CHM00059948,2025-07-02,29.78
CHM00059948,2025-07-03,28.22
CHM00059948,2025-07-04,28.78
CHM00059948,2025-07-05,29.39
CHM00059948,2025-07-06,29.78
CHM00059948,2025-07-07,29.78
CHM00059948,2025-07-08,28.61
CHM00059948,2025-07-09,29.0
CHM00059948,2025-07-10,29.0
CHM00059948,2025-07-11,28.28
CHM00059948,2025-07-12,29.89
CHM00059948,2025-07-13,30.78
CHM00059948,2025-07-14,30.78
CHM00059948,2025-07-15,30.61
CHM00059948,2025-07-16,31.11
CHM00059948,2025-07-17,31.11
CHM00059948,2025-07-18,30.5
CHM00059948,2025-07-19,29.72
CHM00059948,2025-07-20,28.22
CHM00059948,2025-07-21,27.11
CHM00059948,2025-07-22,28.39
CHM00059948,2025-07-23,29.11
CHM00059948,2025-07-24,29.11
CHM00059948,2025-07-25,28.11
CHM00059948,2025-07-26,28.11
CHM00059948,2025-07-27,28.61
CHM00059948,2025-07-28,28.61
CHM00059948,2025-07-29,27.5
CHM00059948,2025-07-30,28.89
CHM00059948,2025-07-31,28.89
CHM00059948,2025-08-01,29.11
CHM00059948,2025-08-02,30.0
CHM00059948,2025-08-03,30.28
CHM00059948,2025-08-04,30.28
CHM00059948,2025-08-05,31.0
CHM00059948,2025-08-06,31.0
CHM00059948,2025-08-07,30.28
CHM00059948,2025-08-08,29.72
CHM00059948,2025-08-09,30.28
CHM00059948,2025-08-10,30.28
CHM00059948,2025-08-11,30.39
CHM00059948,2025-08-12,30.39
CHM00059948,2025-08-13,30.11
CHM00059948,2025-08-14,30.61
CHM00059948,2025-08-15,30.61
CHM00059948,2025-08-16,28.0
CHM00059948,2025-08-17,25.61
CHM00059948,2025-08-18,25.22
CHM00059948,2025-08-19,28.5
CHM00059948,2025-08-20,28.5
CHM00059948,2025-08-21,29.11
CHM00059948,2025-08-22,29.11
CHM00059948,2025-08-23,28.89
CHM00059948,2025-08-24,28.89
CHM00059948,2025-08-25,
CHM00059948,2025-08-26,
CHM00059948,2025-08-27,
CHM00059948,2025-08-28,
CHM00059948,2025-08-29,
CHM00059948,2025-08-30,
CHM00059948,2025-08-31,
CHM00059948,2025-09-01,
CHM00059948,2025-09-02,
CHM00059948,2025-09-03,
CHM00059948,2025-09-04,
CHM00059948,2025-09-05,
CHM00059948,2025-09-06,
CHM00059948,2025-09-07,
CHM00059948,2025-09-08,
CHM00059948,2025-09-09,
CHM00059948,2025-09-10,
CHM00059948,2025-09-11,
CHM00059948,2025-09-12,
CHM00059948,2025-09-13,
CHM00059948,2025-09-14,
CHM00059948,2025-09-15,
CHM00059948,2025-09-16,
CHM00059948,2025-09-17,
CHM00059948,2025-09-18,
CHM00059948,2025-09-19,
CHM00059948,2025-09-20,
CHM00059948,2025-09-21,
CHM00059948,2025-09-22,
CHM00059948,2025-09-23,
CHM00059948,2025-09-24,
CHM00059948,2025-09-25,
CHM00059948,2025-09-26,
CHM00059948,2025-09-27,
CHM00059948,2025-09-28,
CHM00059948,2025-09-29,
CHM00059948,2025-09-30,
CHM00059948,2025-10-01,
CHM00059948,2025-10-02,
CHM00059948,2025-10-03,
CHM00059948,2025-10-04,
CHM00059948,2025-10-05,
CHM00059948,2025-10-06,
CHM00059948,2025-10-07,
CHM00059948,2025-10-08,
CHM00059948,2025-10-09,
CHM00059948,2025-10-10,
CHM00059948,2025-10-11,
CHM00059948,2025-10-12,
CHM00059948,2025-10-13,
CHM00059948,2025-10-14,
CHM00059948,2025-10-15,
CHM00059948,2025-10-16,
CHM00059948,2025-10-17,
CHM00059948,2025-10-18,
CHM00059948,2025-10-19,
CHM00059948,2025-10-20,
CHM00059948,2025-10-21,
CHM00059948,2025-10-22,
CHM00059948,2025-10-23,
CHM00059948,2025-10-24,
CHM00059948,2025-10-25,
CHM00059948,2025-10-26,
CHM00059948,2025-10-27,
CHM00059948,2025-10-28,
CHM00059948,2025-10-29,
CHM00059948,2025-10-30,
CHM00059948,2025-10-31,
CHM00059948,2025-11-01,
CHM00059948,2025-11-02,
CHM00059948,2025-11-03,
CHM00059948,2025-11-04,
CHM00059948,2025-11-05,
CHM00059948,2025-11-06,
CHM00059948,2025-11-07,
CHM00059948,2025-11-08,
CHM00059948,2025-11-09,
CHM00059948,2025-11-10,
CHM00059948,2025-11-11,
CHM00059948,2025-11-12,
CHM00059948,2025-11-13,
CHM00059948,2025-11-14,
CHM00059948,2025-11-15,
CHM00059948,2025-11-16,
CHM00059948,2025-11-17,
CHM00059948,2025-11-18,
CHM00059948,2025-11-19,
CHM00059948,2025-11-20,
CHM00059948,2025-11-21,
CHM00059948,2025-11-22,
CHM00059948,2025-11-23,
CHM00059948,2025-11-24,
CHM00059948,2025-11-25,
CHM00059948,2025-11-26,
CHM00059948,2025-11-27,
CHM00059948,2025-11-28,
CHM00059948,2025-11-29,
CHM00059948,2025-11-30,
CHM00059948,2025-12-01,
CHM00059948,2025-12-02,
CHM00059948,2025-12-03,
CHM00059948,2025-12-04,
CHM00059948,2025-12-05,
CHM00059948,2025-12-06,
CHM00059948,2025-12-07,
CHM00059948,2025-12-08,
CHM00059948,2025-12-09,
CHM00059948,2025-12-10,
CHM00059948,2025-12-11,
CHM00059948,2025-12-12,
CHM00059948,2025-12-13,
CHM00059948,2025-12-14,
CHM00059948,2025-12-15,
CHM00059948,2025-12-16,
CHM00059948,2025-12-17,
CHM00059948,2025-12-18,
CHM00059948,2025-12-19,
CHM00059948,2025-12-20,
CHM00059948,2025-12-21,
CHM00059948,2025-12-22,
CHM00059948,2025-12-23,
CHM00059948,2025-12-24,
CHM00059948,2025-12-25,
CHM00059948,2025-12-26,
CHM00059948,2025-12-27,
CHM00059948,2025-12-28,
CHM00059948,2025-12-29,
CHM00059948,2025-12-30,
CHM00059948,2025-12-31,
CUW00011706,2025-01-01,30.0
CUW00011706,2025-01-02,
CUW00011706,2025-01-03,30.61
CUW00011706,2025-01-04,30.61
CUW00011706,2025-01-05,30.61
CUW00011706,2025-01-06,30.0
CUW00011706,2025-01-07,32.78
CUW00011706,2025-01-08,32.78
CUW00011706,2025-01-09,32.22
CUW00011706,2025-01-10,31.11
CUW00011706,2025-01-11,29.39
CUW00011706,2025-01-12,29.39
CUW00011706,2025-01-13,30.61
CUW00011706,2025-01-14,30.61
CUW00011706,2025-01-15,32.78
CUW00011706,2025-01-16,32.78
CUW00011706,2025-01-17,30.0
CUW00011706,2025-01-18,30.61
CUW00011706,2025-01-19,30.61
CUW00011706,2025-01-20,30.61
CUW00011706,2025-01-21,31.72
CUW00011706,2025-01-22,31.72
CUW00011706,2025-01-23,31.72
CUW00011706,2025-01-24,31.11
CUW00011706,2025-01-25,32.22
CUW00011706,2025-01-26,32.22
CUW00011706,2025-01-27,31.72
CUW00011706,2025-01-28,31.72
CUW00011706,2025-01-29,31.72
CUW00011706,2025-01-30,32.22
CUW00011706,2025-01-31,33.28
CUW00011706,2025-02-01,33.28
CUW00011706,2025-02-02,32.22
CUW00011706,2025-02-03,32.22
CUW00011706,2025-02-04,31.72
CUW00011706,2025-02-05,31.11
CUW00011706,2025-02-06,31.11
CUW00011706,2025-02-07,31.72
CUW00011706,2025-02-08,31.72
CUW00011706,2025-02-09,32.22
CUW00011706,2025-02-10,32.22
CUW00011706,2025-02-11,32.22
CUW00011706,2025-02-12,32.78
CUW00011706,2025-02-13,32.78
CUW00011706,2025-02-14,32.78
CUW00011706,2025-02-15,32.78
CUW00011706,2025-02-16,31.72
CUW00011706,2025-02-17,30.0
CUW00011706,2025-02-18,30.61
CUW00011706,2025-02-19,30.61
CUW00011706,2025-02-20,30.61
CUW00011706,2025-02-21,31.72
CUW00011706,2025-02-22,31.72
CUW00011706,2025-02-23,30.61
CUW00011706,2025-02-24,30.0
CUW00011706,2025-02-25,30.61
CUW00011706,2025-02-26,30.61
CUW00011706,2025-02-27,31.11
CUW00011706,2025-02-28,32.22
CUW00011706,2025-03-01,32.78
CUW00011706,2025-03-02,31.11
CUW00011706,2025-03-03,32.78
CUW00011706,2025-03-04,32.78
CUW00011706,2025-03-05,31.72
CUW00011706,2025-03-06,31.11
CUW00011706,2025-03-07,32.78
CUW00011706,2025-03-08,32.78
CUW00011706,2025-03-09,30.61
CUW00011706,2025-03-10,30.61
CUW00011706,2025-03-11,31.72
CUW00011706,2025-03-12,32.22
CUW00011706,2025-03-13,32.22
CUW00011706,2025-03-14,30.61
CUW00011706,2025-03-15,31.11
CUW00011706,2025-03-16,31.11
CUW00011706,2025-03-17,31.11
CUW00011706,2025-03-18,32.22
CUW00011706,2025-03-19,32.22
CUW00011706,2025-03-20,29.39
CUW00011706,2025-03-21,32.78
CUW00011706,2025-03-22,32.78
CUW00011706,2025-03-23,31.72
CUW00011706,2025-03-24,32.22
CUW00011706,2025-03-25,32.22
CUW00011706,2025-03-26,34.39
CUW00011706,2025-03-27,34.39
CUW00011706,2025-03-28,32.78
CUW00011706,2025-03-29,32.78
CUW00011706,2025-03-30,32.22
CUW00011706,2025-03-31,32.78
CUW00011706,2025-04-01,32.78
CUW00011706,2025-04-02,32.22
CUW00011706,2025-04-03,33.28
CUW00011706,2025-04-04,33.89
CUW00011706,2025-04-05,33.89
CUW00011706,2025-04-06,32.78
CUW00011706,2025-04-07,32.22
CUW00011706,2025-04-08,31.11
CUW00011706,2025-04-09,31.72
CUW00011706,2025-04-10,31.72
CUW00011706,2025-04-11,31.11
CUW00011706,2025-04-12,31.11
CUW00011706,2025-04-13,31.72
CUW00011706,2025-04-14,31.72
CUW00011706,2025-04-15,31.72
CUW00011706,2025-04-16,31.72
CUW00011706,2025-04-17,31.11
CUW00011706,2025-04-18,33.28
CUW00011706,2025-04-19,33.28
CUW00011706,2025-04-20,32.22
CUW00011706,2025-04-21,32.78
CUW00011706,2025-04-22,32.78
CUW00011706,2025-04-23,31.11
CUW00011706,2025-04-24,31.11
CUW00011706,2025-04-25,31.11
CUW00011706,2025-04-26,31.11
CUW00011706,2025-04-27,31.11
CUW00011706,2025-04-28,32.22
CUW00011706,2025-04-29,32.22
CUW00011706,2025-04-30,32.78
CUW00011706,2025-05-01,32.78
CUW00011706,2025-05-02,31.72
CUW00011706,2025-05-03,32.22
CUW00011706,2025-05-04,32.22
CUW00011706,2025-05-05,31.72
CUW00011706,2025-05-06,31.72
CUW00011706,2025-05-07,31.72
CUW00011706,2025-05-08,31.11
CUW00011706,2025-05-09,31.11
CUW00011706,2025-05-10,32.22
CUW00011706,2025-05-11,32.22
CUW00011706,2025-05-12,32.22
CUW00011706,2025-05-13,32.22
CUW00011706,2025-05-14,32.22
CUW00011706,2025-05-15,32.22
CUW00011706,2025-05-16,32.78
CUW00011706,2025-05-17,32.78
CUW00011706,2025-05-18,32.22
CUW00011706,2025-05-19,32.22
CUW00011706,2025-05-20,31.72
CUW00011706,2025-05-21,32.22
CUW00011706,2025-05-22,32.22
CUW00011706,2025-05-23,32.78
CUW00011706,2025-05-24,33.28
CUW00011706,2025-05-25,33.28
CUW00011706,2025-05-26,33.28
CUW00011706,2025-05-27,32.78
CUW00011706,2025-05-28,33.28
CUW00011706,2025-05-29,33.28
CUW00011706,2025-05-30,32.78
CUW00011706,2025-05-31,32.78
CUW00011706,2025-06-01,33.28
CUW00011706,2025-06-02,35.78
CUW00011706,2025-06-03,33.28
CUW00011706,2025-06-04,34.39
CUW00011706,2025-06-05,34.39
CUW00011706,2025-06-06,34.39
CUW00011706,2025-06-07,33.28
CUW00011706,2025-06-08,32.22
CUW00011706,2025-06-09,33.89
CUW00011706,2025-06-10,33.89
CUW00011706,2025-06-11,32.78
CUW00011706,2025-06-12,33.28
CUW00011706,2025-06-13,33.28
CUW00011706,2025-06-14,32.78
CUW00011706,2025-06-15,32.78
CUW00011706,2025-06-16,33.89
CUW00011706,2025-06-17,34.39
CUW00011706,2025-06-18,34.39
CUW00011706,2025-06-19,35.0
CUW00011706,2025-06-20,35.0
CUW00011706,2025-06-21,33.89
CUW00011706,2025-06-22,33.89
CUW00011706,2025-06-23,33.89
CUW00011706,2025-06-24,33.89
CUW00011706,2025-06-25,33.28
CUW00011706,2025-06-26,34.39
CUW00011706,2025-06-27,34.39
CUW00011706,2025-06-28,35.0
CUW00011706,2025-06-29,35.0
CUW00011706,2025-06-30,33.89
CUW00011706,2025-07-01,33.89
CUW00011706,2025-07-02,33.28
CUW00011706,2025-07-03,33.28
CUW00011706,2025-07-04,32.78
CUW00011706,2025-07-05,34.39
CUW00011706,2025-07-06,34.39
CUW00011706,2025-07-07,34.39
CUW00011706,2025-07-08,34.39
CUW00011706,2025-07-09,33.89
CUW00011706,2025-07-10,33.89
CUW00011706,2025-07-11,33.89
CUW00011706,2025-07-12,34.39
CUW00011706,2025-07-13,34.39
CUW00011706,2025-07-14,33.89
CUW00011706,2025-07-15,33.28
CUW00011706,2025-07-16,34.39
CUW00011706,2025-07-17,35.0
CUW00011706,2025-07-18,35.0
CUW00011706,2025-07-19,35.0
CUW00011706,2025-07-20,35.0
CUW00011706,2025-07-21,33.28
CUW00011706,2025-07-22,33.89
CUW00011706,2025-07-23,33.89
CUW00011706,2025-07-24,36.11
CUW00011706,2025-07-25,36.11
CUW00011706,2025-07-26,35.61
CUW00011706,2025-07-27,34.39
CUW00011706,2025-07-28,34.39
CUW00011706,2025-07-29,33.89
CUW00011706,2025-07-30,33.89
CUW00011706,2025-07-31,34.39
CUW00011706,2025-08-01,34.39
CUW00011706,2025-08-02,34.39
CUW00011706,2025-08-03,34.39
CUW00011706,2025-08-04,33.28
CUW00011706,2025-08-05,34.39
CUW00011706,2025-08-06,35.0
CUW00011706,2025-08-07,35.0
CUW00011706,2025-08-08,33.89
CUW00011706,2025-08-09,35.0
CUW00011706,2025-08-10,35.0
CUW00011706,2025-08-11,33.89
CUW00011706,2025-08-12,33.89
CUW00011706,2025-08-13,34.39
CUW00011706,2025-08-14,34.39
CUW00011706,2025-08-15,34.39
CUW00011706,2025-08-16,34.39
CUW00011706,2025-08-17,35.0
CUW00011706,2025-08-18,35.0
CUW00011706,2025-08-19,33.28
CUW00011706,2025-08-20,33.28
CUW00011706,2025-08-21,33.28
CUW00011706,2025-08-22,33.28
CUW00011706,2025-08-23,33.28
CUW00011706,2025-08-24,33.28
CUW00011706,2025-08-25,30.0
CUW00011706,2025-08-26,
CUW00011706,2025-08-27,
CUW00011706,2025-08-28,
CUW00011706,2025-08-29,
CUW00011706,2025-08-30,
CUW00011706,2025-08-31,
CUW00011706,2025-09-01,
CUW00011706,2025-09-02,
CUW00011706,2025-09-03,
CUW00011706,2025-09-04,
CUW00011706,2025-09-05,
CUW00011706,2025-09-06,
CUW00011706,2025-09-07,
CUW00011706,2025-09-08,
CUW00011706,2025-09-09,
CUW00011706,2025-09-10,
CUW00011706,2025-09-11,
CUW00011706,2025-09-12,
CUW00011706,2025-09-13,
CUW00011706,2025-09-14,
CUW00011706,2025-09-15,
CUW00011706,2025-09-16,
CUW00011706,2025-09-17,
CUW00011706,2025-09-18,
CUW00011706,2025-09-19,
CUW00011706,2025-09-20,
CUW00011706,2025-09-21,
CUW00011706,2025-09-22,
CUW00011706,2025-09-23,
CUW00011706,2025-09-24,
CUW00011706,2025-09-25,
CUW00011706,2025-09-26,
CUW00011706,2025-09-27,
CUW00011706,2025-09-28,
CUW00011706,2025-09-29,
CUW00011706,2025-09-30,
CUW00011706,2025-10-01,
CUW00011706,2025-10-02,
CUW00011706,2025-10-03,
CUW00011706,2025-10-04,
CUW00011706,2025-10-05,
CUW00011706,2025-10-06,
CUW00011706,2025-10-07,
CUW00011706,2025-10-08,
CUW00011706,2025-10-09,
CUW00011706,2025-10-10,
CUW00011706,2025-10-11,
CUW00011706,2025-10-12,
CUW00011706,2025-10-13,
CUW00011706,2025-10-14,
CUW00011706,2025-10-15,
CUW00011706,2025-10-16,
CUW00011706,2025-10-17,
CUW00011706,2025-10-18,
CUW00011706,2025-10-19,
CUW00011706,2025-10-20,
CUW00011706,2025-10-21,
CUW00011706,2025-10-22,
CUW00011706,2025-10-23,
CUW00011706,2025-10-24,
CUW00011706,2025-10-25,
CUW00011706,2025-10-26,
CUW00011706,2025-10-27,
CUW00011706,2025-10-28,
CUW00011706,2025-10-29,
CUW00011706,2025-10-30,
CUW00011706,2025-10-31,
CUW00011706,2025-11-01,
CUW00011706,2025-11-02,
CUW00011706,2025-11-03,
CUW00011706,2025-11-04,
CUW00011706,2025-11-05,
CUW00011706,2025-11-06,
CUW00011706,2025-11-07,
CUW00011706,2025-11-08,
CUW00011706,2025-11-09,
CUW00011706,2025-11-10,
CUW00011706,2025-11-11,
CUW00011706,2025-11-12,
CUW00011706,2025-11-13,
CUW00011706,2025-11-14,
CUW00011706,2025-11-15,
CUW00011706,2025-11-16,
CUW00011706,2025-11-17,
CUW00011706,2025-11-18,
CUW00011706,2025-11-19,
CUW00011706,2025-11-20,
CUW00011706,2025-11-21,
CUW00011706,2025-11-22,
CUW00011706,2025-11-23,
CUW00011706,2025-11-24,
CUW00011706,2025-11-25,
CUW00011706,2025-11-26,
CUW00011706,2025-11-27,
CUW00011706,2025-11-28,
CUW00011706,2025-11-29,
CUW00011706,2025-11-30,
CUW00011706,2025-12-01,
CUW00011706,2025-12-02,
CUW00011706,2025-12-03,
CUW00011706,2025-12-04,
CUW00011706,2025-12-05,
CUW00011706,2025-12-06,
CUW00011706,2025-12-07,
CUW00011706,2025-12-08,
CUW00011706,2025-12-09,
CUW00011706,2025-12-10,
CUW00011706,2025-12-11,
CUW00011706,2025-12-12,
CUW00011706,2025-12-13,
CUW00011706,2025-12-14,
CUW00011706,2025-12-15,
CUW00011706,2025-12-16,
CUW00011706,2025-12-17,
CUW00011706,2025-12-18,
CUW00011706,2025-12-19,
CUW00011706,2025-12-20,
CUW00011706,2025-12-21,
CUW00011706,2025-12-22,
CUW00011706,2025-12-23,
CUW00011706,2025-12-24,
CUW00011706,2025-12-25,
CUW00011706,2025-12-26,
CUW00011706,2025-12-27,
CUW00011706,2025-12-28,
CUW00011706,2025-12-29,
CUW00011706,2025-12-30,
CUW00011706,2025-12-31,
EN000026029,2025-01-01,4.61
EN000026029,2025-01-02,4.61
EN000026029,2025-01-03,1.61
EN000026029,2025-01-04,1.0
EN000026029,2025-01-05,1.5
EN000026029,2025-01-06,-0.89
EN000026029,2025-01-07,2.89
EN000026029,2025-01-08,2.89
EN000026029,2025-01-09,2.22
EN000026029,2025-01-10,2.22
EN000026029,2025-01-11,1.78
EN000026029,2025-01-12,0.61
EN000026029,2025-01-13,4.22
EN000026029,2025-01-14,4.89
EN000026029,2025-01-15,4.89
EN000026029,2025-01-16,4.89
EN000026029,2025-01-17,5.0
EN000026029,2025-01-18,5.72
EN000026029,2025-01-19,4.5
EN000026029,2025-01-20,3.89
EN000026029,2025-01-21,0.39
EN000026029,2025-01-22,2.72
EN000026029,2025-01-23,2.72
EN000026029,2025-01-24,4.0
EN000026029,2025-01-25,4.5
EN000026029,2025-01-26,4.5
EN000026029,2025-01-27,4.0
EN000026029,2025-01-28,5.11
EN000026029,2025-01-29,6.28
EN000026029,2025-01-30,6.28
EN000026029,2025-01-31,4.89
EN000026029,2025-02-01,4.5
EN000026029,2025-02-02,1.72
EN000026029,2025-02-03,0.39
EN000026029,2025-02-04,-2.39
EN000026029,2025-02-05,2.39
EN000026029,2025-02-06,3.22
EN000026029,2025-02-07,2.72
EN000026029,2025-02-08,0.5
EN000026029,2025-02-09,-1.61
EN000026029,2025-02-10,-0.72
EN000026029,2025-02-11,-0.72
EN000026029,2025-02-12,-2.11
EN000026029,2025-02-13,-0.61
EN000026029,2025-02-14,-1.11
EN000026029,2025-02-15,-3.0
EN000026029,2025-02-16,-2.72
EN000026029,2025-02-17,-2.72
EN000026029,2025-02-18,0.28
EN000026029,2025-02-19,0.28
EN000026029,2025-02-20,1.11
EN000026029,2025-02-21,1.11
EN000026029,2025-02-22,0.89
EN000026029,2025-02-23,2.89
EN000026029,2025-02-24,5.39
EN000026029,2025-02-25,5.89
EN000026029,2025-02-26,5.89
EN000026029,2025-02-27,3.39
EN000026029,2025-02-28,3.28
EN000026029,2025-03-01,1.89
EN000026029,2025-03-02,3.39
EN000026029,2025-03-03,3.89
EN000026029,2025-03-04,3.89
EN000026029,2025-03-05,4.28
EN000026029,2025-03-06,6.28
EN000026029,2025-03-07,7.89
EN000026029,2025-03-08,7.89
EN000026029,2025-03-09,7.0
EN000026029,2025-03-10,8.5
EN000026029,2025-03-11,8.28
EN000026029,2025-03-12,0.39
EN000026029,2025-03-13,0.5
EN000026029,2025-03-14,1.11
EN000026029,2025-03-15,4.11
EN000026029,2025-03-16,4.11
EN000026029,2025-03-17,1.61
EN000026029,2025-03-18,4.39
EN000026029,2025-03-19,4.28
EN000026029,2025-03-20,4.28
EN000026029,2025-03-21,3.0
EN000026029,2025-03-22,6.89
EN000026029,2025-03-23,8.61
EN000026029,2025-03-24,6.89
EN000026029,2025-03-25,6.0
EN000026029,2025-03-26,4.78
EN000026029,2025-03-27,8.5
EN000026029,2025-03-28,10.0
EN000026029,2025-03-29,14.11
EN000026029,2025-03-30,9.72
EN000026029,2025-03-31,10.78
EN000026029,2025-04-01,6.61
EN000026029,2025-04-02,6.78
EN000026029,2025-04-03,11.22
EN000026029,2025-04-04,5.78
EN000026029,2025-04-05,1.89
EN000026029,2025-04-06,2.0
EN000026029,2025-04-07,4.89
EN000026029,2025-04-08,2.89
EN000026029,2025-04-09,4.28
EN000026029,2025-04-10,1.5
EN000026029,2025-04-11,3.89
EN000026029,2025-04-12,5.5
EN000026029,2025-04-13,9.89
EN000026029,2025-04-14,13.78
EN000026029,2025-04-15,12.22
EN000026029,2025-04-16,23.0
EN000026029,2025-04-17,10.5
EN000026029,2025-04-18,18.22
EN000026029,2025-04-19,14.28
EN000026029,2025-04-20,9.11
EN000026029,2025-04-21,7.5
EN000026029,2025-04-22,6.28
EN000026029,2025-04-23,5.89
EN000026029,2025-04-24,5.28
EN000026029,2025-04-25,5.0
EN000026029,2025-04-26,6.11
EN000026029,2025-04-27,8.61
EN000026029,2025-04-28,9.5
EN000026029,2025-04-29,7.11
EN000026029,2025-04-30,5.0
EN000026029,2025-05-01,8.39
EN000026029,2025-05-02,16.39
EN000026029,2025-05-03,7.72
EN000026029,2025-05-04,8.5
EN000026029,2025-05-05,6.28
EN000026029,2025-05-06,7.5
EN000026029,2025-05-07,5.72
EN000026029,2025-05-08,5.61
EN000026029,2025-05-09,7.0
EN000026029,2025-05-10,7.28
EN000026029,2025-05-11,9.11
EN000026029,2025-05-12,10.72
EN000026029,2025-05-13,10.11
EN000026029,2025-05-14,8.39
EN000026029,2025-05-15,9.72
EN000026029,2025-05-16,12.11
EN000026029,2025-05-17,8.89
EN000026029,2025-05-18,10.61
EN000026029,2025-05-19,13.78
EN000026029,2025-05-20,11.5
EN000026029,2025-05-21,11.61
EN000026029,2025-05-22,17.0
EN000026029,2025-05-23,13.78
EN000026029,2025-05-24,12.39
EN000026029,2025-05-25,13.72
EN000026029,2025-05-26,19.28
EN000026029,2025-05-27,14.78
EN000026029,2025-05-28,21.78
EN000026029,2025-05-29,16.39
EN000026029,2025-05-30,14.5
EN000026029,2025-05-31,12.61
EN000026029,2025-06-01,14.28
EN000026029,2025-06-02,14.72
EN000026029,2025-06-03,13.72
EN000026029,2025-06-04,19.89
EN000026029,2025-06-05,17.78
EN000026029,2025-06-06,19.0
EN000026029,2025-06-07,18.28
EN000026029,2025-06-08,15.0
EN000026029,2025-06-09,13.72
EN000026029,2025-06-10,14.11
EN000026029,2025-06-11,15.11
EN000026029,2025-06-12,14.5
EN000026029,2025-06-13,15.11
EN000026029,2025-06-14,16.61
EN000026029,2025-06-15,17.5
EN000026029,2025-06-16,20.39
EN000026029,2025-06-17,14.78
EN000026029,2025-06-18,15.78
EN000026029,2025-06-19,14.22
EN000026029,2025-06-20,16.72
EN000026029,2025-06-21,16.5
EN000026029,2025-06-22,16.72
EN000026029,2025-06-23,19.22
EN000026029,2025-06-24,15.0
EN000026029,2025-06-25,14.22
EN000026029,2025-06-26,15.11
EN000026029,2025-06-27,20.22
EN000026029,2025-06-28,14.22
EN000026029,2025-06-29,15.5
EN000026029,2025-06-30,15.5
EN000026029,2025-07-01,16.22
EN000026029,2025-07-02,18.39
EN000026029,2025-07-03,27.89
EN000026029,2025-07-04,14.11
EN000026029,2025-07-05,16.39
EN000026029,2025-07-06,17.28
EN000026029,2025-07-07,20.61
EN000026029,2025-07-08,15.28
EN000026029,2025-07-09,17.22
EN000026029,2025-07-10,16.89
EN000026029,2025-07-11,18.28
EN000026029,2025-07-12,20.39
EN000026029,2025-07-13,17.61
EN000026029,2025-07-14,19.0
EN000026029,2025-07-15,18.78
EN000026029,2025-07-16,21.5
EN000026029,2025-07-17,22.0
EN000026029,2025-07-18,19.61
EN000026029,2025-07-19,21.89
EN000026029,2025-07-20,20.28
EN000026029,2025-07-21,20.11
EN000026029,2025-07-22,19.61
EN000026029,2025-07-23,20.61
EN000026029,2025-07-24,24.11
EN000026029,2025-07-25,23.11
EN000026029,2025-07-26,23.0
EN000026029,2025-07-27,23.39
EN000026029,2025-07-28,25.39
EN000026029,2025-07-29,25.72
EN000026029,2025-07-30,23.5
EN000026029,2025-07-31,22.78
EN000026029,2025-08-01,21.89
EN000026029,2025-08-02,21.72
EN000026029,2025-08-03,25.5
EN000026029,2025-08-04,28.28
EN000026029,2025-08-05,21.22
EN000026029,2025-08-06,19.39
EN000026029,2025-08-07,19.11
EN000026029,2025-08-08,19.39
EN000026029,2025-08-09,23.22
EN000026029,2025-08-10,19.5
EN000026029,2025-08-11,18.78
EN000026029,2025-08-12,18.5
EN000026029,2025-08-13,20.28
EN000026029,2025-08-14,21.28
EN000026029,2025-08-15,25.89
EN000026029,2025-08-16,18.72
EN000026029,2025-08-17,18.28
EN000026029,2025-08-18,18.61
EN000026029,2025-08-19,18.28
EN000026029,2025-08-20,16.28
EN000026029,2025-08-21,15.22
EN000026029,2025-08-22,15.22
EN000026029,2025-08-23,15.61
EN000026029,2025-08-24,14.89
EN000026029,2025-08-25,
EN000026029,2025-08-26,
EN000026029,2025-08-27,
EN000026029,2025-08-28,
EN000026029,2025-08-29,
EN000026029,2025-08-30,
EN000026029,2025-08-31,
EN000026029,2025-09-01,
EN000026029,2025-09-02,
EN000026029,2025-09-03,
EN000026029,2025-09-04,
EN000026029,2025-09-05,
EN000026029,2025-09-06,
EN000026029,2025-09-07,
EN000026029,2025-09-08,
EN000026029,2025-09-09,
EN000026029,2025-09-10,
EN000026029,2025-09-11,
EN000026029,2025-09-12,
EN000026029,2025-09-13,
EN000026029,2025-09-14,
EN000026029,2025-09-15,
EN000026029,2025-09-16,
EN000026029,2025-09-17,
EN000026029,2025-09-18,
EN000026029,2025-09-19,
EN000026029,2025-09-20,
EN000026029,2025-09-21,
EN000026029,2025-09-22,
EN000026029,2025-09-23,
EN000026029,2025-09-24,
EN000026029,2025-09-25,
EN000026029,2025-09-26,
EN000026029,2025-09-27,
EN000026029,2025-09-28,
EN000026029,2025-09-29,
EN000026029,2025-09-30,
EN000026029,2025-10-01,
EN000026029,2025-10-02,
EN000026029,2025-10-03,
EN000026029,2025-10-04,
EN000026029,2025-10-05,
EN000026029,2025-10-06,
EN000026029,2025-10-07,
EN000026029,2025-10-08,
EN000026029,2025-10-09,
EN000026029,2025-10-10,
EN000026029,2025-10-11,
EN000026029,2025-10-12,
EN000026029,2025-10-13,
EN000026029,2025-10-14,
EN000026029,2025-10-15,
EN000026029,2025-10-16,
EN000026029,2025-10-17,
EN000026029,2025-10-18,
EN000026029,2025-10-19,
EN000026029,2025-10-20,
EN000026029,2025-10-21,
EN000026029,2025-10-22,
EN000026029,2025-10-23,
EN000026029,2025-10-24,
EN000026029,2025-10-25,
EN000026029,2025-10-26,
EN000026029,2025-10-27,
EN000026029,2025-10-28,
EN000026029,2025-10-29,
EN000026029,2025-10-30,
EN000026029,2025-10-31,
EN000026029,2025-11-01,
EN000026029,2025-11-02,
EN000026029,2025-11-03,
EN000026029,2025-11-04,
EN000026029,2025-11-05,
EN000026029,2025-11-06,
EN000026029,2025-11-07,
EN000026029,2025-11-08,
EN000026029,2025-11-09,
EN000026029,2025-11-10,
EN000026029,2025-11-11,
EN000026029,2025-11-12,
EN000026029,2025-11-13,
EN000026029,2025-11-14,
EN000026029,2025-11-15,
EN000026029,2025-11-16,
EN000026029,2025-11-17,
EN000026029,2025-11-18,
EN000026029,2025-11-19,
EN000026029,2025-11-20,
EN000026029,2025-11-21,
EN000026029,2025-11-22,
EN000026029,2025-11-23,
EN000026029,2025-11-24,
EN000026029,2025-11-25,
EN000026029,2025-11-26,
EN000026029,2025-11-27,
EN000026029,2025-11-28,
EN000026029,2025-11-29,
EN000026029,2025-11-30,
EN000026029,2025-12-01,
EN000026029,2025-12-02,
EN000026029,2025-12-03,
EN000026029,2025-12-04,
EN000026029,2025-12-05,
EN000026029,2025-12-06,
EN000026029,2025-12-07,
EN000026029,2025-12-08,
EN000026029,2025-12-09,
EN000026029,2025-12-10,
EN000026029,2025-12-11,
EN000026029,2025-12-12,
EN000026029,2025-12-13,
EN000026029,2025-12-14,
EN000026029,2025-12-15,
EN000026029,2025-12-16,
EN000026029,2025-12-17,
EN000026029,2025-12-18,
EN000026029,2025-12-19,
EN000026029,2025-12-20,
EN000026029,2025-12-21,
EN000026029,2025-12-22,
EN000026029,2025-12-23,
EN000026029,2025-12-24,
EN000026029,2025-12-25,
EN000026029,2025-12-26,
EN000026029,2025-12-27,
EN000026029,2025-12-28,
EN000026029,2025-12-29,
EN000026029,2025-12-30,
EN000026029,2025-12-31,
GHM00065437,2025-01-01,35.89
GHM00065437,2025-01-02,36.0
GHM00065437,2025-01-03,37.0
GHM00065437,2025-01-04,37.0
GHM00065437,2025-01-05,37.0
GHM00065437,2025-01-06,36.61
GHM00065437,2025-01-07,36.0
GHM00065437,2025-01-08,36.39
GHM00065437,2025-01-09,36.61
GHM00065437,2025-01-10,36.5
GHM00065437,2025-01-11,37.0
GHM00065437,2025-01-12,35.22
GHM00065437,2025-01-13,36.5
GHM00065437,2025-01-14,35.5
GHM00065437,2025-01-15,35.5
GHM00065437,2025-01-16,34.0
GHM00065437,2025-01-17,
GHM00065437,2025-01-18,36.72
GHM00065437,2025-01-19,36.28
GHM00065437,2025-01-20,35.22
GHM00065437,2025-01-21,36.5
GHM00065437,2025-01-22,34.5
GHM00065437,2025-01-23,37.28
GHM00065437,2025-01-24,37.11
GHM00065437,2025-01-25,36.0
GHM00065437,2025-01-26,37.22
GHM00065437,2025-01-27,37.0
GHM00065437,2025-01-28,35.78
GHM00065437,2025-01-29,37.5
GHM00065437,2025-01-30,36.22
GHM00065437,2025-01-31,35.72
GHM00065437,2025-02-01,36.5
GHM00065437,2025-02-02,36.0
GHM00065437,2025-02-03,37.0
GHM00065437,2025-02-04,37.0
GHM00065437,2025-02-05,38.89
GHM00065437,2025-02-06,36.5
GHM00065437,2025-02-07,36.61
GHM00065437,2025-02-08,36.5
GHM00065437,2025-02-09,36.0
GHM00065437,2025-02-10,37.5
GHM00065437,2025-02-11,37.61
GHM00065437,2025-02-12,37.39
GHM00065437,2025-02-13,37.5
GHM00065437,2025-02-14,37.0
GHM00065437,2025-02-15,37.0
GHM00065437,2025-02-16,38.5
GHM00065437,2025-02-17,37.78
GHM00065437,2025-02-18,38.22
GHM00065437,2025-02-19,37.0
GHM00065437,2025-02-20,37.5
GHM00065437,2025-02-21,37.5
GHM00065437,2025-02-22,38.39
GHM00065437,2025-02-23,34.5
GHM00065437,2025-02-24,35.22
GHM00065437,2025-02-25,38.0
GHM00065437,2025-02-26,38.5
GHM00065437,2025-02-27,38.11
GHM00065437,2025-02-28,30.61
GHM00065437,2025-03-01,37.0
GHM00065437,2025-03-02,37.5
GHM00065437,2025-03-03,
GHM00065437,2025-03-04,37.0
GHM00065437,2025-03-05,
GHM00065437,2025-03-06,
GHM00065437,2025-03-07,
GHM00065437,2025-03-08,
GHM00065437,2025-03-09,37.0
GHM00065437,2025-03-10,37.0
GHM00065437,2025-03-11,36.5
GHM00065437,2025-03-12,36.78
GHM00065437,2025-03-13,34.61
GHM00065437,2025-03-14,35.61
GHM00065437,2025-03-15,36.22
GHM00065437,2025-03-16,37.0
GHM00065437,2025-03-17,36.22
GHM00065437,2025-03-18,36.0
GHM00065437,2025-03-19,36.5
GHM00065437,2025-03-20,35.61
GHM00065437,2025-03-21,35.5
GHM00065437,2025-03-22,34.5
GHM00065437,2025-03-23,35.72
GHM00065437,2025-03-24,36.22
GHM00065437,2025-03-25,36.5
GHM00065437,2025-03-26,31.0
GHM00065437,2025-03-27,36.78
GHM00065437,2025-03-28,35.61
GHM00065437,2025-03-29,36.89
GHM00065437,2025-03-30,37.22
GHM00065437,2025-03-31,36.39
GHM00065437,2025-04-01,36.72
GHM00065437,2025-04-02,34.0
GHM00065437,2025-04-03,35.78
GHM00065437,2025-04-04,36.72
GHM00065437,2025-04-05,36.5
GHM00065437,2025-04-06,36.0
GHM00065437,2025-04-07,36.22
GHM00065437,2025-04-08,37.5
GHM00065437,2025-04-09,33.39
GHM00065437,2025-04-10,37.0
GHM00065437,2025-04-11,35.0
GHM00065437,2025-04-12,36.5
GHM00065437,2025-04-13,37.0
GHM00065437,2025-04-14,37.22
GHM00065437,2025-04-15,36.61
GHM00065437,2025-04-16,34.0
GHM00065437,2025-04-17,36.0
GHM00065437,2025-04-18,37.0
GHM00065437,2025-04-19,34.72
GHM00065437,2025-04-20,36.5
GHM00065437,2025-04-21,37.5
GHM00065437,2025-04-22,33.0
GHM00065437,2025-04-23,30.61
GHM00065437,2025-04-24,33.39
GHM00065437,2025-04-25,36.11
GHM00065437,2025-04-26,34.5
GHM00065437,2025-04-27,35.28
GHM00065437,2025-04-28,36.28
GHM00065437,2025-04-29,34.0
GHM00065437,2025-04-30,33.11
GHM00065437,2025-05-01,35.0
GHM00065437,2025-05-02,29.5
GHM00065437,2025-05-03,35.0
GHM00065437,2025-05-04,37.0
GHM00065437,2025-05-05,36.11
GHM00065437,2025-05-06,36.78
GHM00065437,2025-05-07,36.5
GHM00065437,2025-05-08,36.28
GHM00065437,2025-05-09,36.28
GHM00065437,2025-05-10,35.5
GHM00065437,2025-05-11,36.39
GHM00065437,2025-05-12,34.5
GHM00065437,2025-05-13,36.5
GHM00065437,2025-05-14,36.61
GHM00065437,2025-05-15,34.72
GHM00065437,2025-05-16,36.5
GHM00065437,2025-05-17,33.61
GHM00065437,2025-05-18,30.0
GHM00065437,2025-05-19,34.0
GHM00065437,2025-05-20,36.0
GHM00065437,2025-05-21,32.61
GHM00065437,2025-05-22,34.61
GHM00065437,2025-05-23,30.5
GHM00065437,2025-05-24,30.78
GHM00065437,2025-05-25,34.28
GHM00065437,2025-05-26,33.89
GHM00065437,2025-05-27,39.0
GHM00065437,2025-05-28,35.5
GHM00065437,2025-05-29,33.0
GHM00065437,2025-05-30,34.5
GHM00065437,2025-05-31,35.0
GHM00065437,2025-06-01,34.5
GHM00065437,2025-06-02,34.39
GHM00065437,2025-06-03,34.78
GHM00065437,2025-06-04,30.0
GHM00065437,2025-06-05,32.5
GHM00065437,2025-06-06,34.0
GHM00065437,2025-06-07,31.28
GHM00065437,2025-06-08,32.28
GHM00065437,2025-06-09,33.61
GHM00065437,2025-06-10,32.78
GHM00065437,2025-06-11,32.39
GHM00065437,2025-06-12,32.0
GHM00065437,2025-06-13,32.39
GHM00065437,2025-06-14,31.5
GHM00065437,2025-06-15,30.11
GHM00065437,2025-06-16,31.0
GHM00065437,2025-06-17,32.5
GHM00065437,2025-06-18,32.11
GHM00065437,2025-06-19,36.5
GHM00065437,2025-06-20,32.0
GHM00065437,2025-06-21,31.0
GHM00065437,2025-06-22,31.11
GHM00065437,2025-06-23,32.0
GHM00065437,2025-06-24,31.89
GHM00065437,2025-06-25,31.78
GHM00065437,2025-06-26,29.5
GHM00065437,2025-06-27,31.0
GHM00065437,2025-06-28,32.0
GHM00065437,2025-06-29,32.28
GHM00065437,2025-06-30,31.72
GHM00065437,2025-07-01,30.5
GHM00065437,2025-07-02,31.5
GHM00065437,2025-07-03,32.0
GHM00065437,2025-07-04,28.22
GHM00065437,2025-07-05,29.5
GHM00065437,2025-07-06,28.5
GHM00065437,2025-07-07,30.72
GHM00065437,2025-07-08,28.0
GHM00065437,2025-07-09,27.61
GHM00065437,2025-07-10,30.11
GHM00065437,2025-07-11,30.78
GHM00065437,2025-07-12,28.72
GHM00065437,2025-07-13,29.0
GHM00065437,2025-07-14,30.61
GHM00065437,2025-07-15,31.0
GHM00065437,2025-07-16,32.0
GHM00065437,2025-07-17,31.89
GHM00065437,2025-07-18,30.0
GHM00065437,2025-07-19,31.5
GHM00065437,2025-07-20,30.78
GHM00065437,2025-07-21,29.0
GHM00065437,2025-07-22,27.78
GHM00065437,2025-07-23,29.0
GHM00065437,2025-07-24,28.89
GHM00065437,2025-07-25,28.5
GHM00065437,2025-07-26,30.11
GHM00065437,2025-07-27,30.11
GHM00065437,2025-07-28,31.0
GHM00065437,2025-07-29,31.0
GHM00065437,2025-07-30,29.61
GHM00065437,2025-07-31,29.0
GHM00065437,2025-08-01,28.11
GHM00065437,2025-08-02,31.5
GHM00065437,2025-08-03,32.22
GHM00065437,2025-08-04,25.5
GHM00065437,2025-08-05,
GHM00065437,2025-08-06,29.39
GHM00065437,2025-08-07,27.39
GHM00065437,2025-08-08,30.22
GHM00065437,2025-08-09,28.39
GHM00065437,2025-08-10,29.5
GHM00065437,2025-08-11,29.5
GHM00065437,2025-08-12,28.5
GHM00065437,2025-08-13,29.61
GHM00065437,2025-08-14,30.0
GHM00065437,2025-08-15,30.0
GHM00065437,2025-08-16,26.89
GHM00065437,2025-08-17,29.0
GHM00065437,2025-08-18,28.5
GHM00065437,2025-08-19,29.5
GHM00065437,2025-08-20,30.22
GHM00065437,2025-08-21,30.28
GHM00065437,2025-08-22,28.78
GHM00065437,2025-08-23,27.5
GHM00065437,2025-08-24,30.5
GHM00065437,2025-08-25,
GHM00065437,2025-08-26,
GHM00065437,2025-08-27,
GHM00065437,2025-08-28,
GHM00065437,2025-08-29,
GHM00065437,2025-08-30,
GHM00065437,2025-08-31,
GHM00065437,2025-09-01,
GHM00065437,2025-09-02,
GHM00065437,2025-09-03,
GHM00065437,2025-09-04,
GHM00065437,2025-09-05,
GHM00065437,2025-09-06,
GHM00065437,2025-09-07,
GHM00065437,2025-09-08,
GHM00065437,2025-09-09,
GHM00065437,2025-09-10,
GHM00065437,2025-09-11,
GHM00065437,2025-09-12,
GHM00065437,2025-09-13,
GHM00065437,2025-09-14,
GHM00065437,2025-09-15,
GHM00065437,2025-09-16,
GHM00065437,2025-09-17,
GHM00065437,2025-09-18,
GHM00065437,2025-09-19,
GHM00065437,2025-09-20,
GHM00065437,2025-09-21,
GHM00065437,2025-09-22,
GHM00065437,2025-09-23,
GHM00065437,2025-09-24,
GHM00065437,2025-09-25,
GHM00065437,2025-09-26,
GHM00065437,2025-09-27,
GHM00065437,2025-09-28,
GHM00065437,2025-09-29,
GHM00065437,2025-09-30,
GHM00065437,2025-10-01,
GHM00065437,2025-10-02,
GHM00065437,2025-10-03,
GHM00065437,2025-10-04,
GHM00065437,2025-10-05,
GHM00065437,2025-10-06,
GHM00065437,2025-10-07,
GHM00065437,2025-10-08,
GHM00065437,2025-10-09,
GHM00065437,2025-10-10,
GHM00065437,2025-10-11,
GHM00065437,2025-10-12,
GHM00065437,2025-10-13,
GHM00065437,2025-10-14,
GHM00065437,2025-10-15,
GHM00065437,2025-10-16,
GHM00065437,2025-10-17,
GHM00065437,2025-10-18,
GHM00065437,2025-10-19,
GHM00065437,2025-10-20,
GHM00065437,2025-10-21,
GHM00065437,2025-10-22,
GHM00065437,2025-10-23,
GHM00065437,2025-10-24,
GHM00065437,2025-10-25,
GHM00065437,2025-10-26,
GHM00065437,2025-10-27,
GHM00065437,2025-10-28,
GHM00065437,2025-10-29,
GHM00065437,2025-10-30,
GHM00065437,2025-10-31,
GHM00065437,2025-11-01,
GHM00065437,2025-11-02,
GHM00065437,2025-11-03,
GHM00065437,2025-11-04,
GHM00065437,2025-11-05,
GHM00065437,2025-11-06,
GHM00065437,2025-11-07,
GHM00065437,2025-11-08,
GHM00065437,2025-11-09,
GHM00065437,2025-11-10,
GHM00065437,2025-11-11,
GHM00065437,2025-11-12,
GHM00065437,2025-11-13,
GHM00065437,2025-11-14,
GHM00065437,2025-11-15,
GHM00065437,2025-11-16,
GHM00065437,2025-11-17,
GHM00065437,2025-11-18,
GHM00065437,2025-11-19,
GHM00065437,2025-11-20,
GHM00065437,2025-11-21,
GHM00065437,2025-11-22,
GHM00065437,2025-11-23,
GHM00065437,2025-11-24,
GHM00065437,2025-11-25,
GHM00065437,2025-11-26,
GHM00065437,2025-11-27,
GHM00065437,2025-11-28,
GHM00065437,2025-11-29,
GHM00065437,2025-11-30,
GHM00065437,2025-12-01,
GHM00065437,2025-12-02,
GHM00065437,2025-12-03,
GHM00065437,2025-12-04,
GHM00065437,2025-12-05,
GHM00065437,2025-12-06,
GHM00065437,2025-12-07,
GHM00065437,2025-12-08,
GHM00065437,2025-12-09,
GHM00065437,2025-12-10,
GHM00065437,2025-12-11,
GHM00065437,2025-12-12,
GHM00065437,2025-12-13,
GHM00065437,2025-12-14,
GHM00065437,2025-12-15,
GHM00065437,2025-12-16,
GHM00065437,2025-12-17,
GHM00065437,2025-12-18,
GHM00065437,2025-12-19,
GHM00065437,2025-12-20,
GHM00065437,2025-12-21,
GHM00065437,2025-12-22,
GHM00065437,2025-12-23,
GHM00065437,2025-12-24,
GHM00065437,2025-12-25,
GHM00065437,2025-12-26,
GHM00065437,2025-12-27,
GHM00065437,2025-12-28,
GHM00065437,2025-12-29,
GHM00065437,2025-12-30,
GHM00065437,2025-12-31,
IN005090100,2025-01-01,28.61
IN005090100,2025-01-02,30.5
IN005090100,2025-01-03,25.22
IN005090100,2025-01-04,24.89
IN005090100,2025-01-05,24.0
IN005090100,2025-01-06,25.28
IN005090100,2025-01-07,24.0
IN005090100,2025-01-08,26.89
IN005090100,2025-01-09,28.5
IN005090100,2025-01-10,25.61
IN005090100,2025-01-11,24.39
IN005090100,2025-01-12,27.0
IN005090100,2025-01-13,23.78
IN005090100,2025-01-14,24.5
IN005090100,2025-01-15,26.22
IN005090100,2025-01-16,26.22
IN005090100,2025-01-17,25.61
IN005090100,2025-01-18,29.0
IN005090100,2025-01-19,30.0
IN005090100,2025-01-20,26.61
IN005090100,2025-01-21,27.22
IN005090100,2025-01-22,24.78
IN005090100,2025-01-23,26.22
IN005090100,2025-01-24,27.39
IN005090100,2025-01-25,28.0
IN005090100,2025-01-26,29.0
IN005090100,2025-01-27,31.22
IN005090100,2025-01-28,25.61
IN005090100,2025-01-29,24.78
IN005090100,2025-01-30,24.0
IN005090100,2025-01-31,25.0
IN005090100,2025-02-01,24.0
IN005090100,2025-02-02,28.28
IN005090100,2025-02-03,29.22
IN005090100,2025-02-04,25.0
IN005090100,2025-02-05,28.39
IN005090100,2025-02-06,27.0
IN005090100,2025-02-07,28.78
IN005090100,2025-02-08,31.22
IN005090100,2025-02-09,26.5
IN005090100,2025-02-10,24.78
IN005090100,2025-02-11,25.39
IN005090100,2025-02-12,26.0
IN005090100,2025-02-13,33.78
IN005090100,2025-02-14,27.11
IN005090100,2025-02-15,27.0
IN005090100,2025-02-16,28.39
IN005090100,2025-02-17,26.22
IN005090100,2025-02-18,27.72
IN005090100,2025-02-19,27.0
IN005090100,2025-02-20,27.0
IN005090100,2025-02-21,30.5
IN005090100,2025-02-22,30.22
IN005090100,2025-02-23,31.5
IN005090100,2025-02-24,34.22
IN005090100,2025-02-25,32.5
IN005090100,2025-02-26,34.0
IN005090100,2025-02-27,27.0
IN005090100,2025-02-28,27.78
IN005090100,2025-03-01,27.22
IN005090100,2025-03-02,25.39
IN005090100,2025-03-03,27.22
IN005090100,2025-03-04,30.39
IN005090100,2025-03-05,32.0
IN005090100,2025-03-06,29.5
IN005090100,2025-03-07,28.89
IN005090100,2025-03-08,29.89
IN005090100,2025-03-09,28.39
IN005090100,2025-03-10,33.61
IN005090100,2025-03-11,34.78
IN005090100,2025-03-12,32.61
IN005090100,2025-03-13,30.78
IN005090100,2025-03-14,31.39
IN005090100,2025-03-15,29.61
IN005090100,2025-03-16,30.11
IN005090100,2025-03-17,28.61
IN005090100,2025-03-18,31.22
IN005090100,2025-03-19,28.0
IN005090100,2025-03-20,29.0
IN005090100,2025-03-21,29.0
IN005090100,2025-03-22,29.78
IN005090100,2025-03-23,29.78
IN005090100,2025-03-24,31.78
IN005090100,2025-03-25,28.89
IN005090100,2025-03-26,29.0
IN005090100,2025-03-27,28.61
IN005090100,2025-03-28,34.39
IN005090100,2025-03-29,35.78
IN005090100,2025-03-30,30.39
IN005090100,2025-03-31,30.0
IN005090100,2025-04-01,30.0
IN005090100,2025-04-02,29.22
IN005090100,2025-04-03,30.22
IN005090100,2025-04-04,30.78
IN005090100,2025-04-05,30.0
IN005090100,2025-04-06,31.22
IN005090100,2025-04-07,31.72
IN005090100,2025-04-08,31.0
IN005090100,2025-04-09,31.28
IN005090100,2025-04-10,31.0
IN005090100,2025-04-11,31.5
IN005090100,2025-04-12,30.61
IN005090100,2025-04-13,31.28
IN005090100,2025-04-14,31.61
IN005090100,2025-04-15,31.39
IN005090100,2025-04-16,31.39
IN005090100,2025-04-17,32.0
IN005090100,2025-04-18,31.61
IN005090100,2025-04-19,31.22
IN005090100,2025-04-20,31.11
IN005090100,2025-04-21,31.0
IN005090100,2025-04-22,31.0
IN005090100,2025-04-23,30.61
IN005090100,2025-04-24,31.78
IN005090100,2025-04-25,32.0
IN005090100,2025-04-26,31.61
IN005090100,2025-04-27,32.5
IN005090100,2025-04-28,31.22
IN005090100,2025-04-29,33.39
IN005090100,2025-04-30,32.0
IN005090100,2025-05-01,32.78
IN005090100,2025-05-02,33.11
IN005090100,2025-05-03,31.72
IN005090100,2025-05-04,34.72
IN005090100,2025-05-05,32.28
IN005090100,2025-05-06,31.39
IN005090100,2025-05-07,32.0
IN005090100,2025-05-08,32.78
IN005090100,2025-05-09,34.5
IN005090100,2025-05-10,33.22
IN005090100,2025-05-11,32.22
IN005090100,2025-05-12,32.72
IN005090100,2025-05-13,32.61
IN005090100,2025-05-14,33.22
IN005090100,2025-05-15,32.28
IN005090100,2025-05-16,34.22
IN005090100,2025-05-17,34.28
IN005090100,2025-05-18,34.61
IN005090100,2025-05-19,32.61
IN005090100,2025-05-20,33.61
IN005090100,2025-05-21,33.0
IN005090100,2025-05-22,34.0
IN005090100,2025-05-23,33.78
IN005090100,2025-05-24,32.61
IN005090100,2025-05-25,33.0
IN005090100,2025-05-26,32.78
IN005090100,2025-05-27,33.39
IN005090100,2025-05-28,33.39
IN005090100,2025-05-29,32.39
IN005090100,2025-05-30,32.22
IN005090100,2025-05-31,32.61
IN005090100,2025-06-01,32.28
IN005090100,2025-06-02,34.61
IN005090100,2025-06-03,34.39
IN005090100,2025-06-04,32.0
IN005090100,2025-06-05,33.61
IN005090100,2025-06-06,33.39
IN005090100,2025-06-07,33.11
IN005090100,2025-06-08,32.61
IN005090100,2025-06-09,33.61
IN005090100,2025-06-10,33.0
IN005090100,2025-06-11,32.78
IN005090100,2025-06-12,32.22
IN005090100,2025-06-13,32.61
IN005090100,2025-06-14,33.61
IN005090100,2025-06-15,32.0
IN005090100,2025-06-16,30.61
IN005090100,2025-06-17,30.0
IN005090100,2025-06-18,31.0
IN005090100,2025-06-19,31.0
IN005090100,2025-06-20,31.61
IN005090100,2025-06-21,33.0
IN005090100,2025-06-22,30.61
IN005090100,2025-06-23,31.0
IN005090100,2025-06-24,32.22
IN005090100,2025-06-25,33.61
IN005090100,2025-06-26,32.61
IN005090100,2025-06-27,32.5
IN005090100,2025-06-28,28.78
IN005090100,2025-06-29,34.89
IN005090100,2025-06-30,29.0
IN005090100,2025-07-01,32.0
IN005090100,2025-07-02,31.28
IN005090100,2025-07-03,30.61
IN005090100,2025-07-04,30.72
IN005090100,2025-07-05,29.39
IN005090100,2025-07-06,30.39
IN005090100,2025-07-07,29.0
IN005090100,2025-07-08,30.39
IN005090100,2025-07-09,31.0
IN005090100,2025-07-10,31.11
IN005090100,2025-07-11,29.39
IN005090100,2025-07-12,31.39
IN005090100,2025-07-13,31.61
IN005090100,2025-07-14,32.28
IN005090100,2025-07-15,31.22
IN005090100,2025-07-16,32.39
IN005090100,2025-07-17,33.22
IN005090100,2025-07-18,33.0
IN005090100,2025-07-19,30.0
IN005090100,2025-07-20,31.0
IN005090100,2025-07-21,34.0
IN005090100,2025-07-22,34.22
IN005090100,2025-07-23,30.39
IN005090100,2025-07-24,30.39
IN005090100,2025-07-25,32.0
IN005090100,2025-07-26,31.39
IN005090100,2025-07-27,30.0
IN005090100,2025-07-28,33.61
IN005090100,2025-07-29,29.0
IN005090100,2025-07-30,29.61
IN005090100,2025-07-31,30.61
IN005090100,2025-08-01,30.22
IN005090100,2025-08-02,30.61
IN005090100,2025-08-03,30.61
IN005090100,2025-08-04,29.78
IN005090100,2025-08-05,30.39
IN005090100,2025-08-06,29.78
IN005090100,2025-08-07,30.61
IN005090100,2025-08-08,30.61
IN005090100,2025-08-09,30.78
IN005090100,2025-08-10,30.61
IN005090100,2025-08-11,30.5
IN005090100,2025-08-12,30.22
IN005090100,2025-08-13,30.0
IN005090100,2025-08-14,31.5
IN005090100,2025-08-15,32.72
IN005090100,2025-08-16,31.78
IN005090100,2025-08-17,31.5
IN005090100,2025-08-18,32.0
IN005090100,2025-08-19,29.39
IN005090100,2025-08-20,28.72
IN005090100,2025-08-21,29.39
IN005090100,2025-08-22,29.39
IN005090100,2025-08-23,28.61
IN005090100,2025-08-24,28.39
IN005090100,2025-08-25,
IN005090100,2025-08-26,
IN005090100,2025-08-27,
IN005090100,2025-08-28,
IN005090100,2025-08-29,
IN005090100,2025-08-30,
IN005090100,2025-08-31,
IN005090100,2025-09-01,
IN005090100,2025-09-02,
IN005090100,2025-09-03,
IN005090100,2025-09-04,
IN005090100,2025-09-05,
IN005090100,2025-09-06,
IN005090100,2025-09-07,
IN005090100,2025-09-08,
IN005090100,2025-09-09,
IN005090100,2025-09-10,
IN005090100,2025-09-11,
IN005090100,2025-09-12,
IN005090100,2025-09-13,
IN005090100,2025-09-14,
IN005090100,2025-09-15,
IN005090100,2025-09-16,
IN005090100,2025-09-17,
IN005090100,2025-09-18,
IN005090100,2025-09-19,
IN005090100,2025-09-20,
IN005090100,2025-09-21,
IN005090100,2025-09-22,
IN005090100,2025-09-23,
IN005090100,2025-09-24,
IN005090100,2025-09-25,
IN005090100,2025-09-26,
IN005090100,2025-09-27,
IN005090100,2025-09-28,
IN005090100,2025-09-29,
IN005090100,2025-09-30,
IN005090100,2025-10-01,
IN005090100,2025-10-02,
IN005090100,2025-10-03,
IN005090100,2025-10-04,
IN005090100,2025-10-05,
IN005090100,2025-10-06,
IN005090100,2025-10-07,
IN005090100,2025-10-08,
IN005090100,2025-10-09,
IN005090100,2025-10-10,
IN005090100,2025-10-11,
IN005090100,2025-10-12,
IN005090100,2025-10-13,
IN005090100,2025-10-14,
IN005090100,2025-10-15,
IN005090100,2025-10-16,
IN005090100,2025-10-17,
IN005090100,2025-10-18,
IN005090100,2025-10-19,
IN005090100,2025-10-20,
IN005090100,2025-10-21,
IN005090100,2025-10-22,
IN005090100,2025-10-23,
IN005090100,2025-10-24,
IN005090100,2025-10-25,
IN005090100,2025-10-26,
IN005090100,2025-10-27,
IN005090100,2025-10-28,
IN005090100,2025-10-29,
IN005090100,2025-10-30,
IN005090100,2025-10-31,
IN005090100,2025-11-01,
IN005090100,2025-11-02,
IN005090100,2025-11-03,
IN005090100,2025-11-04,
IN005090100,2025-11-05,
IN005090100,2025-11-06,
IN005090100,2025-11-07,
IN005090100,2025-11-08,
IN005090100,2025-11-09,
IN005090100,2025-11-10,
IN005090100,2025-11-11,
IN005090100,2025-11-12,
IN005090100,2025-11-13,
IN005090100,2025-11-14,
IN005090100,2025-11-15,
IN005090100,2025-11-16,
IN005090100,2025-11-17,
IN005090100,2025-11-18,
IN005090100,2025-11-19,
IN005090100,2025-11-20,
IN005090100,2025-11-21,
IN005090100,2025-11-22,
IN005090100,2025-11-23,
IN005090100,2025-11-24,
IN005090100,2025-11-25,
IN005090100,2025-11-26,
IN005090100,2025-11-27,
IN005090100,2025-11-28,
IN005090100,2025-11-29,
IN005090100,2025-11-30,
IN005090100,2025-12-01,
IN005090100,2025-12-02,
IN005090100,2025-12-03,
IN005090100,2025-12-04,
IN005090100,2025-12-05,
IN005090100,2025-12-06,
IN005090100,2025-12-07,
IN005090100,2025-12-08,
IN005090100,2025-12-09,
IN005090100,2025-12-10,
IN005090100,2025-12-11,
IN005090100,2025-12-12,
IN005090100,2025-12-13,
IN005090100,2025-12-14,
IN005090100,2025-12-15,
IN005090100,2025-12-16,
IN005090100,2025-12-17,
IN005090100,2025-12-18,
IN005090100,2025-12-19,
IN005090100,2025-12-20,
IN005090100,2025-12-21,
IN005090100,2025-12-22,
IN005090100,2025-12-23,
IN005090100,2025-12-24,
IN005090100,2025-12-25,
IN005090100,2025-12-26,
IN005090100,2025-12-27,
IN005090100,2025-12-28,
IN005090100,2025-12-29,
IN005090100,2025-12-30,
IN005090100,2025-12-31,
IN009070100,2025-01-01,29.78
IN009070100,2025-01-02,28.28
IN009070100,2025-01-03,27.78
IN009070100,2025-01-04,27.72
IN009070100,2025-01-05,28.39
IN009070100,2025-01-06,29.22
IN009070100,2025-01-07,
IN009070100,2025-01-08,29.11
IN009070100,2025-01-09,28.5
IN009070100,2025-01-10,27.22
IN009070100,2025-01-11,27.89
IN009070100,2025-01-12,29.0
IN009070100,2025-01-13,
IN009070100,2025-01-14,30.22
IN009070100,2025-01-15,28.28
IN009070100,2025-01-16,28.11
IN009070100,2025-01-17,28.89
IN009070100,2025-01-18,27.5
IN009070100,2025-01-19,27.39
IN009070100,2025-01-20,28.28
IN009070100,2025-01-21,29.61
IN009070100,2025-01-22,30.0
IN009070100,2025-01-23,31.61
IN009070100,2025-01-24,32.5
IN009070100,2025-01-25,30.61
IN009070100,2025-01-26,31.39
IN009070100,2025-01-27,31.78
IN009070100,2025-01-28,30.5
IN009070100,2025-01-29,30.39
IN009070100,2025-01-30,31.78
IN009070100,2025-01-31,32.61
IN009070100,2025-02-01,33.5
IN009070100,2025-02-02,32.61
IN009070100,2025-02-03,32.89
IN009070100,2025-02-04,32.61
IN009070100,2025-02-05,33.11
IN009070100,2025-02-06,31.78
IN009070100,2025-02-07,32.39
IN009070100,2025-02-08,33.0
IN009070100,2025-02-09,32.11
IN009070100,2025-02-10,32.0
IN009070100,2025-02-11,31.78
IN009070100,2025-02-12,33.61
IN009070100,2025-02-13,34.0
IN009070100,2025-02-14,34.5
IN009070100,2025-02-15,34.28
IN009070100,2025-02-16,33.39
IN009070100,2025-02-17,33.78
IN009070100,2025-02-18,33.78
IN009070100,2025-02-19,34.39
IN009070100,2025-02-20,35.0
IN009070100,2025-02-21,34.0
IN009070100,2025-02-22,33.72
IN009070100,2025-02-23,34.0
IN009070100,2025-02-24,34.11
IN009070100,2025-02-25,32.89
IN009070100,2025-02-26,32.61
IN009070100,2025-02-27,32.89
IN009070100,2025-02-28,32.5
IN009070100,2025-03-01,34.0
IN009070100,2025-03-02,34.39
IN009070100,2025-03-03,34.78
IN009070100,2025-03-04,35.11
IN009070100,2025-03-05,35.0
IN009070100,2025-03-06,35.11
IN009070100,2025-03-07,35.39
IN009070100,2025-03-08,35.5
IN009070100,2025-03-09,36.22
IN009070100,2025-03-10,35.61
IN009070100,2025-03-11,33.89
IN009070100,2025-03-12,34.78
IN009070100,2025-03-13,35.39
IN009070100,2025-03-14,36.0
IN009070100,2025-03-15,36.5
IN009070100,2025-03-16,36.11
IN009070100,2025-03-17,36.22
IN009070100,2025-03-18,37.11
IN009070100,2025-03-19,37.11
IN009070100,2025-03-20,36.11
IN009070100,2025-03-21,36.5
IN009070100,2025-03-22,35.39
IN009070100,2025-03-23,36.39
IN009070100,2025-03-24,36.0
IN009070100,2025-03-25,35.5
IN009070100,2025-03-26,35.5
IN009070100,2025-03-27,35.89
IN009070100,2025-03-28,35.0
IN009070100,2025-03-29,37.0
IN009070100,2025-03-30,37.5
IN009070100,2025-03-31,37.39
IN009070100,2025-04-01,37.5
IN009070100,2025-04-02,37.5
IN009070100,2025-04-03,34.11
IN009070100,2025-04-04,32.0
IN009070100,2025-04-05,32.5
IN009070100,2025-04-06,35.0
IN009070100,2025-04-07,35.61
IN009070100,2025-04-08,36.11
IN009070100,2025-04-09,36.11
IN009070100,2025-04-10,35.5
IN009070100,2025-04-11,33.0
IN009070100,2025-04-12,33.39
IN009070100,2025-04-13,34.0
IN009070100,2025-04-14,34.5
IN009070100,2025-04-15,35.5
IN009070100,2025-04-16,35.78
IN009070100,2025-04-17,34.89
IN009070100,2025-04-18,33.89
IN009070100,2025-04-19,34.5
IN009070100,2025-04-20,34.5
IN009070100,2025-04-21,35.28
IN009070100,2025-04-22,35.0
IN009070100,2025-04-23,35.89
IN009070100,2025-04-24,35.5
IN009070100,2025-04-25,36.0
IN009070100,2025-04-26,36.0
IN009070100,2025-04-27,34.72
IN009070100,2025-04-28,35.0
IN009070100,2025-04-29,33.61
IN009070100,2025-04-30,34.78
IN009070100,2025-05-01,34.89
IN009070100,2025-05-02,35.39
IN009070100,2025-05-03,36.11
IN009070100,2025-05-04,33.0
IN009070100,2025-05-05,35.0
IN009070100,2025-05-06,35.5
IN009070100,2025-05-07,34.5
IN009070100,2025-05-08,34.78
IN009070100,2025-05-09,33.61
IN009070100,2025-05-10,34.61
IN009070100,2025-05-11,32.61
IN009070100,2025-05-12,33.39
IN009070100,2025-05-13,33.61
IN009070100,2025-05-14,34.0
IN009070100,2025-05-15,34.11
IN009070100,2025-05-16,32.39
IN009070100,2025-05-17,32.5
IN009070100,2025-05-18,32.0
IN009070100,2025-05-19,30.61
IN009070100,2025-05-20,30.5
IN009070100,2025-05-21,28.11
IN009070100,2025-05-22,30.0
IN009070100,2025-05-23,30.22
IN009070100,2025-05-24,29.39
IN009070100,2025-05-25,28.78
IN009070100,2025-05-26,26.89
IN009070100,2025-05-27,26.39
IN009070100,2025-05-28,26.89
IN009070100,2025-05-29,28.0
IN009070100,2025-05-30,29.39
IN009070100,2025-05-31,31.22
IN009070100,2025-06-01,31.5
IN009070100,2025-06-02,31.28
IN009070100,2025-06-03,30.0
IN009070100,2025-06-04,30.39
IN009070100,2025-06-05,31.0
IN009070100,2025-06-06,31.61
IN009070100,2025-06-07,32.0
IN009070100,2025-06-08,32.61
IN009070100,2025-06-09,32.78
IN009070100,2025-06-10,31.0
IN009070100,2025-06-11,31.5
IN009070100,2025-06-12,28.5
IN009070100,2025-06-13,27.0
IN009070100,2025-06-14,27.5
IN009070100,2025-06-15,27.5
IN009070100,2025-06-16,27.0
IN009070100,2025-06-17,27.39
IN009070100,2025-06-18,29.39
IN009070100,2025-06-19,30.0
IN009070100,2025-06-20,30.0
IN009070100,2025-06-21,30.22
IN009070100,2025-06-22,30.39
IN009070100,2025-06-23,30.0
IN009070100,2025-06-24,27.0
IN009070100,2025-06-25,27.78
IN009070100,2025-06-26,27.89
IN009070100,2025-06-27,29.22
IN009070100,2025-06-28,30.0
IN009070100,2025-06-29,30.28
IN009070100,2025-06-30,31.0
IN009070100,2025-07-01,31.11
IN009070100,2025-07-02,27.0
IN009070100,2025-07-03,26.61
IN009070100,2025-07-04,27.72
IN009070100,2025-07-05,26.5
IN009070100,2025-07-06,27.28
IN009070100,2025-07-07,27.61
IN009070100,2025-07-08,28.39
IN009070100,2025-07-09,28.89
IN009070100,2025-07-10,29.22
IN009070100,2025-07-11,29.61
IN009070100,2025-07-12,29.39
IN009070100,2025-07-13,27.39
IN009070100,2025-07-14,28.72
IN009070100,2025-07-15,28.61
IN009070100,2025-07-16,27.5
IN009070100,2025-07-17,26.39
IN009070100,2025-07-18,28.0
IN009070100,2025-07-19,27.78
IN009070100,2025-07-20,28.0
IN009070100,2025-07-21,28.78
IN009070100,2025-07-22,26.39
IN009070100,2025-07-23,26.61
IN009070100,2025-07-24,26.78
IN009070100,2025-07-25,25.0
IN009070100,2025-07-26,25.0
IN009070100,2025-07-27,26.11
IN009070100,2025-07-28,26.28
IN009070100,2025-07-29,27.22
IN009070100,2025-07-30,27.5
IN009070100,2025-07-31,27.0
IN009070100,2025-08-01,28.11
IN009070100,2025-08-02,28.39
IN009070100,2025-08-03,28.5
IN009070100,2025-08-04,29.39
IN009070100,2025-08-05,30.39
IN009070100,2025-08-06,30.89
IN009070100,2025-08-07,28.11
IN009070100,2025-08-08,29.61
IN009070100,2025-08-09,28.61
IN009070100,2025-08-10,29.0
IN009070100,2025-08-11,28.39
IN009070100,2025-08-12,27.5
IN009070100,2025-08-13,26.89
IN009070100,2025-08-14,25.22
IN009070100,2025-08-15,25.39
IN009070100,2025-08-16,27.28
IN009070100,2025-08-17,27.11
IN009070100,2025-08-18,25.5
IN009070100,2025-08-19,24.72
IN009070100,2025-08-20,25.22
IN009070100,2025-08-21,27.39
IN009070100,2025-08-22,28.11
IN009070100,2025-08-23,27.61
IN009070100,2025-08-24,28.39
IN009070100,2025-08-25,
IN009070100,2025-08-26,
IN009070100,2025-08-27,
IN009070100,2025-08-28,
IN009070100,2025-08-29,
IN009070100,2025-08-30,
IN009070100,2025-08-31,
IN009070100,2025-09-01,
IN009070100,2025-09-02,
IN009070100,2025-09-03,
IN009070100,2025-09-04,
IN009070100,2025-09-05,
IN009070100,2025-09-06,
IN009070100,2025-09-07,
IN009070100,2025-09-08,
IN009070100,2025-09-09,
IN009070100,2025-09-10,
IN009070100,2025-09-11,
IN009070100,2025-09-12,
IN009070100,2025-09-13,
IN009070100,2025-09-14,
IN009070100,2025-09-15,
IN009070100,2025-09-16,
IN009070100,2025-09-17,
IN009070100,2025-09-18,
IN009070100,2025-09-19,
IN009070100,2025-09-20,
IN009070100,2025-09-21,
IN009070100,2025-09-22,
IN009070100,2025-09-23,
IN009070100,2025-09-24,
IN009070100,2025-09-25,
IN009070100,2025-09-26,
IN009070100,2025-09-27,
IN009070100,2025-09-28,
IN009070100,2025-09-29,
IN009070100,2025-09-30,
IN009070100,2025-10-01,
IN009070100,2025-10-02,
IN009070100,2025-10-03,
IN009070100,2025-10-04,
IN009070100,2025-10-05,
IN009070100,2025-10-06,
IN009070100,2025-10-07,
IN009070100,2025-10-08,
IN009070100,2025-10-09,
IN009070100,2025-10-10,
IN009070100,2025-10-11,
IN009070100,2025-10-12,
IN009070100,2025-10-13,
IN009070100,2025-10-14,
IN009070100,2025-10-15,
IN009070100,2025-10-16,
IN009070100,2025-10-17,
IN009070100,2025-10-18,
IN009070100,2025-10-19,
IN009070100,2025-10-20,
IN009070100,2025-10-21,
IN009070100,2025-10-22,
IN009070100,2025-10-23,
IN009070100,2025-10-24,
IN009070100,2025-10-25,
IN009070100,2025-10-26,
IN009070100,2025-10-27,
IN009070100,2025-10-28,
IN009070100,2025-10-29,
IN009070100,2025-10-30,
IN009070100,2025-10-31,
IN009070100,2025-11-01,
IN009070100,2025-11-02,
IN009070100,2025-11-03,
IN009070100,2025-11-04,
IN009070100,2025-11-05,
IN009070100,2025-11-06,
IN009070100,2025-11-07,
IN009070100,2025-11-08,
IN009070100,2025-11-09,
IN009070100,2025-11-10,
IN009070100,2025-11-11,
IN009070100,2025-11-12,
IN009070100,2025-11-13,
IN009070100,2025-11-14,
IN009070100,2025-11-15,
IN009070100,2025-11-16,
IN009070100,2025-11-17,
IN009070100,2025-11-18,
IN009070100,2025-11-19,
IN009070100,2025-11-20,
IN009070100,2025-11-21,
IN009070100,2025-11-22,
IN009070100,2025-11-23,
IN009070100,2025-11-24,
IN009070100,2025-11-25,
IN009070100,2025-11-26,
IN009070100,2025-11-27,
IN009070100,2025-11-28,
IN009070100,2025-11-29,
IN009070100,2025-11-30,
IN009070100,2025-12-01,
IN009070100,2025-12-02,
IN009070100,2025-12-03,
IN009070100,2025-12-04,
IN009070100,2025-12-05,
IN009070100,2025-12-06,
IN009070100,2025-12-07,
IN009070100,2025-12-08,
IN009070100,2025-12-09,
IN009070100,2025-12-10,
IN009070100,2025-12-11,
IN009070100,2025-12-12,
IN009070100,2025-12-13,
IN009070100,2025-12-14,
IN009070100,2025-12-15,
IN009070100,2025-12-16,
IN009070100,2025-12-17,
IN009070100,2025-12-18,
IN009070100,2025-12-19,
IN009070100,2025-12-20,
IN009070100,2025-12-21,
IN009070100,2025-12-22,
IN009070100,2025-12-23,
IN009070100,2025-12-24,
IN009070100,2025-12-25,
IN009070100,2025-12-26,
IN009070100,2025-12-27,
IN009070100,2025-12-28,
IN009070100,2025-12-29,
IN009070100,2025-12-30,
IN009070100,2025-12-31,
IN012020100,2025-01-01,
IN012020100,2025-01-02,
IN012020100,2025-01-03,
IN012020100,2025-01-04,
IN012020100,2025-01-05,
IN012020100,2025-01-06,
IN012020100,2025-01-07,
IN012020100,2025-01-08,
IN012020100,2025-01-09,
IN012020100,2025-01-10,
IN012020100,2025-01-11,
IN012020100,2025-01-12,
IN012020100,2025-01-13,
IN012020100,2025-01-14,
IN012020100,2025-01-15,
IN012020100,2025-01-16,
IN012020100,2025-01-17,
IN012020100,2025-01-18,
IN012020100,2025-01-19,
IN012020100,2025-01-20,
IN012020100,2025-01-21,
IN012020100,2025-01-22,
IN012020100,2025-01-23,
IN012020100,2025-01-24,
IN012020100,2025-01-25,
IN012020100,2025-01-26,
IN012020100,2025-01-27,
IN012020100,2025-01-28,
IN012020100,2025-01-29,
IN012020100,2025-01-30,
IN012020100,2025-01-31,
IN012020100,2025-02-01,
IN012020100,2025-02-02,
IN012020100,2025-02-03,
IN012020100,2025-02-04,
IN012020100,2025-02-05,
IN012020100,2025-02-06,
IN012020100,2025-02-07,
IN012020100,2025-02-08,
IN012020100,2025-02-09,
IN012020100,2025-02-10,
IN012020100,2025-02-11,
IN012020100,2025-02-12,
IN012020100,2025-02-13,
IN012020100,2025-02-14,
IN012020100,2025-02-15,
IN012020100,2025-02-16,
IN012020100,2025-02-17,
IN012020100,2025-02-18,
IN012020100,2025-02-19,
IN012020100,2025-02-20,
IN012020100,2025-02-21,
IN012020100,2025-02-22,
IN012020100,2025-02-23,
IN012020100,2025-02-24,
IN012020100,2025-02-25,
IN012020100,2025-02-26,
IN012020100,2025-02-27,
IN012020100,2025-03-01,
IN012020100,2025-03-02,
IN012020100,2025-03-03,
IN012020100,2025-03-04,
IN012020100,2025-03-05,
IN012020100,2025-03-06,
IN012020100,2025-03-07,
IN012020100,2025-03-08,
IN012020100,2025-03-09,
IN012020100,2025-03-10,
IN012020100,2025-03-11,
IN012020100,2025-03-12,
IN012020100,2025-03-13,
IN012020100,2025-03-14,
IN012020100,2025-03-15,
IN012020100,2025-03-16,
IN012020100,2025-03-17,
IN012020100,2025-03-18,
IN012020100,2025-03-19,
IN012020100,2025-03-20,
IN012020100,2025-03-21,
IN012020100,2025-03-22,
IN012020100,2025-03-23,
IN012020100,2025-03-24,
IN012020100,2025-03-25,
IN012020100,2025-03-26,
IN012020100,2025-03-27,
IN012020100,2025-03-28,
IN012020100,2025-03-29,
IN012020100,2025-03-30,
IN012020100,2025-03-31,
IN012020100,2025-04-01,
IN012020100,2025-04-02,
IN012020100,2025-04-03,
IN012020100,2025-04-04,
IN012020100,2025-04-05,
IN012020100,2025-04-06,
IN012020100,2025-04-07,
IN012020100,2025-04-08,
IN012020100,2025-04-09,
IN012020100,2025-04-10,
IN012020100,2025-04-11,
IN012020100,2025-04-12,
IN012020100,2025-04-13,
IN012020100,2025-04-14,
IN012020100,2025-04-15,
IN012020100,2025-04-16,
IN012020100,2025-04-17,
IN012020100,2025-04-18,
IN012020100,2025-04-19,
IN012020100,2025-04-20,
IN012020100,2025-04-21,
IN012020100,2025-04-22,
IN012020100,2025-04-23,
IN012020100,2025-04-24,
IN012020100,2025-04-25,
IN012020100,2025-04-26,
IN012020100,2025-04-27,
IN012020100,2025-04-28,
IN012020100,2025-04-29,
IN012020100,2025-04-30,
IN012020100,2025-05-01,
IN012020100,2025-05-02,
IN012020100,2025-05-03,
IN012020100,2025-05-04,
IN012020100,2025-05-05,
IN012020100,2025-05-06,
IN012020100,2025-05-07,
IN012020100,2025-05-08,
IN012020100,2025-05-09,
IN012020100,2025-05-10,
IN012020100,2025-05-11,
IN012020100,2025-05-12,
IN012020100,2025-05-13,
IN012020100,2025-05-14,
IN012020100,2025-05-15,
IN012020100,2025-05-16,
IN012020100,2025-05-17,
IN012020100,2025-05-18,
IN012020100,2025-05-19,
IN012020100,2025-05-20,
IN012020100,2025-05-21,
IN012020100,2025-05-22,
IN012020100,2025-05-23,
IN012020100,2025-05-24,
IN012020100,2025-05-25,
IN012020100,2025-05-26,
IN012020100,2025-05-27,
IN012020100,2025-05-28,
IN012020100,2025-05-29,
IN012020100,2025-05-30,
IN012020100,2025-05-31,
IN012020100,2025-06-01,
IN012020100,2025-06-02,
IN012020100,2025-06-03,
IN012020100,2025-06-04,
IN012020100,2025-06-05,
IN012020100,2025-06-06,
IN012020100,2025-06-07,
IN012020100,2025-06-08,
IN012020100,2025-06-09,
IN012020100,2025-06-10,
IN012020100,2025-06-11,
IN012020100,2025-06-12,
IN012020100,2025-06-13,
IN012020100,2025-06-14,
IN012020100,2025-06-15,
IN012020100,2025-06-16,
IN012020100,2025-06-17,
IN012020100,2025-06-18,
IN012020100,2025-06-19,
IN012020100,2025-06-20,
IN012020100,2025-06-21,
IN012020100,2025-06-22,
IN012020100,2025-06-23,
IN012020100,2025-06-24,
IN012020100,2025-06-25,
IN012020100,2025-06-26,
IN012020100,2025-06-27,
IN012020100,2025-06-28,
IN012020100,2025-06-29,
IN012020100,2025-06-30,
IN012020100,2025-07-01,
IN012020100,2025-07-02,
IN012020100,2025-07-03,
IN012020100,2025-07-04,
IN012020100,2025-07-05,
IN012020100,2025-07-06,
IN012020100,2025-07-07,
IN012020100,2025-07-08,
IN012020100,2025-07-09,
IN012020100,2025-07-10,
IN012020100,2025-07-11,
IN012020100,2025-07-12,
IN012020100,2025-07-13,
IN012020100,2025-07-14,
IN012020100,2025-07-15,
IN012020100,2025-07-16,
IN012020100,2025-07-17,
IN012020100,2025-07-18,
IN012020100,2025-07-19,
IN012020100,2025-07-20,
IN012020100,2025-07-21,
IN012020100,2025-07-22,
IN012020100,2025-07-23,
IN012020100,2025-07-24,
IN012020100,2025-07-25,
IN012020100,2025-07-26,
IN012020100,2025-07-27,
IN012020100,2025-07-29,
IN012020100,2025-07-30,
IN012020100,2025-07-31,
IN012020100,2025-08-01,
IN012020100,2025-08-02,
IN012020100,2025-08-03,
IN012020100,2025-08-04,
IN012020100,2025-08-05,
IN012020100,2025-08-06,
IN012020100,2025-08-07,
IN012020100,2025-08-08,
IN012020100,2025-08-09,
IN012020100,2025-08-10,
IN012020100,2025-08-11,
IN012020100,2025-08-12,
IN012020100,2025-08-13,
IN012020100,2025-08-14,
IN012020100,2025-08-15,
IN012020100,2025-08-16,
IN012020100,2025-08-17,
IN012020100,2025-08-18,
IN012020100,2025-08-19,
IN012020100,2025-08-20,
IN012020100,2025-08-21,
IN012020100,2025-08-22,
IN012020100,2025-08-23,
IN012020100,2025-08-24,
IN012020100,2025-08-25,
IN012020100,2025-08-26,
IN012020100,2025-08-27,
IN012020100,2025-08-28,
IN012020100,2025-08-29,
IN012020100,2025-09-03,
IN012020100,2025-09-04,
IN012020100,2025-09-05,
IN012020100,2025-09-06,
IN012020100,2025-09-07,
IN012020100,2025-09-08,
IN012020100,2025-09-09,
IN012020100,2025-09-10,
IN012020100,2025-09-11,
IN012020100,2025-09-12,
IN012020100,2025-09-13,
IN012020100,2025-09-14,
IN012020100,2025-09-15,
IN012020100,2025-09-16,
IN012020100,2025-09-17,
IN012020100,2025-09-18,
IN012020100,2025-09-19,
IN012020100,2025-09-20,
IN012020100,2025-09-21,
IN012020100,2025-09-22,
IN012020100,2025-09-23,
IN012020100,2025-09-24,
IN012020100,2025-09-25,
IN012020100,2025-09-26,
IN012020100,2025-09-27,
IN012020100,2025-09-28,
IN012020100,2025-09-29,
IN012020100,2025-09-30,
IN012020100,2025-10-01,
IN012020100,2025-10-02,
IN012020100,2025-10-03,
IN012020100,2025-10-04,
IN012020100,2025-10-05,
IN012020100,2025-10-06,
IN012020100,2025-10-07,
IN012020100,2025-10-08,
IN012020100,2025-10-09,
IN012020100,2025-10-10,
IN012020100,2025-10-11,
IN012020100,2025-10-12,
IN012020100,2025-10-13,
IN012020100,2025-10-14,
IN012020100,2025-10-15,
IN012020100,2025-10-16,
IN012020100,2025-10-17,
IN012020100,2025-10-18,
IN012020100,2025-10-19,
IN012020100,2025-10-20,
IN012020100,2025-10-21,
IN012020100,2025-10-22,
IN012020100,2025-10-23,
IN012020100,2025-10-24,
IN012020100,2025-10-25,
IN012020100,2025-10-26,
IN012020100,2025-10-27,
IN012020100,2025-10-28,
IN012020100,2025-10-29,
IN012020100,2025-10-30,
IN012020100,2025-10-31,
IN012020100,2025-11-01,
IN012020100,2025-11-02,
IN012020100,2025-11-03,
IN012020100,2025-11-04,
IN012020100,2025-11-05,
IN012020100,2025-11-06,
IN012020100,2025-11-07,
IN012020100,2025-11-08,
IN012020100,2025-11-09,
IN012020100,2025-11-10,
IN012020100,2025-11-11,
IN012020100,2025-11-12,
IN012020100,2025-11-13,
IN012020100,2025-11-14,
IN012020100,2025-11-15,
IN012020100,2025-11-16,
IN012020100,2025-11-17,
IN012020100,2025-11-18,
IN012020100,2025-11-19,
IN012020100,2025-11-20,
IN012020100,2025-11-21,
IN012020100,2025-11-22,
IN012020100,2025-11-23,
IN012020100,2025-11-24,
IN012020100,2025-11-25,
IN012020100,2025-11-26,
IN012020100,2025-11-27,
IN012020100,2025-11-28,
IN012020100,2025-11-29,
IN012020100,2025-11-30,
IN012020100,2025-12-01,
IN012020100,2025-12-02,
IN012020100,2025-12-03,
IN012020100,2025-12-04,
IN012020100,2025-12-05,
IN012020100,2025-12-06,
IN012020100,2025-12-07,
IN012020100,2025-12-08,
IN012020100,2025-12-09,
IN012020100,2025-12-10,
IN012020100,2025-12-11,
IN012020100,2025-12-12,
IN012020100,2025-12-13,
IN012020100,2025-12-14,
IN012020100,2025-12-15,
IN012020100,2025-12-16,
IN012020100,2025-12-17,
IN012020100,2025-12-18,
IN012020100,2025-12-19,
IN012020100,2025-12-20,
IN012020100,2025-12-21,
IN012020100,2025-12-22,
IN012020100,2025-12-23,
IN012020100,2025-12-24,
IN012020100,2025-12-25,
IN012020100,2025-12-26,
IN012020100,2025-12-27,
IN012020100,2025-12-28,
IN012020100,2025-12-29,
IN012020100,2025-12-30,
IN012020100,2025-12-31,
IN018103100,2025-01-01,13.11
IN018103100,2025-01-02,14.0
IN018103100,2025-01-03,16.39
IN018103100,2025-01-04,17.39
IN018103100,2025-01-05,18.39
IN018103100,2025-01-06,19.0
IN018103100,2025-01-07,18.22
IN018103100,2025-01-08,18.0
IN018103100,2025-01-09,18.72
IN018103100,2025-01-10,15.39
IN018103100,2025-01-11,15.78
IN018103100,2025-01-12,16.72
IN018103100,2025-01-13,20.61
IN018103100,2025-01-14,21.5
IN018103100,2025-01-15,21.22
IN018103100,2025-01-16,17.0
IN018103100,2025-01-17,18.0
IN018103100,2025-01-18,18.0
IN018103100,2025-01-19,22.0
IN018103100,2025-01-20,24.0
IN018103100,2025-01-21,25.0
IN018103100,2025-01-22,23.0
IN018103100,2025-01-23,24.61
IN018103100,2025-01-24,22.89
IN018103100,2025-01-25,23.28
IN018103100,2025-01-26,23.11
IN018103100,2025-01-27,23.61
IN018103100,2025-01-28,22.78
IN018103100,2025-01-29,23.72
IN018103100,2025-01-30,22.61
IN018103100,2025-01-31,23.0
IN018103100,2025-02-01,22.28
IN018103100,2025-02-02,21.61
IN018103100,2025-02-03,22.5
IN018103100,2025-02-04,20.22
IN018103100,2025-02-05,21.61
IN018103100,2025-02-06,23.22
IN018103100,2025-02-07,22.5
IN018103100,2025-02-08,23.22
IN018103100,2025-02-09,25.39
IN018103100,2025-02-10,26.61
IN018103100,2025-02-11,27.11
IN018103100,2025-02-12,26.61
IN018103100,2025-02-13,25.22
IN018103100,2025-02-14,24.0
IN018103100,2025-02-15,24.78
IN018103100,2025-02-16,26.11
IN018103100,2025-02-17,27.22
IN018103100,2025-02-18,28.0
IN018103100,2025-02-19,27.72
IN018103100,2025-02-20,27.78
IN018103100,2025-02-21,24.5
IN018103100,2025-02-22,24.5
IN018103100,2025-02-23,24.61
IN018103100,2025-02-24,25.72
IN018103100,2025-02-25,26.11
IN018103100,2025-02-26,28.61
IN018103100,2025-02-27,29.11
IN018103100,2025-02-28,21.61
IN018103100,2025-03-01,23.0
IN018103100,2025-03-02,24.61
IN018103100,2025-03-03,25.0
IN018103100,2025-03-04,26.22
IN018103100,2025-03-05,25.22
IN018103100,2025-03-06,25.0
IN018103100,2025-03-07,26.61
IN018103100,2025-03-08,27.61
IN018103100,2025-03-09,28.61
IN018103100,2025-03-10,28.28
IN018103100,2025-03-11,30.78
IN018103100,2025-03-12,31.61
IN018103100,2025-03-13,32.39
IN018103100,2025-03-14,31.5
IN018103100,2025-03-15,30.89
IN018103100,2025-03-16,27.78
IN018103100,2025-03-17,28.61
IN018103100,2025-03-18,28.78
IN018103100,2025-03-19,30.0
IN018103100,2025-03-20,30.78
IN018103100,2025-03-21,31.61
IN018103100,2025-03-22,31.61
IN018103100,2025-03-23,32.28
IN018103100,2025-03-24,31.78
IN018103100,2025-03-25,32.28
IN018103100,2025-03-26,34.78
IN018103100,2025-03-27,36.22
IN018103100,2025-03-28,34.72
IN018103100,2025-03-29,29.22
IN018103100,2025-03-30,30.39
IN018103100,2025-03-31,32.61
IN018103100,2025-04-01,33.39
IN018103100,2025-04-02,34.61
IN018103100,2025-04-03,37.0
IN018103100,2025-04-04,37.22
IN018103100,2025-04-05,36.22
IN018103100,2025-04-06,37.61
IN018103100,2025-04-07,38.39
IN018103100,2025-04-08,38.72
IN018103100,2025-04-09,38.0
IN018103100,2025-04-10,39.5
IN018103100,2025-04-11,39.78
IN018103100,2025-04-12,34.39
IN018103100,2025-04-13,36.39
IN018103100,2025-04-14,36.39
IN018103100,2025-04-15,36.28
IN018103100,2025-04-16,36.78
IN018103100,2025-04-17,38.0
IN018103100,2025-04-18,39.78
IN018103100,2025-04-19,38.78
IN018103100,2025-04-20,37.61
IN018103100,2025-04-21,38.0
IN018103100,2025-04-22,39.11
IN018103100,2025-04-23,39.5
IN018103100,2025-04-24,41.0
IN018103100,2025-04-25,41.39
IN018103100,2025-04-26,
IN018103100,2025-04-27,42.78
IN018103100,2025-04-28,42.0
IN018103100,2025-04-29,40.28
IN018103100,2025-04-30,36.28
IN018103100,2025-05-01,36.39
IN018103100,2025-05-02,36.5
IN018103100,2025-05-03,35.0
IN018103100,2025-05-04,35.61
IN018103100,2025-05-05,36.39
IN018103100,2025-05-06,33.39
IN018103100,2025-05-07,35.0
IN018103100,2025-05-08,37.0
IN018103100,2025-05-09,37.0
IN018103100,2025-05-10,37.39
IN018103100,2025-05-11,38.22
IN018103100,2025-05-12,39.39
IN018103100,2025-05-13,39.39
IN018103100,2025-05-14,41.0
IN018103100,2025-05-15,41.39
IN018103100,2025-05-16,42.39
IN018103100,2025-05-17,40.72
IN018103100,2025-05-18,42.61
IN018103100,2025-05-19,40.0
IN018103100,2025-05-20,41.0
IN018103100,2025-05-21,39.78
IN018103100,2025-05-22,40.39
IN018103100,2025-05-23,36.78
IN018103100,2025-05-24,37.5
IN018103100,2025-05-25,38.22
IN018103100,2025-05-26,36.0
IN018103100,2025-05-27,36.78
IN018103100,2025-05-28,39.78
IN018103100,2025-05-29,41.39
IN018103100,2025-05-30,42.22
IN018103100,2025-05-31,39.39
IN018103100,2025-06-01,40.5
IN018103100,2025-06-02,39.39
IN018103100,2025-06-03,36.78
IN018103100,2025-06-04,35.0
IN018103100,2025-06-05,36.0
IN018103100,2025-06-06,37.39
IN018103100,2025-06-07,39.39
IN018103100,2025-06-08,42.0
IN018103100,2025-06-09,43.5
IN018103100,2025-06-10,43.89
IN018103100,2025-06-11,44.5
IN018103100,2025-06-12,43.61
IN018103100,2025-06-13,43.5
IN018103100,2025-06-14,41.61
IN018103100,2025-06-15,42.61
IN018103100,2025-06-16,34.11
IN018103100,2025-06-17,35.61
IN018103100,2025-06-18,34.61
IN018103100,2025-06-19,36.0
IN018103100,2025-06-20,37.11
IN018103100,2025-06-21,36.0
IN018103100,2025-06-22,36.78
IN018103100,2025-06-23,36.39
IN018103100,2025-06-24,37.22
IN018103100,2025-06-25,33.11
IN018103100,2025-06-26,33.78
IN018103100,2025-06-27,36.0
IN018103100,2025-06-28,36.78
IN018103100,2025-06-29,35.0
IN018103100,2025-06-30,30.22
IN018103100,2025-07-01,30.28
IN018103100,2025-07-02,35.22
IN018103100,2025-07-03,35.72
IN018103100,2025-07-04,35.39
IN018103100,2025-07-05,35.28
IN018103100,2025-07-06,34.78
IN018103100,2025-07-07,34.0
IN018103100,2025-07-08,35.5
IN018103100,2025-07-09,33.5
IN018103100,2025-07-10,34.61
IN018103100,2025-07-11,33.39
IN018103100,2025-07-12,32.78
IN018103100,2025-07-13,36.0
IN018103100,2025-07-14,36.22
IN018103100,2025-07-15,33.78
IN018103100,2025-07-16,34.22
IN018103100,2025-07-17,31.78
IN018103100,2025-07-18,32.61
IN018103100,2025-07-19,33.61
IN018103100,2025-07-20,34.61
IN018103100,2025-07-21,35.39
IN018103100,2025-07-22,30.11
IN018103100,2025-07-23,32.0
IN018103100,2025-07-24,35.0
IN018103100,2025-07-25,37.22
IN018103100,2025-07-26,37.22
IN018103100,2025-07-27,36.0
IN018103100,2025-07-28,34.78
IN018103100,2025-07-29,28.22
IN018103100,2025-07-30,30.78
IN018103100,2025-07-31,31.72
IN018103100,2025-08-01,29.61
IN018103100,2025-08-02,30.61
IN018103100,2025-08-03,33.39
IN018103100,2025-08-04,34.78
IN018103100,2025-08-05,33.28
IN018103100,2025-08-06,32.0
IN018103100,2025-08-07,34.78
IN018103100,2025-08-08,35.61
IN018103100,2025-08-09,35.61
IN018103100,2025-08-10,34.5
IN018103100,2025-08-11,35.5
IN018103100,2025-08-12,31.5
IN018103100,2025-08-13,35.39
IN018103100,2025-08-14,35.78
IN018103100,2025-08-15,32.0
IN018103100,2025-08-16,33.78
IN018103100,2025-08-17,32.89
IN018103100,2025-08-18,31.39
IN018103100,2025-08-19,34.78
IN018103100,2025-08-20,35.5
IN018103100,2025-08-21,34.0
IN018103100,2025-08-22,35.28
IN018103100,2025-08-23,35.28
IN018103100,2025-08-24,33.0
IN018103100,2025-08-25,
IN018103100,2025-08-26,
IN018103100,2025-08-27,
IN018103100,2025-08-28,
IN018103100,2025-08-29,
IN018103100,2025-08-30,
IN018103100,2025-08-31,
IN018103100,2025-09-01,
IN018103100,2025-09-02,
IN018103100,2025-09-03,
IN018103100,2025-09-04,
IN018103100,2025-09-05,
IN018103100,2025-09-06,
IN018103100,2025-09-07,
IN018103100,2025-09-08,
IN018103100,2025-09-09,
IN018103100,2025-09-10,
IN018103100,2025-09-11,
IN018103100,2025-09-12,
IN018103100,2025-09-13,
IN018103100,2025-09-14,
IN018103100,2025-09-15,
IN018103100,2025-09-16,
IN018103100,2025-09-17,
IN018103100,2025-09-18,
IN018103100,2025-09-19,
IN018103100,2025-09-20,
IN018103100,2025-09-21,
IN018103100,2025-09-22,
IN018103100,2025-09-23,
IN018103100,2025-09-24,
IN018103100,2025-09-25,
IN018103100,2025-09-26,
IN018103100,2025-09-27,
IN018103100,2025-09-28,
IN018103100,2025-09-29,
IN018103100,2025-09-30,
IN018103100,2025-10-01,
IN018103100,2025-10-02,
IN018103100,2025-10-03,
IN018103100,2025-10-04,
IN018103100,2025-10-05,
IN018103100,2025-10-06,
IN018103100,2025-10-07,
IN018103100,2025-10-08,
IN018103100,2025-10-09,
IN018103100,2025-10-10,
IN018103100,2025-10-11,
IN018103100,2025-10-12,
IN018103100,2025-10-13,
IN018103100,2025-10-14,
IN018103100,2025-10-15,
IN018103100,2025-10-16,
IN018103100,2025-10-17,
IN018103100,2025-10-18,
IN018103100,2025-10-19,
IN018103100,2025-10-20,
IN018103100,2025-10-21,
IN018103100,2025-10-22,
IN018103100,2025-10-23,
IN018103100,2025-10-24,
IN018103100,2025-10-25,
IN018103100,2025-10-26,
IN018103100,2025-10-27,
IN018103100,2025-10-28,
IN018103100,2025-10-29,
IN018103100,2025-10-30,
IN018103100,2025-10-31,
IN018103100,2025-11-01,
IN018103100,2025-11-02,
IN018103100,2025-11-03,
IN018103100,2025-11-04,
IN018103100,2025-11-05,
IN018103100,2025-11-06,
IN018103100,2025-11-07,
IN018103100,2025-11-08,
IN018103100,2025-11-09,
IN018103100,2025-11-10,
IN018103100,2025-11-11,
IN018103100,2025-11-12,
IN018103100,2025-11-13,
IN018103100,2025-11-14,
IN018103100,2025-11-15,
IN018103100,2025-11-16,
IN018103100,2025-11-17,
IN018103100,2025-11-18,
IN018103100,2025-11-19,
IN018103100,2025-11-20,
IN018103100,2025-11-21,
IN018103100,2025-11-22,
IN018103100,2025-11-23,
IN018103100,2025-11-24,
IN018103100,2025-11-25,
IN018103100,2025-11-26,
IN018103100,2025-11-27,
IN018103100,2025-11-28,
IN018103100,2025-11-29,
IN018103100,2025-11-30,
IN018103100,2025-12-01,
IN018103100,2025-12-02,
IN018103100,2025-12-03,
IN018103100,2025-12-04,
IN018103100,2025-12-05,
IN018103100,2025-12-06,
IN018103100,2025-12-07,
IN018103100,2025-12-08,
IN018103100,2025-12-09,
IN018103100,2025-12-10,
IN018103100,2025-12-11,
IN018103100,2025-12-12,
IN018103100,2025-12-13,
IN018103100,2025-12-14,
IN018103100,2025-12-15,
IN018103100,2025-12-16,
IN018103100,2025-12-17,
IN018103100,2025-12-18,
IN018103100,2025-12-19,
IN018103100,2025-12-20,
IN018103100,2025-12-21,
IN018103100,2025-12-22,
IN018103100,2025-12-23,
IN018103100,2025-12-24,
IN018103100,2025-12-25,
IN018103100,2025-12-26,
IN018103100,2025-12-27,
IN018103100,2025-12-28,
IN018103100,2025-12-29,
IN018103100,2025-12-30,
IN018103100,2025-12-31,
IN099999901,2025-01-01,30.5
IN099999901,2025-01-02,30.0
IN099999901,2025-01-03,29.72
IN099999901,2025-01-04,30.0
IN099999901,2025-01-05,30.39
IN099999901,2025-01-06,29.78
IN099999901,2025-01-07,30.61
IN099999901,2025-01-08,29.22
IN099999901,2025-01-09,29.78
IN099999901,2025-01-10,29.22
IN099999901,2025-01-11,29.78
IN099999901,2025-01-12,28.78
IN099999901,2025-01-13,29.5
IN099999901,2025-01-14,29.61
IN099999901,2025-01-15,29.78
IN099999901,2025-01-16,29.61
IN099999901,2025-01-17,30.11
IN099999901,2025-01-18,30.5
IN099999901,2025-01-19,30.22
IN099999901,2025-01-20,30.22
IN099999901,2025-01-21,30.0
IN099999901,2025-01-22,29.61
IN099999901,2025-01-23,30.22
IN099999901,2025-01-24,29.89
IN099999901,2025-01-25,29.61
IN099999901,2025-01-26,30.39
IN099999901,2025-01-27,29.22
IN099999901,2025-01-28,30.0
IN099999901,2025-01-29,30.39
IN099999901,2025-01-30,30.39
IN099999901,2025-01-31,29.78
IN099999901,2025-02-01,30.61
IN099999901,2025-02-02,30.28
IN099999901,2025-02-03,29.61
IN099999901,2025-02-04,29.39
IN099999901,2025-02-05,30.72
IN099999901,2025-02-06,30.28
IN099999901,2025-02-07,30.39
IN099999901,2025-02-08,30.39
IN099999901,2025-02-09,31.0
IN099999901,2025-02-10,31.0
IN099999901,2025-02-11,30.0
IN099999901,2025-02-12,32.28
IN099999901,2025-02-13,30.5
IN099999901,2025-02-14,29.61
IN099999901,2025-02-15,30.39
IN099999901,2025-02-16,30.5
IN099999901,2025-02-17,30.61
IN099999901,2025-02-18,29.78
IN099999901,2025-02-19,29.61
IN099999901,2025-02-20,30.61
IN099999901,2025-02-21,30.78
IN099999901,2025-02-22,32.11
IN099999901,2025-02-23,30.78
IN099999901,2025-02-24,31.61
IN099999901,2025-02-25,30.22
IN099999901,2025-02-26,29.39
IN099999901,2025-02-27,30.78
IN099999901,2025-02-28,31.22
IN099999901,2025-03-01,30.78
IN099999901,2025-03-02,30.61
IN099999901,2025-03-03,32.28
IN099999901,2025-03-04,32.22
IN099999901,2025-03-05,33.5
IN099999901,2025-03-06,31.78
IN099999901,2025-03-07,32.39
IN099999901,2025-03-08,31.72
IN099999901,2025-03-09,30.61
IN099999901,2025-03-10,31.5
IN099999901,2025-03-11,32.72
IN099999901,2025-03-12,32.22
IN099999901,2025-03-13,34.0
IN099999901,2025-03-14,31.78
IN099999901,2025-03-15,31.0
IN099999901,2025-03-16,31.61
IN099999901,2025-03-17,31.61
IN099999901,2025-03-18,31.61
IN099999901,2025-03-19,32.39
IN099999901,2025-03-20,31.61
IN099999901,2025-03-21,31.78
IN099999901,2025-03-22,31.0
IN099999901,2025-03-23,31.72
IN099999901,2025-03-24,32.28
IN099999901,2025-03-25,31.78
IN099999901,2025-03-26,32.0
IN099999901,2025-03-27,30.78
IN099999901,2025-03-28,32.78
IN099999901,2025-03-29,30.39
IN099999901,2025-03-30,31.61
IN099999901,2025-03-31,30.78
IN099999901,2025-04-01,32.22
IN099999901,2025-04-02,32.5
IN099999901,2025-04-03,32.28
IN099999901,2025-04-04,26.0
IN099999901,2025-04-05,31.0
IN099999901,2025-04-06,29.61
IN099999901,2025-04-07,30.39
IN099999901,2025-04-08,31.0
IN099999901,2025-04-09,31.61
IN099999901,2025-04-10,30.61
IN099999901,2025-04-11,31.39
IN099999901,2025-04-12,31.39
IN099999901,2025-04-13,31.61
IN099999901,2025-04-14,31.61
IN099999901,2025-04-15,30.61
IN099999901,2025-04-16,28.61
IN099999901,2025-04-17,30.39
IN099999901,2025-04-18,32.0
IN099999901,2025-04-19,31.39
IN099999901,2025-04-20,31.22
IN099999901,2025-04-21,31.11
IN099999901,2025-04-22,31.22
IN099999901,2025-04-23,31.22
IN099999901,2025-04-24,31.39
IN099999901,2025-04-25,31.39
IN099999901,2025-04-26,32.22
IN099999901,2025-04-27,32.0
IN099999901,2025-04-28,31.0
IN099999901,2025-04-29,31.78
IN099999901,2025-04-30,31.22
IN099999901,2025-05-01,31.0
IN099999901,2025-05-02,32.0
IN099999901,2025-05-03,30.0
IN099999901,2025-05-04,31.22
IN099999901,2025-05-05,31.61
IN099999901,2025-05-06,32.61
IN099999901,2025-05-07,32.5
IN099999901,2025-05-08,31.0
IN099999901,2025-05-09,31.61
IN099999901,2025-05-10,31.61
IN099999901,2025-05-11,33.11
IN099999901,2025-05-12,30.78
IN099999901,2025-05-13,31.39
IN099999901,2025-05-14,31.39
IN099999901,2025-05-15,31.0
IN099999901,2025-05-16,31.0
IN099999901,2025-05-17,30.5
IN099999901,2025-05-18,31.11
IN099999901,2025-05-19,31.39
IN099999901,2025-05-20,31.22
IN099999901,2025-05-21,31.5
IN099999901,2025-05-22,30.39
IN099999901,2025-05-23,31.0
IN099999901,2025-05-24,28.0
IN099999901,2025-05-25,27.61
IN099999901,2025-05-26,30.5
IN099999901,2025-05-27,31.0
IN099999901,2025-05-28,31.39
IN099999901,2025-05-29,31.39
IN099999901,2025-05-30,32.0
IN099999901,2025-05-31,31.61
IN099999901,2025-06-01,30.39
IN099999901,2025-06-02,31.0
IN099999901,2025-06-03,29.78
IN099999901,2025-06-04,31.39
IN099999901,2025-06-05,31.0
IN099999901,2025-06-06,30.22
IN099999901,2025-06-07,31.22
IN099999901,2025-06-08,25.22
IN099999901,2025-06-09,29.0
IN099999901,2025-06-10,28.61
IN099999901,2025-06-11,31.0
IN099999901,2025-06-12,27.0
IN099999901,2025-06-13,29.5
IN099999901,2025-06-14,29.39
IN099999901,2025-06-15,29.0
IN099999901,2025-06-16,30.39
IN099999901,2025-06-17,30.22
IN099999901,2025-06-18,28.78
IN099999901,2025-06-19,26.61
IN099999901,2025-06-20,29.5
IN099999901,2025-06-21,26.78
IN099999901,2025-06-22,28.61
IN099999901,2025-06-23,28.78
IN099999901,2025-06-24,29.5
IN099999901,2025-06-25,30.39
IN099999901,2025-06-26,30.22
IN099999901,2025-06-27,29.61
IN099999901,2025-06-28,27.78
IN099999901,2025-06-29,27.61
IN099999901,2025-06-30,29.61
IN099999901,2025-07-01,29.11
IN099999901,2025-07-02,30.39
IN099999901,2025-07-03,29.28
IN099999901,2025-07-04,29.0
IN099999901,2025-07-05,30.39
IN099999901,2025-07-06,30.0
IN099999901,2025-07-07,30.39
IN099999901,2025-07-08,31.39
IN099999901,2025-07-09,30.61
IN099999901,2025-07-10,29.22
IN099999901,2025-07-11,31.0
IN099999901,2025-07-12,31.0
IN099999901,2025-07-13,30.22
IN099999901,2025-07-14,31.39
IN099999901,2025-07-15,27.39
IN099999901,2025-07-16,28.39
IN099999901,2025-07-17,29.61
IN099999901,2025-07-18,29.78
IN099999901,2025-07-19,28.78
IN099999901,2025-07-20,27.22
IN099999901,2025-07-21,29.39
IN099999901,2025-07-22,30.22
IN099999901,2025-07-23,30.39
IN099999901,2025-07-24,30.39
IN099999901,2025-07-25,30.5
IN099999901,2025-07-26,29.61
IN099999901,2025-07-27,31.0
IN099999901,2025-07-28,28.78
IN099999901,2025-07-29,31.0
IN099999901,2025-07-30,31.39
IN099999901,2025-07-31,31.22
IN099999901,2025-08-01,31.22
IN099999901,2025-08-02,31.5
IN099999901,2025-08-03,30.22
IN099999901,2025-08-04,31.61
IN099999901,2025-08-05,31.11
IN099999901,2025-08-06,30.78
IN099999901,2025-08-07,31.22
IN099999901,2025-08-08,30.5
IN099999901,2025-08-09,30.78
IN099999901,2025-08-10,31.5
IN099999901,2025-08-11,29.72
IN099999901,2025-08-12,28.61
IN099999901,2025-08-13,30.5
IN099999901,2025-08-14,29.39
IN099999901,2025-08-15,27.11
IN099999901,2025-08-16,27.22
IN099999901,2025-08-17,28.61
IN099999901,2025-08-18,27.22
IN099999901,2025-08-19,29.0
IN099999901,2025-08-20,30.61
IN099999901,2025-08-21,31.0
IN099999901,2025-08-22,29.0
IN099999901,2025-08-23,30.11
IN099999901,2025-08-24,30.61
IN099999901,2025-08-25,
IN099999901,2025-08-26,
IN099999901,2025-08-27,
IN099999901,2025-08-28,
IN099999901,2025-08-29,
IN099999901,2025-08-30,
IN099999901,2025-08-31,
IN099999901,2025-09-01,
IN099999901,2025-09-02,
IN099999901,2025-09-03,
IN099999901,2025-09-04,
IN099999901,2025-09-05,
IN099999901,2025-09-06,
IN099999901,2025-09-07,
IN099999901,2025-09-08,
IN099999901,2025-09-09,
IN099999901,2025-09-10,
IN099999901,2025-09-11,
IN099999901,2025-09-12,
IN099999901,2025-09-13,
IN099999901,2025-09-14,
IN099999901,2025-09-15,
IN099999901,2025-09-16,
IN099999901,2025-09-17,
IN099999901,2025-09-18,
IN099999901,2025-09-19,
IN099999901,2025-09-20,
IN099999901,2025-09-21,
IN099999901,2025-09-22,
IN099999901,2025-09-23,
IN099999901,2025-09-24,
IN099999901,2025-09-25,
IN099999901,2025-09-26,
IN099999901,2025-09-27,
IN099999901,2025-09-28,
IN099999901,2025-09-29,
IN099999901,2025-09-30,
IN099999901,2025-10-01,
IN099999901,2025-10-02,
IN099999901,2025-10-03,
IN099999901,2025-10-04,
IN099999901,2025-10-05,
IN099999901,2025-10-06,
IN099999901,2025-10-07,
IN099999901,2025-10-08,
IN099999901,2025-10-09,
IN099999901,2025-10-10,
IN099999901,2025-10-11,
IN099999901,2025-10-12,
IN099999901,2025-10-13,
IN099999901,2025-10-14,
IN099999901,2025-10-15,
IN099999901,2025-10-16,
IN099999901,2025-10-17,
IN099999901,2025-10-18,
IN099999901,2025-10-19,
IN099999901,2025-10-20,
IN099999901,2025-10-21,
IN099999901,2025-10-22,
IN099999901,2025-10-23,
IN099999901,2025-10-24,
IN099999901,2025-10-25,
IN099999901,2025-10-26,
IN099999901,2025-10-27,
IN099999901,2025-10-28,
IN099999901,2025-10-29,
IN099999901,2025-10-30,
IN099999901,2025-10-31,
IN099999901,2025-11-01,
IN099999901,2025-11-02,
IN099999901,2025-11-03,
IN099999901,2025-11-04,
IN099999901,2025-11-05,
IN099999901,2025-11-06,
IN099999901,2025-11-07,
IN099999901,2025-11-08,
IN099999901,2025-11-09,
IN099999901,2025-11-10,
IN099999901,2025-11-11,
IN099999901,2025-11-12,
IN099999901,2025-11-13,
IN099999901,2025-11-14,
IN099999901,2025-11-15,
IN099999901,2025-11-16,
IN099999901,2025-11-17,
IN099999901,2025-11-18,
IN099999901,2025-11-19,
IN099999901,2025-11-20,
IN099999901,2025-11-21,
IN099999901,2025-11-22,
IN099999901,2025-11-23,
IN099999901,2025-11-24,
IN099999901,2025-11-25,
IN099999901,2025-11-26,
IN099999901,2025-11-27,
IN099999901,2025-11-28,
IN099999901,2025-11-29,
IN099999901,2025-11-30,
IN099999901,2025-12-01,
IN099999901,2025-12-02,
IN099999901,2025-12-03,
IN099999901,2025-12-04,
IN099999901,2025-12-05,
IN099999901,2025-12-06,
IN099999901,2025-12-07,
IN099999901,2025-12-08,
IN099999901,2025-12-09,
IN099999901,2025-12-10,
IN099999901,2025-12-11,
IN099999901,2025-12-12,
IN099999901,2025-12-13,
IN099999901,2025-12-14,
IN099999901,2025-12-15,
IN099999901,2025-12-16,
IN099999901,2025-12-17,
IN099999901,2025-12-18,
IN099999901,2025-12-19,
IN099999901,2025-12-20,
IN099999901,2025-12-21,
IN099999901,2025-12-22,
IN099999901,2025-12-23,
IN099999901,2025-12-24,
IN099999901,2025-12-25,
IN099999901,2025-12-26,
IN099999901,2025-12-27,
IN099999901,2025-12-28,
IN099999901,2025-12-29,
IN099999901,2025-12-30,
IN099999901,2025-12-31,
KG000038353,2025-01-01,6.5
KG000038353,2025-01-02,2.39
KG000038353,2025-01-03,7.0
KG000038353,2025-01-04,3.89
KG000038353,2025-01-05,3.0
KG000038353,2025-01-06,4.78
KG000038353,2025-01-07,6.5
KG000038353,2025-01-08,0.11
KG000038353,2025-01-09,0.11
KG000038353,2025-01-10,2.22
KG000038353,2025-01-11,3.61
KG000038353,2025-01-12,3.61
KG000038353,2025-01-13,7.0
KG000038353,2025-01-14,12.72
KG000038353,2025-01-15,13.11
KG000038353,2025-01-16,9.72
KG000038353,2025-01-17,7.0
KG000038353,2025-01-18,5.11
KG000038353,2025-01-19,2.22
KG000038353,2025-01-20,8.78
KG000038353,2025-01-21,10.28
KG000038353,2025-01-22,3.0
KG000038353,2025-01-23,-7.22
KG000038353,2025-01-24,-6.0
KG000038353,2025-01-25,3.0
KG000038353,2025-01-26,6.61
KG000038353,2025-01-27,10.5
KG000038353,2025-01-28,5.11
KG000038353,2025-01-29,2.0
KG000038353,2025-01-30,0.28
KG000038353,2025-01-31,-0.72
KG000038353,2025-02-01,0.5
KG000038353,2025-02-02,2.28
KG000038353,2025-02-03,2.5
KG000038353,2025-02-04,0.0
KG000038353,2025-02-05,3.89
KG000038353,2025-02-06,9.5
KG000038353,2025-02-07,12.28
KG000038353,2025-02-08,9.0
KG000038353,2025-02-09,7.22
KG000038353,2025-02-10,6.28
KG000038353,2025-02-11,2.61
KG000038353,2025-02-12,1.39
KG000038353,2025-02-13,0.72
KG000038353,2025-02-14,8.78
KG000038353,2025-02-15,6.61
KG000038353,2025-02-16,3.39
KG000038353,2025-02-17,5.22
KG000038353,2025-02-18,13.28
KG000038353,2025-02-19,11.28
KG000038353,2025-02-20,9.72
KG000038353,2025-02-21,13.22
KG000038353,2025-02-22,14.89
KG000038353,2025-02-23,18.61
KG000038353,2025-02-24,21.0
KG000038353,2025-02-25,14.39
KG000038353,2025-02-26,6.28
KG000038353,2025-02-27,2.28
KG000038353,2025-02-28,3.78
KG000038353,2025-03-01,7.72
KG000038353,2025-03-02,10.78
KG000038353,2025-03-03,1.0
KG000038353,2025-03-04,2.72
KG000038353,2025-03-05,7.72
KG000038353,2025-03-06,16.0
KG000038353,2025-03-07,6.61
KG000038353,2025-03-08,10.61
KG000038353,2025-03-09,12.22
KG000038353,2025-03-10,14.0
KG000038353,2025-03-11,16.72
KG000038353,2025-03-12,13.22
KG000038353,2025-03-13,15.0
KG000038353,2025-03-14,17.5
KG000038353,2025-03-15,15.22
KG000038353,2025-03-16,16.5
KG000038353,2025-03-17,20.0
KG000038353,2025-03-18,23.0
KG000038353,2025-03-19,26.39
KG000038353,2025-03-20,25.0
KG000038353,2025-03-21,26.11
KG000038353,2025-03-22,22.5
KG000038353,2025-03-23,24.22
KG000038353,2025-03-24,17.39
KG000038353,2025-03-25,8.28
KG000038353,2025-03-26,8.0
KG000038353,2025-03-27,6.61
KG000038353,2025-03-28,4.39
KG000038353,2025-03-29,10.72
KG000038353,2025-03-30,12.5
KG000038353,2025-03-31,16.89
KG000038353,2025-04-01,19.5
KG000038353,2025-04-02,18.78
KG000038353,2025-04-03,22.28
KG000038353,2025-04-04,27.0
KG000038353,2025-04-05,20.0
KG000038353,2025-04-06,23.0
KG000038353,2025-04-07,24.72
KG000038353,2025-04-08,23.72
KG000038353,2025-04-09,21.5
KG000038353,2025-04-10,21.89
KG000038353,2025-04-11,27.89
KG000038353,2025-04-12,26.72
KG000038353,2025-04-13,29.61
KG000038353,2025-04-14,22.0
KG000038353,2025-04-15,23.0
KG000038353,2025-04-16,15.11
KG000038353,2025-04-17,19.72
KG000038353,2025-04-18,17.0
KG000038353,2025-04-19,13.11
KG000038353,2025-04-20,18.78
KG000038353,2025-04-21,18.5
KG000038353,2025-04-22,17.11
KG000038353,2025-04-23,21.72
KG000038353,2025-04-24,21.5
KG000038353,2025-04-25,24.61
KG000038353,2025-04-26,27.0
KG000038353,2025-04-27,30.5
KG000038353,2025-04-28,33.72
KG000038353,2025-04-29,34.28
KG000038353,2025-04-30,22.5
KG000038353,2025-05-01,23.61
KG000038353,2025-05-02,25.61
KG000038353,2025-05-03,26.22
KG000038353,2025-05-04,30.5
KG000038353,2025-05-05,30.22
KG000038353,2025-05-06,30.22
KG000038353,2025-05-07,32.39
KG000038353,2025-05-08,34.28
KG000038353,2025-05-09,26.5
KG000038353,2025-05-10,27.39
KG000038353,2025-05-11,27.0
KG000038353,2025-05-12,28.0
KG000038353,2025-05-13,31.11
KG000038353,2025-05-14,32.61
KG000038353,2025-05-15,33.78
KG000038353,2025-05-16,35.22
KG000038353,2025-05-17,37.11
KG000038353,2025-05-18,21.22
KG000038353,2025-05-19,24.61
KG000038353,2025-05-20,27.0
KG000038353,2025-05-21,31.0
KG000038353,2025-05-22,35.72
KG000038353,2025-05-23,29.22
KG000038353,2025-05-24,26.5
KG000038353,2025-05-25,29.0
KG000038353,2025-05-26,24.39
KG000038353,2025-05-27,25.5
KG000038353,2025-05-28,19.22
KG000038353,2025-05-29,28.0
KG000038353,2025-05-30,24.22
KG000038353,2025-05-31,24.78
KG000038353,2025-06-01,26.0
KG000038353,2025-06-02,29.28
KG000038353,2025-06-03,30.78
KG000038353,2025-06-04,33.61
KG000038353,2025-06-05,34.5
KG000038353,2025-06-06,37.11
KG000038353,2025-06-07,27.5
KG000038353,2025-06-08,31.61
KG000038353,2025-06-09,35.0
KG000038353,2025-06-10,27.11
KG000038353,2025-06-11,31.22
KG000038353,2025-06-12,32.5
KG000038353,2025-06-13,28.0
KG000038353,2025-06-14,31.78
KG000038353,2025-06-15,33.89
KG000038353,2025-06-16,33.61
KG000038353,2025-06-17,35.0
KG000038353,2025-06-18,37.0
KG000038353,2025-06-19,39.39
KG000038353,2025-06-20,29.72
KG000038353,2025-06-21,34.5
KG000038353,2025-06-22,31.5
KG000038353,2025-06-23,36.78
KG000038353,2025-06-24,35.61
KG000038353,2025-06-25,37.5
KG000038353,2025-06-26,28.28
KG000038353,2025-06-27,29.5
KG000038353,2025-06-28,34.11
KG000038353,2025-06-29,32.0
KG000038353,2025-06-30,32.0
KG000038353,2025-07-01,33.61
KG000038353,2025-07-02,33.61
KG000038353,2025-07-03,37.11
KG000038353,2025-07-04,37.72
KG000038353,2025-07-05,36.11
KG000038353,2025-07-06,34.22
KG000038353,2025-07-07,33.78
KG000038353,2025-07-08,34.0
KG000038353,2025-07-09,32.78
KG000038353,2025-07-10,26.39
KG000038353,2025-07-11,26.5
KG000038353,2025-07-12,31.11
KG000038353,2025-07-13,34.5
KG000038353,2025-07-14,34.72
KG000038353,2025-07-15,35.0
KG000038353,2025-07-16,36.28
KG000038353,2025-07-17,36.72
KG000038353,2025-07-18,36.72
KG000038353,2025-07-19,38.61
KG000038353,2025-07-20,39.0
KG000038353,2025-07-21,36.11
KG000038353,2025-07-22,37.28
KG000038353,2025-07-23,37.0
KG000038353,2025-07-24,36.0
KG000038353,2025-07-25,38.28
KG000038353,2025-07-26,35.22
KG000038353,2025-07-27,35.0
KG000038353,2025-07-28,34.0
KG000038353,2025-07-29,32.61
KG000038353,2025-07-30,33.39
KG000038353,2025-07-31,31.5
KG000038353,2025-08-01,33.22
KG000038353,2025-08-02,28.28
KG000038353,2025-08-03,31.11
KG000038353,2025-08-04,31.28
KG000038353,2025-08-05,31.61
KG000038353,2025-08-06,31.28
KG000038353,2025-08-07,32.5
KG000038353,2025-08-08,33.61
KG000038353,2025-08-09,35.72
KG000038353,2025-08-10,35.61
KG000038353,2025-08-11,36.72
KG000038353,2025-08-12,36.72
KG000038353,2025-08-13,33.78
KG000038353,2025-08-14,34.0
KG000038353,2025-08-15,30.28
KG000038353,2025-08-16,31.0
KG000038353,2025-08-17,30.0
KG000038353,2025-08-18,29.22
KG000038353,2025-08-19,31.0
KG000038353,2025-08-20,32.72
KG000038353,2025-08-21,32.61
KG000038353,2025-08-22,32.78
KG000038353,2025-08-23,31.39
KG000038353,2025-08-24,29.11
KG000038353,2025-08-25,
KG000038353,2025-08-26,
KG000038353,2025-08-27,
KG000038353,2025-08-28,
KG000038353,2025-08-29,
KG000038353,2025-08-30,
KG000038353,2025-08-31,
KG000038353,2025-09-01,
KG000038353,2025-09-02,
KG000038353,2025-09-03,
KG000038353,2025-09-04,
KG000038353,2025-09-05,
KG000038353,2025-09-06,
KG000038353,2025-09-07,
KG000038353,2025-09-08,
KG000038353,2025-09-09,
KG000038353,2025-09-10,
KG000038353,2025-09-11,
KG000038353,2025-09-12,
KG000038353,2025-09-13,
KG000038353,2025-09-14,
KG000038353,2025-09-15,
KG000038353,2025-09-16,
KG000038353,2025-09-17,
KG000038353,2025-09-18,
KG000038353,2025-09-19,
KG000038353,2025-09-20,
KG000038353,2025-09-21,
KG000038353,2025-09-22,
KG000038353,2025-09-23,
KG000038353,2025-09-24,
KG000038353,2025-09-25,
KG000038353,2025-09-26,
KG000038353,2025-09-27,
KG000038353,2025-09-28,
KG000038353,2025-09-29,
KG000038353,2025-09-30,
KG000038353,2025-10-01,
KG000038353,2025-10-02,
KG000038353,2025-10-03,
KG000038353,2025-10-04,
KG000038353,2025-10-05,
KG000038353,2025-10-06,
KG000038353,2025-10-07,
KG000038353,2025-10-08,
KG000038353,2025-10-09,
KG000038353,2025-10-10,
KG000038353,2025-10-11,
KG000038353,2025-10-12,
KG000038353,2025-10-13,
KG000038353,2025-10-14,
KG000038353,2025-10-15,
KG000038353,2025-10-16,
KG000038353,2025-10-17,
KG000038353,2025-10-18,
KG000038353,2025-10-19,
KG000038353,2025-10-20,
KG000038353,2025-10-21,
KG000038353,2025-10-22,
KG000038353,2025-10-23,
KG000038353,2025-10-24,
KG000038353,2025-10-25,
KG000038353,2025-10-26,
KG000038353,2025-10-27,
KG000038353,2025-10-28,
KG000038353,2025-10-29,
KG000038353,2025-10-30,
KG000038353,2025-10-31,
KG000038353,2025-11-01,
KG000038353,2025-11-02,
KG000038353,2025-11-03,
KG000038353,2025-11-04,
KG000038353,2025-11-05,
KG000038353,2025-11-06,
KG000038353,2025-11-07,
KG000038353,2025-11-08,
KG000038353,2025-11-09,
KG000038353,2025-11-10,
KG000038353,2025-11-11,
KG000038353,2025-11-12,
KG000038353,2025-11-13,
KG000038353,2025-11-14,
KG000038353,2025-11-15,
KG000038353,2025-11-16,
KG000038353,2025-11-17,
KG000038353,2025-11-18,
KG000038353,2025-11-19,
KG000038353,2025-11-20,
KG000038353,2025-11-21,
KG000038353,2025-11-22,
KG000038353,2025-11-23,
KG000038353,2025-11-24,
KG000038353,2025-11-25,
KG000038353,2025-11-26,
KG000038353,2025-11-27,
KG000038353,2025-11-28,
KG000038353,2025-11-29,
KG000038353,2025-11-30,
KG000038353,2025-12-01,
KG000038353,2025-12-02,
KG000038353,2025-12-03,
KG000038353,2025-12-04,
KG000038353,2025-12-05,
KG000038353,2025-12-06,
KG000038353,2025-12-07,
KG000038353,2025-12-08,
KG000038353,2025-12-09,
KG000038353,2025-12-10,
KG000038353,2025-12-11,
KG000038353,2025-12-12,
KG000038353,2025-12-13,
KG000038353,2025-12-14,
KG000038353,2025-12-15,
KG000038353,2025-12-16,
KG000038353,2025-12-17,
KG000038353,2025-12-18,
KG000038353,2025-12-19,
KG000038353,2025-12-20,
KG000038353,2025-12-21,
KG000038353,2025-12-22,
KG000038353,2025-12-23,
KG000038353,2025-12-24,
KG000038353,2025-12-25,
KG000038353,2025-12-26,
KG000038353,2025-12-27,
KG000038353,2025-12-28,
KG000038353,2025-12-29,
KG000038353,2025-12-30,
KG000038353,2025-12-31,
KZ000035344,2025-01-01,-1.89
KZ000035344,2025-01-02,1.5
KZ000035344,2025-01-03,1.5
KZ000035344,2025-01-04,-0.11
KZ000035344,2025-01-05,0.89
KZ000035344,2025-01-06,-5.61
KZ000035344,2025-01-07,-7.72
KZ000035344,2025-01-08,-5.78
KZ000035344,2025-01-09,-2.89
KZ000035344,2025-01-10,-7.61
KZ000035344,2025-01-11,-7.72
KZ000035344,2025-01-12,-10.28
KZ000035344,2025-01-13,-8.5
KZ000035344,2025-01-14,-8.0
KZ000035344,2025-01-15,-4.11
KZ000035344,2025-01-16,-3.39
KZ000035344,2025-01-17,-6.72
KZ000035344,2025-01-18,-4.61
KZ000035344,2025-01-19,-1.78
KZ000035344,2025-01-20,-0.78
KZ000035344,2025-01-21,-2.39
KZ000035344,2025-01-22,-14.28
KZ000035344,2025-01-23,-19.5
KZ000035344,2025-01-24,-18.61
KZ000035344,2025-01-25,-15.22
KZ000035344,2025-01-26,-10.5
KZ000035344,2025-01-27,-6.39
KZ000035344,2025-01-28,-0.22
KZ000035344,2025-01-29,1.22
KZ000035344,2025-01-30,0.89
KZ000035344,2025-01-31,-0.89
KZ000035344,2025-02-01,1.22
KZ000035344,2025-02-02,0.61
KZ000035344,2025-02-03,-3.28
KZ000035344,2025-02-04,-6.5
KZ000035344,2025-02-05,-7.0
KZ000035344,2025-02-06,-4.22
KZ000035344,2025-02-07,-9.5
KZ000035344,2025-02-08,-9.0
KZ000035344,2025-02-09,-6.22
KZ000035344,2025-02-10,-6.61
KZ000035344,2025-02-11,-7.11
KZ000035344,2025-02-12,-5.11
KZ000035344,2025-02-13,-5.78
KZ000035344,2025-02-14,-6.72
KZ000035344,2025-02-15,-7.39
KZ000035344,2025-02-16,-2.0
KZ000035344,2025-02-17,-1.72
KZ000035344,2025-02-18,-8.39
KZ000035344,2025-02-19,-11.89
KZ000035344,2025-02-20,-12.28
KZ000035344,2025-02-21,-8.39
KZ000035344,2025-02-22,-5.22
KZ000035344,2025-02-23,-6.28
KZ000035344,2025-02-24,-7.22
KZ000035344,2025-02-25,-7.72
KZ000035344,2025-02-26,-8.11
KZ000035344,2025-02-27,-6.22
KZ000035344,2025-02-28,-10.22
KZ000035344,2025-03-01,-5.39
KZ000035344,2025-03-02,-8.11
KZ000035344,2025-03-03,-13.22
KZ000035344,2025-03-04,-9.89
KZ000035344,2025-03-05,-1.78
KZ000035344,2025-03-06,-2.0
KZ000035344,2025-03-07,-0.39
KZ000035344,2025-03-08,0.89
KZ000035344,2025-03-09,-2.78
KZ000035344,2025-03-10,-0.39
KZ000035344,2025-03-11,0.72
KZ000035344,2025-03-12,-1.11
KZ000035344,2025-03-13,1.0
KZ000035344,2025-03-14,3.28
KZ000035344,2025-03-15,2.11
KZ000035344,2025-03-16,3.89
KZ000035344,2025-03-17,7.28
KZ000035344,2025-03-18,8.22
KZ000035344,2025-03-19,11.39
KZ000035344,2025-03-20,6.11
KZ000035344,2025-03-21,6.89
KZ000035344,2025-03-22,7.0
KZ000035344,2025-03-23,5.72
KZ000035344,2025-03-24,7.61
KZ000035344,2025-03-25,6.11
KZ000035344,2025-03-26,10.0
KZ000035344,2025-03-27,9.5
KZ000035344,2025-03-28,9.61
KZ000035344,2025-03-29,13.5
KZ000035344,2025-03-30,17.11
KZ000035344,2025-03-31,20.22
KZ000035344,2025-04-01,19.61
KZ000035344,2025-04-02,19.89
KZ000035344,2025-04-03,21.72
KZ000035344,2025-04-04,14.11
KZ000035344,2025-04-05,19.28
KZ000035344,2025-04-06,21.39
KZ000035344,2025-04-07,14.89
KZ000035344,2025-04-08,21.11
KZ000035344,2025-04-09,22.5
KZ000035344,2025-04-10,20.5
KZ000035344,2025-04-11,17.72
KZ000035344,2025-04-12,8.11
KZ000035344,2025-04-13,13.0
KZ000035344,2025-04-14,16.0
KZ000035344,2025-04-15,12.0
KZ000035344,2025-04-16,17.11
KZ000035344,2025-04-17,16.5
KZ000035344,2025-04-18,19.61
KZ000035344,2025-04-19,23.5
KZ000035344,2025-04-20,25.0
KZ000035344,2025-04-21,25.72
KZ000035344,2025-04-22,25.28
KZ000035344,2025-04-23,24.5
KZ000035344,2025-04-24,25.11
KZ000035344,2025-04-25,26.11
KZ000035344,2025-04-26,23.0
KZ000035344,2025-04-27,23.78
KZ000035344,2025-04-28,14.78
KZ000035344,2025-04-29,11.11
KZ000035344,2025-04-30,14.22
KZ000035344,2025-05-01,14.0
KZ000035344,2025-05-02,19.72
KZ000035344,2025-05-03,25.5
KZ000035344,2025-05-04,18.78
KZ000035344,2025-05-05,23.5
KZ000035344,2025-05-06,26.22
KZ000035344,2025-05-07,25.11
KZ000035344,2025-05-08,24.89
KZ000035344,2025-05-09,26.5
KZ000035344,2025-05-10,23.5
KZ000035344,2025-05-11,26.78
KZ000035344,2025-05-12,31.39
KZ000035344,2025-05-13,31.5
KZ000035344,2025-05-14,32.72
KZ000035344,2025-05-15,25.28
KZ000035344,2025-05-16,15.5
KZ000035344,2025-05-17,22.89
KZ000035344,2025-05-18,23.28
KZ000035344,2025-05-19,25.22
KZ000035344,2025-05-20,24.39
KZ000035344,2025-05-21,26.5
KZ000035344,2025-05-22,23.5
KZ000035344,2025-05-23,24.28
KZ000035344,2025-05-24,20.11
KZ000035344,2025-05-25,16.78
KZ000035344,2025-05-26,20.61
KZ000035344,2025-05-27,27.11
KZ000035344,2025-05-28,29.61
KZ000035344,2025-05-29,31.61
KZ000035344,2025-05-30,32.61
KZ000035344,2025-05-31,33.28
KZ000035344,2025-06-01,34.61
KZ000035344,2025-06-02,35.61
KZ000035344,2025-06-03,27.78
KZ000035344,2025-06-04,25.28
KZ000035344,2025-06-05,30.61
KZ000035344,2025-06-06,32.22
KZ000035344,2025-06-07,25.11
KZ000035344,2025-06-08,26.72
KZ000035344,2025-06-09,28.89
KZ000035344,2025-06-10,29.11
KZ000035344,2025-06-11,29.72
KZ000035344,2025-06-12,27.89
KZ000035344,2025-06-13,33.78
KZ000035344,2025-06-14,37.22
KZ000035344,2025-06-15,38.11
KZ000035344,2025-06-16,38.39
KZ000035344,2025-06-17,30.22
KZ000035344,2025-06-18,29.61
KZ000035344,2025-06-19,25.5
KZ000035344,2025-06-20,22.89
KZ000035344,2025-06-21,28.0
KZ000035344,2025-06-22,26.28
KZ000035344,2025-06-23,25.5
KZ000035344,2025-06-24,21.72
KZ000035344,2025-06-25,24.28
KZ000035344,2025-06-26,26.89
KZ000035344,2025-06-27,29.22
KZ000035344,2025-06-28,22.39
KZ000035344,2025-06-29,25.5
KZ000035344,2025-06-30,28.22
KZ000035344,2025-07-01,30.89
KZ000035344,2025-07-02,33.11
KZ000035344,2025-07-03,27.5
KZ000035344,2025-07-04,29.72
KZ000035344,2025-07-05,30.72
KZ000035344,2025-07-06,32.78
KZ000035344,2025-07-07,28.11
KZ000035344,2025-07-08,28.22
KZ000035344,2025-07-09,29.89
KZ000035344,2025-07-10,33.39
KZ000035344,2025-07-11,34.28
KZ000035344,2025-07-12,35.61
KZ000035344,2025-07-13,32.11
KZ000035344,2025-07-14,30.61
KZ000035344,2025-07-15,30.0
KZ000035344,2025-07-16,34.22
KZ000035344,2025-07-17,36.22
KZ000035344,2025-07-18,31.0
KZ000035344,2025-07-19,27.5
KZ000035344,2025-07-20,29.22
KZ000035344,2025-07-21,33.89
KZ000035344,2025-07-22,35.72
KZ000035344,2025-07-23,34.5
KZ000035344,2025-07-24,33.0
KZ000035344,2025-07-25,29.5
KZ000035344,2025-07-26,20.22
KZ000035344,2025-07-27,23.22
KZ000035344,2025-07-28,22.5
KZ000035344,2025-07-29,27.0
KZ000035344,2025-07-30,27.0
KZ000035344,2025-07-31,22.78
KZ000035344,2025-08-01,29.72
KZ000035344,2025-08-02,30.28
KZ000035344,2025-08-03,30.0
KZ000035344,2025-08-04,28.0
KZ000035344,2025-08-05,32.11
KZ000035344,2025-08-06,34.28
KZ000035344,2025-08-07,34.89
KZ000035344,2025-08-08,33.0
KZ000035344,2025-08-09,27.89
KZ000035344,2025-08-10,29.39
KZ000035344,2025-08-11,27.22
KZ000035344,2025-08-12,28.5
KZ000035344,2025-08-13,25.61
KZ000035344,2025-08-14,25.28
KZ000035344,2025-08-15,25.28
KZ000035344,2025-08-16,25.61
KZ000035344,2025-08-17,26.5
KZ000035344,2025-08-18,28.72
KZ000035344,2025-08-19,31.61
KZ000035344,2025-08-20,26.22
KZ000035344,2025-08-21,27.61
KZ000035344,2025-08-22,24.61
KZ000035344,2025-08-23,29.11
KZ000035344,2025-08-24,31.22
KZ000035344,2025-08-25,
KZ000035344,2025-08-26,
KZ000035344,2025-08-27,
KZ000035344,2025-08-28,
KZ000035344,2025-08-29,
KZ000035344,2025-08-30,
KZ000035344,2025-08-31,
KZ000035344,2025-09-01,
KZ000035344,2025-09-02,
KZ000035344,2025-09-03,
KZ000035344,2025-09-04,
KZ000035344,2025-09-05,
KZ000035344,2025-09-06,
KZ000035344,2025-09-07,
KZ000035344,2025-09-08,
KZ000035344,2025-09-09,
KZ000035344,2025-09-10,
KZ000035344,2025-09-11,
KZ000035344,2025-09-12,
KZ000035344,2025-09-13,
KZ000035344,2025-09-14,
KZ000035344,2025-09-15,
KZ000035344,2025-09-16,
KZ000035344,2025-09-17,
KZ000035344,2025-09-18,
KZ000035344,2025-09-19,
KZ000035344,2025-09-20,
KZ000035344,2025-09-21,
KZ000035344,2025-09-22,
KZ000035344,2025-09-23,
KZ000035344,2025-09-24,
KZ000035344,2025-09-25,
KZ000035344,2025-09-26,
KZ000035344,2025-09-27,
KZ000035344,2025-09-28,
KZ000035344,2025-09-29,
KZ000035344,2025-09-30,
KZ000035344,2025-10-01,
KZ000035344,2025-10-02,
KZ000035344,2025-10-03,
KZ000035344,2025-10-04,
KZ000035344,2025-10-05,
KZ000035344,2025-10-06,
KZ000035344,2025-10-07,
KZ000035344,2025-10-08,
KZ000035344,2025-10-09,
KZ000035344,2025-10-10,
KZ000035344,2025-10-11,
KZ000035344,2025-10-12,
KZ000035344,2025-10-13,
KZ000035344,2025-10-14,
KZ000035344,2025-10-15,
KZ000035344,2025-10-16,
KZ000035344,2025-10-17,
KZ000035344,2025-10-18,
KZ000035344,2025-10-19,
KZ000035344,2025-10-20,
KZ000035344,2025-10-21,
KZ000035344,2025-10-22,
KZ000035344,2025-10-23,
KZ000035344,2025-10-24,
KZ000035344,2025-10-25,
KZ000035344,2025-10-26,
KZ000035344,2025-10-27,
KZ000035344,2025-10-28,
KZ000035344,2025-10-29,
KZ000035344,2025-10-30,
KZ000035344,2025-10-31,
KZ000035344,2025-11-01,
KZ000035344,2025-11-02,
KZ000035344,2025-11-03,
KZ000035344,2025-11-04,
KZ000035344,2025-11-05,
KZ000035344,2025-11-06,
KZ000035344,2025-11-07,
KZ000035344,2025-11-08,
KZ000035344,2025-11-09,
KZ000035344,2025-11-10,
KZ000035344,2025-11-11,
KZ000035344,2025-11-12,
KZ000035344,2025-11-13,
KZ000035344,2025-11-14,
KZ000035344,2025-11-15,
KZ000035344,2025-11-16,
KZ000035344,2025-11-17,
KZ000035344,2025-11-18,
KZ000035344,2025-11-19,
KZ000035344,2025-11-20,
KZ000035344,2025-11-21,
KZ000035344,2025-11-22,
KZ000035344,2025-11-23,
KZ000035344,2025-11-24,
KZ000035344,2025-11-25,
KZ000035344,2025-11-26,
KZ000035344,2025-11-27,
KZ000035344,2025-11-28,
KZ000035344,2025-11-29,
KZ000035344,2025-11-30,
KZ000035344,2025-12-01,
KZ000035344,2025-12-02,
KZ000035344,2025-12-03,
KZ000035344,2025-12-04,
KZ000035344,2025-12-05,
KZ000035344,2025-12-06,
KZ000035344,2025-12-07,
KZ000035344,2025-12-08,
KZ000035344,2025-12-09,
KZ000035344,2025-12-10,
KZ000035344,2025-12-11,
KZ000035344,2025-12-12,
KZ000035344,2025-12-13,
KZ000035344,2025-12-14,
KZ000035344,2025-12-15,
KZ000035344,2025-12-16,
KZ000035344,2025-12-17,
KZ000035344,2025-12-18,
KZ000035344,2025-12-19,
KZ000035344,2025-12-20,
KZ000035344,2025-12-21,
KZ000035344,2025-12-22,
KZ000035344,2025-12-23,
KZ000035344,2025-12-24,
KZ000035344,2025-12-25,
KZ000035344,2025-12-26,
KZ000035344,2025-12-27,
KZ000035344,2025-12-28,
KZ000035344,2025-12-29,
KZ000035344,2025-12-30,
KZ000035344,2025-12-31,
PKM00041598,2025-01-01,17.0
PKM00041598,2025-01-02,18.0
PKM00041598,2025-01-03,20.22
PKM00041598,2025-01-04,22.28
PKM00041598,2025-01-05,17.78
PKM00041598,2025-01-06,20.5
PKM00041598,2025-01-07,21.5
PKM00041598,2025-01-08,21.28
PKM00041598,2025-01-09,20.5
PKM00041598,2025-01-10,19.0
PKM00041598,2025-01-11,14.0
PKM00041598,2025-01-12,20.5
PKM00041598,2025-01-13,20.5
PKM00041598,2025-01-14,20.5
PKM00041598,2025-01-15,20.5
PKM00041598,2025-01-16,18.39
PKM00041598,2025-01-17,19.78
PKM00041598,2025-01-18,19.22
PKM00041598,2025-01-19,19.5
PKM00041598,2025-01-20,22.78
PKM00041598,2025-01-21,22.28
PKM00041598,2025-01-22,23.0
PKM00041598,2025-01-23,23.5
PKM00041598,2025-01-24,25.72
PKM00041598,2025-01-25,25.5
PKM00041598,2025-01-26,24.5
PKM00041598,2025-01-27,24.22
PKM00041598,2025-01-28,22.78
PKM00041598,2025-01-29,14.5
PKM00041598,2025-01-30,23.72
PKM00041598,2025-01-31,23.78
PKM00041598,2025-02-01,21.5
PKM00041598,2025-02-02,23.5
PKM00041598,2025-02-03,23.5
PKM00041598,2025-02-04,23.5
PKM00041598,2025-02-05,22.0
PKM00041598,2025-02-06,23.5
PKM00041598,2025-02-07,25.5
PKM00041598,2025-02-08,21.5
PKM00041598,2025-02-09,28.22
PKM00041598,2025-02-10,24.0
PKM00041598,2025-02-11,26.5
PKM00041598,2025-02-12,25.5
PKM00041598,2025-02-13,25.5
PKM00041598,2025-02-14,27.5
PKM00041598,2025-02-15,27.78
PKM00041598,2025-02-16,26.0
PKM00041598,2025-02-17,28.28
PKM00041598,2025-02-18,27.22
PKM00041598,2025-02-19,27.78
PKM00041598,2025-02-20,15.78
PKM00041598,2025-02-21,22.78
PKM00041598,2025-02-22,25.5
PKM00041598,2025-02-23,27.5
PKM00041598,2025-02-24,28.0
PKM00041598,2025-02-25,16.22
PKM00041598,2025-02-26,24.78
PKM00041598,2025-02-27,20.22
PKM00041598,2025-02-28,18.5
PKM00041598,2025-03-01,25.0
PKM00041598,2025-03-02,26.5
PKM00041598,2025-03-03,20.5
PKM00041598,2025-03-04,23.0
PKM00041598,2025-03-05,25.5
PKM00041598,2025-03-06,27.78
PKM00041598,2025-03-07,29.28
PKM00041598,2025-03-08,30.5
PKM00041598,2025-03-09,29.5
PKM00041598,2025-03-10,25.5
PKM00041598,2025-03-11,29.28
PKM00041598,2025-03-12,30.0
PKM00041598,2025-03-13,29.5
PKM00041598,2025-03-14,25.72
PKM00041598,2025-03-15,26.0
PKM00041598,2025-03-16,29.5
PKM00041598,2025-03-17,30.5
PKM00041598,2025-03-18,31.5
PKM00041598,2025-03-19,31.72
PKM00041598,2025-03-20,31.5
PKM00041598,2025-03-21,32.5
PKM00041598,2025-03-22,33.72
PKM00041598,2025-03-23,33.5
PKM00041598,2025-03-24,33.0
PKM00041598,2025-03-25,28.5
PKM00041598,2025-03-26,34.0
PKM00041598,2025-03-27,34.0
PKM00041598,2025-03-28,27.5
PKM00041598,2025-03-29,30.5
PKM00041598,2025-03-30,33.0
PKM00041598,2025-03-31,34.0
PKM00041598,2025-04-01,34.78
PKM00041598,2025-04-02,34.5
PKM00041598,2025-04-03,31.5
PKM00041598,2025-04-04,34.5
PKM00041598,2025-04-05,37.78
PKM00041598,2025-04-06,38.5
PKM00041598,2025-04-07,38.22
PKM00041598,2025-04-08,38.0
PKM00041598,2025-04-09,38.0
PKM00041598,2025-04-10,38.28
PKM00041598,2025-04-11,29.78
PKM00041598,2025-04-12,34.5
PKM00041598,2025-04-13,35.5
PKM00041598,2025-04-14,38.0
PKM00041598,2025-04-15,38.28
PKM00041598,2025-04-16,38.5
PKM00041598,2025-04-17,37.78
PKM00041598,2025-04-18,38.72
PKM00041598,2025-04-19,36.5
PKM00041598,2025-04-20,36.22
PKM00041598,2025-04-21,38.78
PKM00041598,2025-04-22,39.0
PKM00041598,2025-04-23,39.22
PKM00041598,2025-04-24,40.0
PKM00041598,2025-04-25,40.22
PKM00041598,2025-04-26,35.5
PKM00041598,2025-04-27,41.5
PKM00041598,2025-04-28,43.0
PKM00041598,2025-04-29,39.78
PKM00041598,2025-04-30,
PKM00041598,2025-05-01,37.5
PKM00041598,2025-05-02,26.28
PKM00041598,2025-05-03,34.22
PKM00041598,2025-05-04,35.5
PKM00041598,2025-05-05,31.5
PKM00041598,2025-05-06,36.22
PKM00041598,2025-05-07,37.28
PKM00041598,2025-05-08,28.22
PKM00041598,2025-05-09,31.72
PKM00041598,2025-05-10,39.5
PKM00041598,2025-05-11,39.28
PKM00041598,2025-05-12,38.5
PKM00041598,2025-05-13,40.5
PKM00041598,2025-05-14,42.28
PKM00041598,2025-05-15,43.22
PKM00041598,2025-05-16,42.28
PKM00041598,2025-05-17,43.5
PKM00041598,2025-05-18,43.0
PKM00041598,2025-05-19,41.72
PKM00041598,2025-05-20,43.72
PKM00041598,2025-05-21,44.22
PKM00041598,2025-05-22,41.78
PKM00041598,2025-05-23,41.0
PKM00041598,2025-05-24,40.22
PKM00041598,2025-05-25,36.5
PKM00041598,2025-05-26,40.5
PKM00041598,2025-05-27,41.39
PKM00041598,2025-05-28,41.5
PKM00041598,2025-05-29,42.0
PKM00041598,2025-05-30,39.0
PKM00041598,2025-05-31,30.28
PKM00041598,2025-06-01,36.61
PKM00041598,2025-06-02,38.28
PKM00041598,2025-06-03,34.28
PKM00041598,2025-06-04,35.22
PKM00041598,2025-06-05,37.5
PKM00041598,2025-06-06,40.5
PKM00041598,2025-06-07,43.22
PKM00041598,2025-06-08,44.0
PKM00041598,2025-06-09,46.5
PKM00041598,2025-06-10,47.0
PKM00041598,2025-06-11,47.22
PKM00041598,2025-06-12,46.72
PKM00041598,2025-06-13,45.22
PKM00041598,2025-06-14,44.0
PKM00041598,2025-06-15,46.0
PKM00041598,2025-06-16,37.22
PKM00041598,2025-06-17,38.22
PKM00041598,2025-06-18,41.5
PKM00041598,2025-06-19,41.5
PKM00041598,2025-06-20,42.28
PKM00041598,2025-06-21,38.5
PKM00041598,2025-06-22,32.5
PKM00041598,2025-06-23,38.0
PKM00041598,2025-06-24,36.28
PKM00041598,2025-06-25,34.22
PKM00041598,2025-06-26,29.22
PKM00041598,2025-06-27,36.0
PKM00041598,2025-06-28,36.78
PKM00041598,2025-06-29,35.5
PKM00041598,2025-06-30,36.28
PKM00041598,2025-07-01,33.22
PKM00041598,2025-07-02,30.78
PKM00041598,2025-07-03,34.5
PKM00041598,2025-07-04,35.5
PKM00041598,2025-07-05,36.28
PKM00041598,2025-07-06,29.22
PKM00041598,2025-07-07,34.28
PKM00041598,2025-07-08,35.28
PKM00041598,2025-07-09,30.22
PKM00041598,2025-07-10,30.28
PKM00041598,2025-07-11,34.22
PKM00041598,2025-07-12,36.28
PKM00041598,2025-07-13,35.72
PKM00041598,2025-07-14,31.72
PKM00041598,2025-07-15,29.0
PKM00041598,2025-07-16,26.0
PKM00041598,2025-07-17,30.28
PKM00041598,2025-07-18,33.5
PKM00041598,2025-07-19,35.72
PKM00041598,2025-07-20,36.72
PKM00041598,2025-07-21,33.72
PKM00041598,2025-07-22,27.78
PKM00041598,2025-07-23,29.28
PKM00041598,2025-07-24,28.22
PKM00041598,2025-07-25,34.5
PKM00041598,2025-07-26,36.28
PKM00041598,2025-07-27,37.0
PKM00041598,2025-07-28,36.5
PKM00041598,2025-07-29,35.0
PKM00041598,2025-07-30,30.28
PKM00041598,2025-07-31,35.5
PKM00041598,2025-08-01,34.5
PKM00041598,2025-08-02,34.78
PKM00041598,2025-08-03,33.0
PKM00041598,2025-08-04,36.28
PKM00041598,2025-08-05,36.22
PKM00041598,2025-08-06,33.5
PKM00041598,2025-08-07,33.5
PKM00041598,2025-08-08,34.72
PKM00041598,2025-08-09,33.72
PKM00041598,2025-08-10,34.28
PKM00041598,2025-08-11,36.78
PKM00041598,2025-08-12,29.78
PKM00041598,2025-08-13,33.5
PKM00041598,2025-08-14,30.5
PKM00041598,2025-08-15,34.28
PKM00041598,2025-08-16,36.22
PKM00041598,2025-08-17,30.5
PKM00041598,2025-08-18,29.28
PKM00041598,2025-08-19,30.5
PKM00041598,2025-08-20,31.78
PKM00041598,2025-08-21,36.0
PKM00041598,2025-08-22,36.78
PKM00041598,2025-08-23,33.28
PKM00041598,2025-08-24,29.0
PKM00041598,2025-08-25,
PKM00041598,2025-08-26,
PKM00041598,2025-08-27,
PKM00041598,2025-08-28,
PKM00041598,2025-08-29,
PKM00041598,2025-08-30,
PKM00041598,2025-08-31,
PKM00041598,2025-09-01,
PKM00041598,2025-09-02,
PKM00041598,2025-09-03,
PKM00041598,2025-09-04,
PKM00041598,2025-09-05,
PKM00041598,2025-09-06,
PKM00041598,2025-09-07,
PKM00041598,2025-09-08,
PKM00041598,2025-09-09,
PKM00041598,2025-09-10,
PKM00041598,2025-09-11,
PKM00041598,2025-09-12,
PKM00041598,2025-09-13,
PKM00041598,2025-09-14,
PKM00041598,2025-09-15,
PKM00041598,2025-09-16,
PKM00041598,2025-09-17,
PKM00041598,2025-09-18,
PKM00041598,2025-09-19,
PKM00041598,2025-09-20,
PKM00041598,2025-09-21,
PKM00041598,2025-09-22,
PKM00041598,2025-09-23,
PKM00041598,2025-09-24,
PKM00041598,2025-09-25,
PKM00041598,2025-09-26,
PKM00041598,2025-09-27,
PKM00041598,2025-09-28,
PKM00041598,2025-09-29,
PKM00041598,2025-09-30,
PKM00041598,2025-10-01,
PKM00041598,2025-10-02,
PKM00041598,2025-10-03,
PKM00041598,2025-10-04,
PKM00041598,2025-10-05,
PKM00041598,2025-10-06,
PKM00041598,2025-10-07,
PKM00041598,2025-10-08,
PKM00041598,2025-10-09,
PKM00041598,2025-10-10,
PKM00041598,2025-10-11,
PKM00041598,2025-10-12,
PKM00041598,2025-10-13,
PKM00041598,2025-10-14,
PKM00041598,2025-10-15,
PKM00041598,2025-10-16,
PKM00041598,2025-10-17,
PKM00041598,2025-10-18,
PKM00041598,2025-10-19,
PKM00041598,2025-10-20,
PKM00041598,2025-10-21,
PKM00041598,2025-10-22,
PKM00041598,2025-10-23,
PKM00041598,2025-10-24,
PKM00041598,2025-10-25,
PKM00041598,2025-10-26,
PKM00041598,2025-10-27,
PKM00041598,2025-10-28,
PKM00041598,2025-10-29,
PKM00041598,2025-10-30,
PKM00041598,2025-10-31,
PKM00041598,2025-11-01,
PKM00041598,2025-11-02,
PKM00041598,2025-11-03,
PKM00041598,2025-11-04,
PKM00041598,2025-11-05,
PKM00041598,2025-11-06,
PKM00041598,2025-11-07,
PKM00041598,2025-11-08,
PKM00041598,2025-11-09,
PKM00041598,2025-11-10,
PKM00041598,2025-11-11,
PKM00041598,2025-11-12,
PKM00041598,2025-11-13,
PKM00041598,2025-11-14,
PKM00041598,2025-11-15,
PKM00041598,2025-11-16,
PKM00041598,2025-11-17,
PKM00041598,2025-11-18,
PKM00041598,2025-11-19,
PKM00041598,2025-11-20,
PKM00041598,2025-11-21,
PKM00041598,2025-11-22,
PKM00041598,2025-11-23,
PKM00041598,2025-11-24,
PKM00041598,2025-11-25,
PKM00041598,2025-11-26,
PKM00041598,2025-11-27,
PKM00041598,2025-11-28,
PKM00041598,2025-11-29,
PKM00041598,2025-11-30,
PKM00041598,2025-12-01,
PKM00041598,2025-12-02,
PKM00041598,2025-12-03,
PKM00041598,2025-12-04,
PKM00041598,2025-12-05,
PKM00041598,2025-12-06,
PKM00041598,2025-12-07,
PKM00041598,2025-12-08,
PKM00041598,2025-12-09,
PKM00041598,2025-12-10,
PKM00041598,2025-12-11,
PKM00041598,2025-12-12,
PKM00041598,2025-12-13,
PKM00041598,2025-12-14,
PKM00041598,2025-12-15,
PKM00041598,2025-12-16,
PKM00041598,2025-12-17,
PKM00041598,2025-12-18,
PKM00041598,2025-12-19,
PKM00041598,2025-12-20,
PKM00041598,2025-12-21,
PKM00041598,2025-12-22,
PKM00041598,2025-12-23,
PKM00041598,2025-12-24,
PKM00041598,2025-12-25,
PKM00041598,2025-12-26,
PKM00041598,2025-12-27,
PKM00041598,2025-12-28,
PKM00041598,2025-12-29,
PKM00041598,2025-12-30,
PKM00041598,2025-12-31,
PKM00041685,2025-01-01,19.0
PKM00041685,2025-01-02,17.5
PKM00041685,2025-01-03,18.5
PKM00041685,2025-01-04,16.0
PKM00041685,2025-01-05,14.5
PKM00041685,2025-01-06,16.0
PKM00041685,2025-01-07,20.0
PKM00041685,2025-01-08,21.5
PKM00041685,2025-01-09,22.5
PKM00041685,2025-01-10,20.0
PKM00041685,2025-01-11,19.5
PKM00041685,2025-01-12,18.0
PKM00041685,2025-01-13,17.0
PKM00041685,2025-01-14,17.5
PKM00041685,2025-01-15,16.5
PKM00041685,2025-01-16,17.0
PKM00041685,2025-01-17,16.0
PKM00041685,2025-01-18,17.0
PKM00041685,2025-01-19,16.5
PKM00041685,2025-01-20,17.5
PKM00041685,2025-01-21,18.5
PKM00041685,2025-01-22,13.5
PKM00041685,2025-01-23,16.0
PKM00041685,2025-01-24,19.5
PKM00041685,2025-01-25,21.0
PKM00041685,2025-01-26,24.0
PKM00041685,2025-01-27,26.0
PKM00041685,2025-01-28,24.0
PKM00041685,2025-01-29,21.5
PKM00041685,2025-01-30,18.5
PKM00041685,2025-01-31,17.5
PKM00041685,2025-02-01,17.0
PKM00041685,2025-02-02,18.5
PKM00041685,2025-02-03,18.0
PKM00041685,2025-02-04,16.5
PKM00041685,2025-02-05,16.5
PKM00041685,2025-02-06,19.0
PKM00041685,2025-02-07,19.5
PKM00041685,2025-02-08,21.5
PKM00041685,2025-02-09,21.0
PKM00041685,2025-02-10,22.5
PKM00041685,2025-02-11,21.5
PKM00041685,2025-02-12,21.5
PKM00041685,2025-02-13,23.5
PKM00041685,2025-02-14,24.5
PKM00041685,2025-02-15,24.0
PKM00041685,2025-02-16,22.0
PKM00041685,2025-02-17,23.0
PKM00041685,2025-02-18,22.5
PKM00041685,2025-02-19,14.22
PKM00041685,2025-02-20,19.5
PKM00041685,2025-02-21,17.5
PKM00041685,2025-02-22,22.0
PKM00041685,2025-02-23,22.5
PKM00041685,2025-02-24,21.0
PKM00041685,2025-02-25,21.5
PKM00041685,2025-02-26,23.5
PKM00041685,2025-02-27,20.0
PKM00041685,2025-02-28,18.0
PKM00041685,2025-03-01,20.5
PKM00041685,2025-03-02,18.5
PKM00041685,2025-03-03,18.5
PKM00041685,2025-03-04,19.0
PKM00041685,2025-03-05,23.5
PKM00041685,2025-03-06,26.0
PKM00041685,2025-03-07,26.5
PKM00041685,2025-03-08,27.0
PKM00041685,2025-03-09,29.0
PKM00041685,2025-03-10,29.5
PKM00041685,2025-03-11,26.5
PKM00041685,2025-03-12,28.0
PKM00041685,2025-03-13,27.0
PKM00041685,2025-03-14,24.0
PKM00041685,2025-03-15,23.0
PKM00041685,2025-03-16,23.0
PKM00041685,2025-03-17,26.5
PKM00041685,2025-03-18,26.5
PKM00041685,2025-03-19,27.0
PKM00041685,2025-03-20,26.5
PKM00041685,2025-03-21,28.5
PKM00041685,2025-03-22,31.5
PKM00041685,2025-03-23,31.0
PKM00041685,2025-03-24,31.0
PKM00041685,2025-03-25,27.0
PKM00041685,2025-03-26,29.0
PKM00041685,2025-03-27,23.0
PKM00041685,2025-03-28,24.0
PKM00041685,2025-03-29,26.0
PKM00041685,2025-03-30,27.0
PKM00041685,2025-03-31,29.0
PKM00041685,2025-04-01,31.0
PKM00041685,2025-04-02,31.0
PKM00041685,2025-04-03,31.0
PKM00041685,2025-04-04,32.0
PKM00041685,2025-04-05,35.5
PKM00041685,2025-04-06,36.5
PKM00041685,2025-04-07,38.0
PKM00041685,2025-04-08,38.0
PKM00041685,2025-04-09,36.0
PKM00041685,2025-04-10,35.5
PKM00041685,2025-04-11,34.5
PKM00041685,2025-04-12,33.5
PKM00041685,2025-04-13,35.5
PKM00041685,2025-04-14,37.5
PKM00041685,2025-04-15,38.0
PKM00041685,2025-04-16,38.0
PKM00041685,2025-04-17,37.5
PKM00041685,2025-04-18,37.0
PKM00041685,2025-04-19,33.5
PKM00041685,2025-04-20,31.0
PKM00041685,2025-04-21,30.5
PKM00041685,2025-04-22,32.0
PKM00041685,2025-04-23,34.0
PKM00041685,2025-04-24,34.5
PKM00041685,2025-04-25,35.0
PKM00041685,2025-04-26,34.0
PKM00041685,2025-04-27,37.0
PKM00041685,2025-04-28,38.5
PKM00041685,2025-04-29,38.0
PKM00041685,2025-04-30,38.0
PKM00041685,2025-05-01,38.5
PKM00041685,2025-05-02,36.0
PKM00041685,2025-05-03,34.0
PKM00041685,2025-05-04,28.0
PKM00041685,2025-05-05,28.5
PKM00041685,2025-05-06,32.0
PKM00041685,2025-05-07,33.5
PKM00041685,2025-05-08,34.5
PKM00041685,2025-05-09,32.0
PKM00041685,2025-05-10,34.5
PKM00041685,2025-05-11,35.5
PKM00041685,2025-05-12,37.0
PKM00041685,2025-05-13,35.5
PKM00041685,2025-05-14,38.0
PKM00041685,2025-05-15,39.5
PKM00041685,2025-05-16,40.5
PKM00041685,2025-05-17,41.0
PKM00041685,2025-05-18,41.0
PKM00041685,2025-05-19,39.5
PKM00041685,2025-05-20,42.0
PKM00041685,2025-05-21,43.0
PKM00041685,2025-05-22,41.5
PKM00041685,2025-05-23,41.0
PKM00041685,2025-05-24,39.0
PKM00041685,2025-05-25,36.5
PKM00041685,2025-05-26,38.0
PKM00041685,2025-05-27,38.0
PKM00041685,2025-05-28,36.0
PKM00041685,2025-05-29,38.0
PKM00041685,2025-05-30,37.0
PKM00041685,2025-05-31,37.5
PKM00041685,2025-06-01,36.0
PKM00041685,2025-06-02,37.0
PKM00041685,2025-06-03,38.0
PKM00041685,2025-06-04,35.0
PKM00041685,2025-06-05,35.5
PKM00041685,2025-06-06,36.5
PKM00041685,2025-06-07,38.0
PKM00041685,2025-06-08,40.0
PKM00041685,2025-06-09,41.0
PKM00041685,2025-06-10,41.0
PKM00041685,2025-06-11,42.0
PKM00041685,2025-06-12,42.0
PKM00041685,2025-06-13,41.0
PKM00041685,2025-06-14,39.0
PKM00041685,2025-06-15,37.0
PKM00041685,2025-06-16,36.0
PKM00041685,2025-06-17,35.5
PKM00041685,2025-06-18,39.0
PKM00041685,2025-06-19,41.0
PKM00041685,2025-06-20,41.0
PKM00041685,2025-06-21,40.5
PKM00041685,2025-06-22,39.0
PKM00041685,2025-06-23,38.5
PKM00041685,2025-06-24,40.0
PKM00041685,2025-06-25,39.0
PKM00041685,2025-06-26,37.0
PKM00041685,2025-06-27,35.0
PKM00041685,2025-06-28,34.0
PKM00041685,2025-06-29,36.5
PKM00041685,2025-06-30,37.5
PKM00041685,2025-07-01,39.0
PKM00041685,2025-07-02,37.0
PKM00041685,2025-07-03,36.5
PKM00041685,2025-07-04,34.0
PKM00041685,2025-07-05,36.0
PKM00041685,2025-07-06,35.0
PKM00041685,2025-07-07,30.5
PKM00041685,2025-07-08,34.0
PKM00041685,2025-07-09,35.5
PKM00041685,2025-07-10,32.5
PKM00041685,2025-07-11,34.5
PKM00041685,2025-07-12,33.5
PKM00041685,2025-07-13,35.5
PKM00041685,2025-07-14,29.5
PKM00041685,2025-07-15,31.0
PKM00041685,2025-07-16,34.0
PKM00041685,2025-07-17,34.5
PKM00041685,2025-07-18,33.5
PKM00041685,2025-07-19,35.0
PKM00041685,2025-07-20,35.0
PKM00041685,2025-07-21,35.5
PKM00041685,2025-07-22,36.0
PKM00041685,2025-07-23,36.0
PKM00041685,2025-07-24,32.5
PKM00041685,2025-07-25,33.5
PKM00041685,2025-07-26,35.0
PKM00041685,2025-07-27,35.5
PKM00041685,2025-07-28,37.5
PKM00041685,2025-07-29,39.5
PKM00041685,2025-07-30,36.5
PKM00041685,2025-07-31,33.0
PKM00041685,2025-08-01,34.0
PKM00041685,2025-08-02,35.0
PKM00041685,2025-08-03,36.0
PKM00041685,2025-08-04,37.0
PKM00041685,2025-08-05,37.0
PKM00041685,2025-08-06,35.0
PKM00041685,2025-08-07,36.5
PKM00041685,2025-08-08,36.0
PKM00041685,2025-08-09,36.5
PKM00041685,2025-08-10,37.5
PKM00041685,2025-08-11,38.5
PKM00041685,2025-08-12,38.5
PKM00041685,2025-08-13,36.5
PKM00041685,2025-08-14,34.5
PKM00041685,2025-08-15,33.5
PKM00041685,2025-08-16,33.0
PKM00041685,2025-08-17,33.5
PKM00041685,2025-08-18,32.5
PKM00041685,2025-08-19,31.5
PKM00041685,2025-08-20,33.5
PKM00041685,2025-08-21,34.5
PKM00041685,2025-08-22,35.0
PKM00041685,2025-08-23,35.5
PKM00041685,2025-08-24,34.5
PKM00041685,2025-08-25,
PKM00041685,2025-08-26,
PKM00041685,2025-08-27,
PKM00041685,2025-08-28,
PKM00041685,2025-08-29,
PKM00041685,2025-08-30,
PKM00041685,2025-08-31,
PKM00041685,2025-09-01,
PKM00041685,2025-09-02,
PKM00041685,2025-09-03,
PKM00041685,2025-09-04,
PKM00041685,2025-09-05,
PKM00041685,2025-09-06,
PKM00041685,2025-09-07,
PKM00041685,2025-09-08,
PKM00041685,2025-09-09,
PKM00041685,2025-09-10,
PKM00041685,2025-09-11,
PKM00041685,2025-09-12,
PKM00041685,2025-09-13,
PKM00041685,2025-09-14,
PKM00041685,2025-09-15,
PKM00041685,2025-09-16,
PKM00041685,2025-09-17,
PKM00041685,2025-09-18,
PKM00041685,2025-09-19,
PKM00041685,2025-09-20,
PKM00041685,2025-09-21,
PKM00041685,2025-09-22,
PKM00041685,2025-09-23,
PKM00041685,2025-09-24,
PKM00041685,2025-09-25,
PKM00041685,2025-09-26,
PKM00041685,2025-09-27,
PKM00041685,2025-09-28,
PKM00041685,2025-09-29,
PKM00041685,2025-09-30,
PKM00041685,2025-10-01,
PKM00041685,2025-10-02,
PKM00041685,2025-10-03,
PKM00041685,2025-10-04,
PKM00041685,2025-10-05,
PKM00041685,2025-10-06,
PKM00041685,2025-10-07,
PKM00041685,2025-10-08,
PKM00041685,2025-10-09,
PKM00041685,2025-10-10,
PKM00041685,2025-10-11,
PKM00041685,2025-10-12,
PKM00041685,2025-10-13,
PKM00041685,2025-10-14,
PKM00041685,2025-10-15,
PKM00041685,2025-10-16,
PKM00041685,2025-10-17,
PKM00041685,2025-10-18,
PKM00041685,2025-10-19,
PKM00041685,2025-10-20,
PKM00041685,2025-10-21,
PKM00041685,2025-10-22,
PKM00041685,2025-10-23,
PKM00041685,2025-10-24,
PKM00041685,2025-10-25,
PKM00041685,2025-10-26,
PKM00041685,2025-10-27,
PKM00041685,2025-10-28,
PKM00041685,2025-10-29,
PKM00041685,2025-10-30,
PKM00041685,2025-10-31,
PKM00041685,2025-11-01,
PKM00041685,2025-11-02,
PKM00041685,2025-11-03,
PKM00041685,2025-11-04,
PKM00041685,2025-11-05,
PKM00041685,2025-11-06,
PKM00041685,2025-11-07,
PKM00041685,2025-11-08,
PKM00041685,2025-11-09,
PKM00041685,2025-11-10,
PKM00041685,2025-11-11,
PKM00041685,2025-11-12,
PKM00041685,2025-11-13,
PKM00041685,2025-11-14,
PKM00041685,2025-11-15,
PKM00041685,2025-11-16,
PKM00041685,2025-11-17,
PKM00041685,2025-11-18,
PKM00041685,2025-11-19,
PKM00041685,2025-11-20,
PKM00041685,2025-11-21,
PKM00041685,2025-11-22,
PKM00041685,2025-11-23,
PKM00041685,2025-11-24,
PKM00041685,2025-11-25,
PKM00041685,2025-11-26,
PKM00041685,2025-11-27,
PKM00041685,2025-11-28,
PKM00041685,2025-11-29,
PKM00041685,2025-11-30,
PKM00041685,2025-12-01,
PKM00041685,2025-12-02,
PKM00041685,2025-12-03,
PKM00041685,2025-12-04,
PKM00041685,2025-12-05,
PKM00041685,2025-12-06,
PKM00041685,2025-12-07,
PKM00041685,2025-12-08,
PKM00041685,2025-12-09,
PKM00041685,2025-12-10,
PKM00041685,2025-12-11,
PKM00041685,2025-12-12,
PKM00041685,2025-12-13,
PKM00041685,2025-12-14,
PKM00041685,2025-12-15,
PKM00041685,2025-12-16,
PKM00041685,2025-12-17,
PKM00041685,2025-12-18,
PKM00041685,2025-12-19,
PKM00041685,2025-12-20,
PKM00041685,2025-12-21,
PKM00041685,2025-12-22,
PKM00041685,2025-12-23,
PKM00041685,2025-12-24,
PKM00041685,2025-12-25,
PKM00041685,2025-12-26,
PKM00041685,2025-12-27,
PKM00041685,2025-12-28,
PKM00041685,2025-12-29,
PKM00041685,2025-12-30,
PKM00041685,2025-12-31,
SF003336820,2025-01-01,28.5
SF003336820,2025-01-02,26.22
SF003336820,2025-01-03,30.61
SF003336820,2025-01-04,30.61
SF003336820,2025-01-05,30.11
SF003336820,2025-01-06,25.0
SF003336820,2025-01-07,19.89
SF003336820,2025-01-08,25.39
SF003336820,2025-01-09,26.61
SF003336820,2025-01-10,28.78
SF003336820,2025-01-11,28.78
SF003336820,2025-01-12,27.0
SF003336820,2025-01-13,24.22
SF003336820,2025-01-14,25.61
SF003336820,2025-01-15,27.5
SF003336820,2025-01-16,27.5
SF003336820,2025-01-17,24.28
SF003336820,2025-01-18,29.61
SF003336820,2025-01-19,29.78
SF003336820,2025-01-20,29.78
SF003336820,2025-01-21,28.78
SF003336820,2025-01-22,25.0
SF003336820,2025-01-23,27.89
SF003336820,2025-01-24,29.22
SF003336820,2025-01-25,29.22
SF003336820,2025-01-26,26.89
SF003336820,2025-01-27,
SF003336820,2025-01-28,
SF003336820,2025-01-29,
SF003336820,2025-01-30,
SF003336820,2025-01-31,
SF003336820,2025-02-01,
SF003336820,2025-02-02,
SF003336820,2025-02-03,
SF003336820,2025-02-04,
SF003336820,2025-02-05,
SF003336820,2025-02-06,
SF003336820,2025-02-07,
SF003336820,2025-02-08,
SF003336820,2025-02-09,
SF003336820,2025-02-10,
SF003336820,2025-02-11,
SF003336820,2025-02-12,
SF003336820,2025-02-13,
SF003336820,2025-02-14,
SF003336820,2025-02-15,
SF003336820,2025-02-16,
SF003336820,2025-02-17,
SF003336820,2025-02-18,
SF003336820,2025-02-19,16.0
SF003336820,2025-02-20,18.61
SF003336820,2025-02-21,26.22
SF003336820,2025-02-22,27.89
SF003336820,2025-02-23,
SF003336820,2025-02-24,24.72
SF003336820,2025-02-25,
SF003336820,2025-02-26,23.5
SF003336820,2025-02-27,
SF003336820,2025-02-28,27.39
SF003336820,2025-03-01,21.0
SF003336820,2025-03-02,21.0
SF003336820,2025-03-03,
SF003336820,2025-03-04,28.28
SF003336820,2025-03-05,29.5
SF003336820,2025-03-06,
SF003336820,2025-03-07,30.61
SF003336820,2025-03-08,27.11
SF003336820,2025-03-09,
SF003336820,2025-03-10,25.28
SF003336820,2025-03-11,25.28
SF003336820,2025-03-12,25.22
SF003336820,2025-03-13,25.22
SF003336820,2025-03-14,25.0
SF003336820,2025-03-15,21.22
SF003336820,2025-03-16,19.0
SF003336820,2025-03-17,20.11
SF003336820,2025-03-18,21.11
SF003336820,2025-03-19,21.72
SF003336820,2025-03-20,24.61
SF003336820,2025-03-21,27.78
SF003336820,2025-03-22,27.78
SF003336820,2025-03-23,27.61
SF003336820,2025-03-24,27.61
SF003336820,2025-03-25,27.72
SF003336820,2025-03-26,27.72
SF003336820,2025-03-27,22.78
SF003336820,2025-03-28,21.0
SF003336820,2025-03-29,23.72
SF003336820,2025-03-30,26.72
SF003336820,2025-03-31,26.72
SF003336820,2025-04-01,21.72
SF003336820,2025-04-02,22.0
SF003336820,2025-04-03,22.0
SF003336820,2025-04-04,19.72
SF003336820,2025-04-05,20.5
SF003336820,2025-04-06,21.72
SF003336820,2025-04-07,21.72
SF003336820,2025-04-08,23.28
SF003336820,2025-04-09,23.28
SF003336820,2025-04-10,21.78
SF003336820,2025-04-11,21.72
SF003336820,2025-04-12,23.39
SF003336820,2025-04-13,24.72
SF003336820,2025-04-14,24.78
SF003336820,2025-04-15,24.78
SF003336820,2025-04-16,20.78
SF003336820,2025-04-17,20.78
SF003336820,2025-04-18,17.39
SF003336820,2025-04-19,19.89
SF003336820,2025-04-20,22.61
SF003336820,2025-04-21,22.61
SF003336820,2025-04-22,21.72
SF003336820,2025-04-23,18.11
SF003336820,2025-04-24,17.89
SF003336820,2025-04-25,17.89
SF003336820,2025-04-26,19.0
SF003336820,2025-04-27,20.22
SF003336820,2025-04-28,20.89
SF003336820,2025-04-29,20.89
SF003336820,2025-04-30,22.72
SF003336820,2025-05-01,22.72
SF003336820,2025-05-02,20.61
SF003336820,2025-05-03,18.39
SF003336820,2025-05-04,18.61
SF003336820,2025-05-05,20.5
SF003336820,2025-05-06,21.72
SF003336820,2025-05-07,25.11
SF003336820,2025-05-08,25.11
SF003336820,2025-05-09,23.72
SF003336820,2025-05-10,23.72
SF003336820,2025-05-11,22.11
SF003336820,2025-05-12,20.61
SF003336820,2025-05-13,19.61
SF003336820,2025-05-14,21.89
SF003336820,2025-05-15,21.28
SF003336820,2025-05-16,21.5
SF003336820,2025-05-17,23.5
SF003336820,2025-05-18,23.5
SF003336820,2025-05-19,22.11
SF003336820,2025-05-20,22.11
SF003336820,2025-05-21,22.11
SF003336820,2025-05-22,16.0
SF003336820,2025-05-23,17.78
SF003336820,2025-05-24,19.28
SF003336820,2025-05-25,20.39
SF003336820,2025-05-26,20.39
SF003336820,2025-05-27,16.61
SF003336820,2025-05-28,19.11
SF003336820,2025-05-29,22.28
SF003336820,2025-05-30,23.11
SF003336820,2025-05-31,23.11
SF003336820,2025-06-01,20.61
SF003336820,2025-06-02,20.61
SF003336820,2025-06-03,20.22
SF003336820,2025-06-04,20.0
SF003336820,2025-06-05,17.39
SF003336820,2025-06-06,18.89
SF003336820,2025-06-07,20.89
SF003336820,2025-06-08,20.89
SF003336820,2025-06-09,19.39
SF003336820,2025-06-10,16.0
SF003336820,2025-06-11,16.0
SF003336820,2025-06-12,15.61
SF003336820,2025-06-13,18.22
SF003336820,2025-06-14,18.22
SF003336820,2025-06-15,19.28
SF003336820,2025-06-16,19.39
SF003336820,2025-06-17,19.39
SF003336820,2025-06-18,
SF003336820,2025-06-19,
SF003336820,2025-06-20,17.89
SF003336820,2025-06-21,17.89
SF003336820,2025-06-22,17.28
SF003336820,2025-06-23,19.5
SF003336820,2025-06-24,19.78
SF003336820,2025-06-25,19.78
SF003336820,2025-06-26,19.0
SF003336820,2025-06-27,18.39
SF003336820,2025-06-28,13.61
SF003336820,2025-06-29,15.61
SF003336820,2025-06-30,17.39
SF003336820,2025-07-01,18.5
SF003336820,2025-07-02,18.5
SF003336820,2025-07-03,20.28
SF003336820,2025-07-04,20.28
SF003336820,2025-07-05,16.0
SF003336820,2025-07-06,16.0
SF003336820,2025-07-07,15.72
SF003336820,2025-07-08,14.72
SF003336820,2025-07-09,17.39
SF003336820,2025-07-10,19.72
SF003336820,2025-07-11,19.72
SF003336820,2025-07-12,18.11
SF003336820,2025-07-13,17.28
SF003336820,2025-07-14,19.28
SF003336820,2025-07-15,19.61
SF003336820,2025-07-16,21.0
SF003336820,2025-07-17,21.0
SF003336820,2025-07-18,20.89
SF003336820,2025-07-19,17.61
SF003336820,2025-07-20,15.89
SF003336820,2025-07-21,18.11
SF003336820,2025-07-22,18.11
SF003336820,2025-07-23,16.28
SF003336820,2025-07-24,16.89
SF003336820,2025-07-25,17.61
SF003336820,2025-07-26,17.89
SF003336820,2025-07-27,17.89
SF003336820,2025-07-28,15.28
SF003336820,2025-07-29,18.61
SF003336820,2025-07-30,18.61
SF003336820,2025-07-31,20.5
SF003336820,2025-08-01,20.5
SF003336820,2025-08-02,13.28
SF003336820,2025-08-03,22.11
SF003336820,2025-08-04,22.11
SF003336820,2025-08-05,21.89
SF003336820,2025-08-06,20.72
SF003336820,2025-08-07,14.89
SF003336820,2025-08-08,16.39
SF003336820,2025-08-09,17.61
SF003336820,2025-08-10,19.0
SF003336820,2025-08-11,19.0
SF003336820,2025-08-12,20.72
SF003336820,2025-08-13,21.39
SF003336820,2025-08-14,23.0
SF003336820,2025-08-15,23.0
SF003336820,2025-08-16,19.89
SF003336820,2025-08-17,20.11
SF003336820,2025-08-18,21.89
SF003336820,2025-08-19,22.78
SF003336820,2025-08-20,23.22
SF003336820,2025-08-21,26.28
SF003336820,2025-08-22,26.28
SF003336820,2025-08-23,24.72
SF003336820,2025-08-24,22.22
SF003336820,2025-08-25,
SF003336820,2025-08-26,
SF003336820,2025-08-27,
SF003336820,2025-08-28,
SF003336820,2025-08-29,
SF003336820,2025-08-30,
SF003336820,2025-08-31,
SF003336820,2025-09-01,
SF003336820,2025-09-02,
SF003336820,2025-09-03,
SF003336820,2025-09-04,
SF003336820,2025-09-05,
SF003336820,2025-09-06,
SF003336820,2025-09-07,
SF003336820,2025-09-08,
SF003336820,2025-09-09,
SF003336820,2025-09-10,
SF003336820,2025-09-11,
SF003336820,2025-09-12,
SF003336820,2025-09-13,
SF003336820,2025-09-14,
SF003336820,2025-09-15,
SF003336820,2025-09-16,
SF003336820,2025-09-17,
SF003336820,2025-09-18,
SF003336820,2025-09-19,
SF003336820,2025-09-20,
SF003336820,2025-09-21,
SF003336820,2025-09-22,
SF003336820,2025-09-23,
SF003336820,2025-09-24,
SF003336820,2025-09-25,
SF003336820,2025-09-26,
SF003336820,2025-09-27,
SF003336820,2025-09-28,
SF003336820,2025-09-29,
SF003336820,2025-09-30,
SF003336820,2025-10-01,
SF003336820,2025-10-02,
SF003336820,2025-10-03,
SF003336820,2025-10-04,
SF003336820,2025-10-05,
SF003336820,2025-10-06,
SF003336820,2025-10-07,
SF003336820,2025-10-08,
SF003336820,2025-10-09,
SF003336820,2025-10-10,
SF003336820,2025-10-11,
SF003336820,2025-10-12,
SF003336820,2025-10-13,
SF003336820,2025-10-14,
SF003336820,2025-10-15,
SF003336820,2025-10-16,
SF003336820,2025-10-17,
SF003336820,2025-10-18,
SF003336820,2025-10-19,
SF003336820,2025-10-20,
SF003336820,2025-10-21,
SF003336820,2025-10-22,
SF003336820,2025-10-23,
SF003336820,2025-10-24,
SF003336820,2025-10-25,
SF003336820,2025-10-26,
SF003336820,2025-10-27,
SF003336820,2025-10-28,
SF003336820,2025-10-29,
SF003336820,2025-10-30,
SF003336820,2025-10-31,
SF003336820,2025-11-01,
SF003336820,2025-11-02,
SF003336820,2025-11-03,
SF003336820,2025-11-04,
SF003336820,2025-11-05,
SF003336820,2025-11-06,
SF003336820,2025-11-07,
SF003336820,2025-11-08,
SF003336820,2025-11-09,
SF003336820,2025-11-10,
SF003336820,2025-11-11,
SF003336820,2025-11-12,
SF003336820,2025-11-13,
SF003336820,2025-11-14,
SF003336820,2025-11-15,
SF003336820,2025-11-16,
SF003336820,2025-11-17,
SF003336820,2025-11-18,
SF003336820,2025-11-19,
SF003336820,2025-11-20,
SF003336820,2025-11-21,
SF003336820,2025-11-22,
SF003336820,2025-11-23,
SF003336820,2025-11-24,
SF003336820,2025-11-25,
SF003336820,2025-11-26,
SF003336820,2025-11-27,
SF003336820,2025-11-28,
SF003336820,2025-11-29,
SF003336820,2025-11-30,
SF003336820,2025-12-01,
SF003336820,2025-12-02,
SF003336820,2025-12-03,
SF003336820,2025-12-04,
SF003336820,2025-12-05,
SF003336820,2025-12-06,
SF003336820,2025-12-07,
SF003336820,2025-12-08,
SF003336820,2025-12-09,
SF003336820,2025-12-10,
SF003336820,2025-12-11,
SF003336820,2025-12-12,
SF003336820,2025-12-13,
SF003336820,2025-12-14,
SF003336820,2025-12-15,
SF003336820,2025-12-16,
SF003336820,2025-12-17,
SF003336820,2025-12-18,
SF003336820,2025-12-19,
SF003336820,2025-12-20,
SF003336820,2025-12-21,
SF003336820,2025-12-22,
SF003336820,2025-12-23,
SF003336820,2025-12-24,
SF003336820,2025-12-25,
SF003336820,2025-12-26,
SF003336820,2025-12-27,
SF003336820,2025-12-28,
SF003336820,2025-12-29,
SF003336820,2025-12-30,
SF003336820,2025-12-31,
SP000008215,2025-07-02,
SP000008215,2025-07-03,
SP000008215,2025-07-04,
SP000008215,2025-07-05,
SP000008215,2025-07-06,
SP000008215,2025-07-07,
SP000008215,2025-07-08,
SP000008215,2025-07-09,
SP000008215,2025-07-10,
SP000008215,2025-07-11,
SP000008215,2025-07-12,
SP000008215,2025-07-13,
SP000008215,2025-07-14,
SP000008215,2025-07-15,
SP000008215,2025-07-16,
SP000008215,2025-07-17,
SP000008215,2025-07-18,
SP000008215,2025-07-19,
SP000008215,2025-07-20,
SP000008215,2025-07-21,
SP000008215,2025-07-22,
SP000008215,2025-07-23,
SP000008215,2025-07-24,
SP000008215,2025-07-25,
SP000008215,2025-07-26,
SP000008215,2025-07-27,
SP000008215,2025-07-28,
SP000008215,2025-07-29,
SP000008215,2025-07-30,
SP000008215,2025-07-31,
SP000008215,2025-10-06,
SPE00119918,2025-01-01,13.72
SPE00119918,2025-01-02,13.78
SPE00119918,2025-01-03,13.78
SPE00119918,2025-01-04,13.78
SPE00119918,2025-01-05,12.78
SPE00119918,2025-01-06,12.72
SPE00119918,2025-01-07,11.89
SPE00119918,2025-01-08,12.72
SPE00119918,2025-01-09,15.39
SPE00119918,2025-01-10,13.89
SPE00119918,2025-01-11,18.5
SPE00119918,2025-01-12,16.11
SPE00119918,2025-01-13,13.0
SPE00119918,2025-01-14,13.61
SPE00119918,2025-01-15,13.61
SPE00119918,2025-01-16,13.39
SPE00119918,2025-01-17,13.0
SPE00119918,2025-01-18,13.22
SPE00119918,2025-01-19,13.28
SPE00119918,2025-01-20,11.5
SPE00119918,2025-01-21,14.61
SPE00119918,2025-01-22,14.89
SPE00119918,2025-01-23,16.5
SPE00119918,2025-01-24,13.61
SPE00119918,2025-01-25,14.5
SPE00119918,2025-01-26,15.11
SPE00119918,2025-01-27,15.0
SPE00119918,2025-01-28,11.89
SPE00119918,2025-01-29,10.78
SPE00119918,2025-01-30,12.5
SPE00119918,2025-01-31,12.89
SPE00119918,2025-02-01,15.28
SPE00119918,2025-02-02,13.28
SPE00119918,2025-02-03,13.78
SPE00119918,2025-02-04,14.72
SPE00119918,2025-02-05,15.11
SPE00119918,2025-02-06,15.11
SPE00119918,2025-02-07,12.28
SPE00119918,2025-02-08,13.22
SPE00119918,2025-02-09,14.61
SPE00119918,2025-02-10,14.5
SPE00119918,2025-02-11,13.5
SPE00119918,2025-02-12,14.5
SPE00119918,2025-02-13,16.0
SPE00119918,2025-02-14,18.11
SPE00119918,2025-02-15,17.22
SPE00119918,2025-02-16,17.0
SPE00119918,2025-02-17,16.72
SPE00119918,2025-02-18,16.39
SPE00119918,2025-02-19,16.39
SPE00119918,2025-02-20,19.5
SPE00119918,2025-02-21,16.22
SPE00119918,2025-02-22,14.11
SPE00119918,2025-02-23,17.22
SPE00119918,2025-02-24,17.5
SPE00119918,2025-02-25,14.89
SPE00119918,2025-02-26,15.72
SPE00119918,2025-02-27,15.39
SPE00119918,2025-02-28,14.78
SPE00119918,2025-03-01,12.78
SPE00119918,2025-03-02,8.72
SPE00119918,2025-03-03,11.72
SPE00119918,2025-03-04,16.39
SPE00119918,2025-03-05,16.11
SPE00119918,2025-03-06,17.28
SPE00119918,2025-03-07,14.78
SPE00119918,2025-03-08,13.11
SPE00119918,2025-03-09,11.61
SPE00119918,2025-03-10,11.78
SPE00119918,2025-03-11,14.22
SPE00119918,2025-03-12,12.39
SPE00119918,2025-03-13,12.28
SPE00119918,2025-03-14,12.22
SPE00119918,2025-03-15,13.28
SPE00119918,2025-03-16,13.39
SPE00119918,2025-03-17,15.0
SPE00119918,2025-03-18,15.28
SPE00119918,2025-03-19,18.11
SPE00119918,2025-03-20,16.22
SPE00119918,2025-03-21,13.78
SPE00119918,2025-03-22,12.0
SPE00119918,2025-03-23,12.89
SPE00119918,2025-03-24,16.39
SPE00119918,2025-03-25,17.5
SPE00119918,2025-03-26,18.72
SPE00119918,2025-03-27,18.39
SPE00119918,2025-03-28,20.61
SPE00119918,2025-03-29,22.0
SPE00119918,2025-03-30,20.5
SPE00119918,2025-03-31,24.11
SPE00119918,2025-04-01,19.28
SPE00119918,2025-04-02,18.78
SPE00119918,2025-04-03,15.78
SPE00119918,2025-04-04,16.22
SPE00119918,2025-04-05,17.11
SPE00119918,2025-04-06,19.0
SPE00119918,2025-04-07,22.28
SPE00119918,2025-04-08,25.11
SPE00119918,2025-04-09,25.22
SPE00119918,2025-04-10,23.11
SPE00119918,2025-04-11,17.5
SPE00119918,2025-04-12,19.28
SPE00119918,2025-04-13,20.78
SPE00119918,2025-04-14,15.22
SPE00119918,2025-04-15,13.39
SPE00119918,2025-04-16,14.39
SPE00119918,2025-04-17,18.11
SPE00119918,2025-04-18,17.11
SPE00119918,2025-04-19,14.5
SPE00119918,2025-04-20,18.0
SPE00119918,2025-04-21,16.39
SPE00119918,2025-04-22,19.39
SPE00119918,2025-04-23,23.22
SPE00119918,2025-04-24,26.78
SPE00119918,2025-04-25,25.28
SPE00119918,2025-04-26,23.0
SPE00119918,2025-04-27,22.78
SPE00119918,2025-04-28,23.22
SPE00119918,2025-04-29,24.5
SPE00119918,2025-04-30,15.22
SPE00119918,2025-05-01,21.78
SPE00119918,2025-05-02,18.11
SPE00119918,2025-05-03,19.72
SPE00119918,2025-05-04,16.61
SPE00119918,2025-05-05,20.5
SPE00119918,2025-05-06,19.22
SPE00119918,2025-05-07,21.28
SPE00119918,2025-05-08,17.28
SPE00119918,2025-05-09,19.5
SPE00119918,2025-05-10,17.5
SPE00119918,2025-05-11,18.89
SPE00119918,2025-05-12,20.11
SPE00119918,2025-05-13,21.11
SPE00119918,2025-05-14,21.11
SPE00119918,2025-05-15,22.39
SPE00119918,2025-05-16,25.0
SPE00119918,2025-05-17,27.72
SPE00119918,2025-05-18,25.0
SPE00119918,2025-05-19,21.61
SPE00119918,2025-05-20,25.39
SPE00119918,2025-05-21,27.78
SPE00119918,2025-05-22,26.0
SPE00119918,2025-05-23,26.0
SPE00119918,2025-05-24,28.28
SPE00119918,2025-05-25,30.78
SPE00119918,2025-05-26,31.5
SPE00119918,2025-05-27,33.0
SPE00119918,2025-05-28,35.22
SPE00119918,2025-05-29,36.5
SPE00119918,2025-05-30,35.72
SPE00119918,2025-05-31,37.0
SPE00119918,2025-06-01,33.11
SPE00119918,2025-06-02,28.72
SPE00119918,2025-06-03,22.22
SPE00119918,2025-06-04,27.22
SPE00119918,2025-06-05,29.89
SPE00119918,2025-06-06,31.11
SPE00119918,2025-06-07,31.78
SPE00119918,2025-06-08,36.5
SPE00119918,2025-06-09,36.5
SPE00119918,2025-06-10,36.11
SPE00119918,2025-06-11,28.22
SPE00119918,2025-06-12,28.5
SPE00119918,2025-06-13,31.28
SPE00119918,2025-06-14,32.78
SPE00119918,2025-06-15,36.22
SPE00119918,2025-06-16,38.89
SPE00119918,2025-06-17,39.61
SPE00119918,2025-06-18,36.61
SPE00119918,2025-06-19,37.28
SPE00119918,2025-06-20,37.78
SPE00119918,2025-06-21,35.78
SPE00119918,2025-06-22,35.61
SPE00119918,2025-06-23,35.72
SPE00119918,2025-06-24,28.89
SPE00119918,2025-06-25,28.39
SPE00119918,2025-06-26,33.89
SPE00119918,2025-06-27,39.11
SPE00119918,2025-06-28,40.5
SPE00119918,2025-06-29,41.61
SPE00119918,2025-06-30,41.28
SPE00119918,2025-07-01,39.5
SPE00119918,2025-07-02,39.0
SPE00119918,2025-07-03,39.22
SPE00119918,2025-07-04,37.61
SPE00119918,2025-07-05,35.72
SPE00119918,2025-07-06,37.39
SPE00119918,2025-07-07,37.5
SPE00119918,2025-07-08,38.11
SPE00119918,2025-07-09,35.39
SPE00119918,2025-07-10,33.11
SPE00119918,2025-07-11,25.78
SPE00119918,2025-07-12,28.78
SPE00119918,2025-07-13,32.11
SPE00119918,2025-07-14,35.61
SPE00119918,2025-07-15,38.39
SPE00119918,2025-07-16,40.28
SPE00119918,2025-07-17,36.5
SPE00119918,2025-07-18,31.11
SPE00119918,2025-07-19,30.5
SPE00119918,2025-07-20,28.39
SPE00119918,2025-07-21,31.0
SPE00119918,2025-07-22,34.5
SPE00119918,2025-07-23,31.61
SPE00119918,2025-07-24,32.78
SPE00119918,2025-07-25,32.89
SPE00119918,2025-07-26,36.11
SPE00119918,2025-07-27,38.28
SPE00119918,2025-07-28,36.61
SPE00119918,2025-07-29,35.22
SPE00119918,2025-07-30,35.0
SPE00119918,2025-07-31,37.39
SPE00119918,2025-08-01,37.78
SPE00119918,2025-08-02,37.72
SPE00119918,2025-08-03,40.28
SPE00119918,2025-08-04,39.11
SPE00119918,2025-08-05,39.39
SPE00119918,2025-08-06,38.22
SPE00119918,2025-08-07,39.28
SPE00119918,2025-08-08,38.0
SPE00119918,2025-08-09,40.11
SPE00119918,2025-08-10,40.22
SPE00119918,2025-08-11,41.5
SPE00119918,2025-08-12,41.89
SPE00119918,2025-08-13,39.28
SPE00119918,2025-08-14,40.11
SPE00119918,2025-08-15,40.72
SPE00119918,2025-08-16,41.72
SPE00119918,2025-08-17,40.78
SPE00119918,2025-08-18,34.72
SPE00119918,2025-08-19,33.0
SPE00119918,2025-08-20,30.22
SPE00119918,2025-08-21,32.39
SPE00119918,2025-08-22,34.0
SPE00119918,2025-08-23,34.89
SPE00119918,2025-08-24,33.72
SPE00119918,2025-08-25,
SPE00119918,2025-08-26,
SPE00119918,2025-08-27,
SPE00119918,2025-08-28,
SPE00119918,2025-08-29,
SPE00119918,2025-08-30,
SPE00119918,2025-08-31,
SPE00119918,2025-09-01,
SPE00119918,2025-09-02,
SPE00119918,2025-09-03,
SPE00119918,2025-09-04,
SPE00119918,2025-09-05,
SPE00119918,2025-09-06,
SPE00119918,2025-09-07,
SPE00119918,2025-09-08,
SPE00119918,2025-09-09,
SPE00119918,2025-09-10,
SPE00119918,2025-09-11,
SPE00119918,2025-09-12,
SPE00119918,2025-09-13,
SPE00119918,2025-09-14,
SPE00119918,2025-09-15,
SPE00119918,2025-09-16,
SPE00119918,2025-09-17,
SPE00119918,2025-09-18,
SPE00119918,2025-09-19,
SPE00119918,2025-09-20,
SPE00119918,2025-09-21,
SPE00119918,2025-09-22,
SPE00119918,2025-09-23,
SPE00119918,2025-09-24,
SPE00119918,2025-09-25,
SPE00119918,2025-09-26,
SPE00119918,2025-09-27,
SPE00119918,2025-09-28,
SPE00119918,2025-09-29,
SPE00119918,2025-09-30,
SPE00119918,2025-10-01,
SPE00119918,2025-10-02,
SPE00119918,2025-10-03,
SPE00119918,2025-10-04,
SPE00119918,2025-10-05,
SPE00119918,2025-10-06,
SPE00119918,2025-10-07,
SPE00119918,2025-10-08,
SPE00119918,2025-10-09,
SPE00119918,2025-10-10,
SPE00119918,2025-10-11,
SPE00119918,2025-10-12,
SPE00119918,2025-10-13,
SPE00119918,2025-10-14,
SPE00119918,2025-10-15,
SPE00119918,2025-10-16,
SPE00119918,2025-10-17,
SPE00119918,2025-10-18,
SPE00119918,2025-10-19,
SPE00119918,2025-10-20,
SPE00119918,2025-10-21,
SPE00119918,2025-10-22,
SPE00119918,2025-10-23,
SPE00119918,2025-10-24,
SPE00119918,2025-10-25,
SPE00119918,2025-10-26,
SPE00119918,2025-10-27,
SPE00119918,2025-10-28,
SPE00119918,2025-10-29,
SPE00119918,2025-10-30,
SPE00119918,2025-10-31,
SPE00119918,2025-11-01,
SPE00119918,2025-11-02,
SPE00119918,2025-11-03,
SPE00119918,2025-11-04,
SPE00119918,2025-11-05,
SPE00119918,2025-11-06,
SPE00119918,2025-11-07,
SPE00119918,2025-11-08,
SPE00119918,2025-11-09,
SPE00119918,2025-11-10,
SPE00119918,2025-11-11,
SPE00119918,2025-11-12,
SPE00119918,2025-11-13,
SPE00119918,2025-11-14,
SPE00119918,2025-11-15,
SPE00119918,2025-11-16,
SPE00119918,2025-11-17,
SPE00119918,2025-11-18,
SPE00119918,2025-11-19,
SPE00119918,2025-11-20,
SPE00119918,2025-11-21,
SPE00119918,2025-11-22,
SPE00119918,2025-11-23,
SPE00119918,2025-11-24,
SPE00119918,2025-11-25,
SPE00119918,2025-11-26,
SPE00119918,2025-11-27,
SPE00119918,2025-11-28,
SPE00119918,2025-11-29,
SPE00119918,2025-11-30,
SPE00119918,2025-12-01,
SPE00119918,2025-12-02,
SPE00119918,2025-12-03,
SPE00119918,2025-12-04,
SPE00119918,2025-12-05,
SPE00119918,2025-12-06,
SPE00119918,2025-12-07,
SPE00119918,2025-12-08,
SPE00119918,2025-12-09,
SPE00119918,2025-12-10,
SPE00119918,2025-12-11,
SPE00119918,2025-12-12,
SPE00119918,2025-12-13,
SPE00119918,2025-12-14,
SPE00119918,2025-12-15,
SPE00119918,2025-12-16,
SPE00119918,2025-12-17,
SPE00119918,2025-12-18,
SPE00119918,2025-12-19,
SPE00119918,2025-12-20,
SPE00119918,2025-12-21,
SPE00119918,2025-12-22,
SPE00119918,2025-12-23,
SPE00119918,2025-12-24,
SPE00119918,2025-12-25,
SPE00119918,2025-12-26,
SPE00119918,2025-12-27,
SPE00119918,2025-12-28,
SPE00119918,2025-12-29,
SPE00119918,2025-12-30,
SPE00119918,2025-12-31,
SPE00119981,2025-01-01,
SPE00119981,2025-01-02,
SPE00119981,2025-01-03,
SPE00119981,2025-01-04,
SPE00119981,2025-01-05,
SPE00119981,2025-01-06,
SPE00119981,2025-01-07,
SPE00119981,2025-01-08,
SPE00119981,2025-01-09,
SPE00119981,2025-01-10,
SPE00119981,2025-01-11,
SPE00119981,2025-01-12,
SPE00119981,2025-01-13,
SPE00119981,2025-01-14,
SPE00119981,2025-01-15,
SPE00119981,2025-01-16,
SPE00119981,2025-01-17,
SPE00119981,2025-01-18,
SPE00119981,2025-01-19,
SPE00119981,2025-01-20,
SPE00119981,2025-01-21,
SPE00119981,2025-01-22,
SPE00119981,2025-01-23,
SPE00119981,2025-01-24,
SPE00119981,2025-01-25,
SPE00119981,2025-01-26,
SPE00119981,2025-01-27,
SPE00119981,2025-01-28,
SPE00119981,2025-01-29,
SPE00119981,2025-01-30,
SPE00119981,2025-01-31,
SPE00119981,2025-02-01,
SPE00119981,2025-02-02,
SPE00119981,2025-02-03,
SPE00119981,2025-02-04,
SPE00119981,2025-02-05,
SPE00119981,2025-02-06,
SPE00119981,2025-02-07,
SPE00119981,2025-02-08,
SPE00119981,2025-02-09,
SPE00119981,2025-02-10,
SPE00119981,2025-02-11,
SPE00119981,2025-02-12,
SPE00119981,2025-02-13,
SPE00119981,2025-02-14,
SPE00119981,2025-02-15,
SPE00119981,2025-02-16,
SPE00119981,2025-02-17,
SPE00119981,2025-02-18,
SPE00119981,2025-02-19,
SPE00119981,2025-02-20,
SPE00119981,2025-02-21,
SPE00119981,2025-02-22,
SPE00119981,2025-02-23,
SPE00119981,2025-02-24,
SPE00119981,2025-02-25,
SPE00119981,2025-02-26,
SPE00119981,2025-02-27,
SPE00119981,2025-03-01,
SPE00119981,2025-03-02,
SPE00119981,2025-03-03,
SPE00119981,2025-03-04,
SPE00119981,2025-03-05,
SPE00119981,2025-03-06,
SPE00119981,2025-03-07,
SPE00119981,2025-03-08,
SPE00119981,2025-03-09,
SPE00119981,2025-03-10,
SPE00119981,2025-03-11,
SPE00119981,2025-03-12,
SPE00119981,2025-03-13,
SPE00119981,2025-03-14,
SPE00119981,2025-03-15,
SPE00119981,2025-03-16,
SPE00119981,2025-03-17,
SPE00119981,2025-03-18,
SPE00119981,2025-03-19,
SPE00119981,2025-03-20,
SPE00119981,2025-03-21,
SPE00119981,2025-03-22,
SPE00119981,2025-03-23,
SPE00119981,2025-03-24,
SPE00119981,2025-03-25,
SPE00119981,2025-03-26,
SPE00119981,2025-03-27,
SPE00119981,2025-03-28,
SPE00119981,2025-03-29,
SPE00119981,2025-03-30,
SPE00119981,2025-03-31,
SPE00119981,2025-04-01,
SPE00119981,2025-04-02,
SPE00119981,2025-04-03,
SPE00119981,2025-04-04,
SPE00119981,2025-04-05,
SPE00119981,2025-04-06,
SPE00119981,2025-04-07,
SPE00119981,2025-04-08,
SPE00119981,2025-04-09,
SPE00119981,2025-04-10,
SPE00119981,2025-04-11,
SPE00119981,2025-04-12,
SPE00119981,2025-04-13,
SPE00119981,2025-04-14,
SPE00119981,2025-04-15,
SPE00119981,2025-04-16,
SPE00119981,2025-04-17,
SPE00119981,2025-04-18,
SPE00119981,2025-04-19,
SPE00119981,2025-04-20,
SPE00119981,2025-04-21,
SPE00119981,2025-04-22,
SPE00119981,2025-04-23,
SPE00119981,2025-04-24,
SPE00119981,2025-04-25,
SPE00119981,2025-04-26,
SPE00119981,2025-04-27,
SPE00119981,2025-04-28,
SPE00119981,2025-04-29,
SPE00119981,2025-04-30,
SPE00119981,2025-05-01,
SPE00119981,2025-05-02,
SPE00119981,2025-05-03,
SPE00119981,2025-05-04,
SPE00119981,2025-05-05,
SPE00119981,2025-05-06,
SPE00119981,2025-05-07,
SPE00119981,2025-05-08,
SPE00119981,2025-05-09,
SPE00119981,2025-05-10,
SPE00119981,2025-05-11,
SPE00119981,2025-05-12,
SPE00119981,2025-05-13,
SPE00119981,2025-05-14,
SPE00119981,2025-05-15,
SPE00119981,2025-05-16,
SPE00119981,2025-05-17,
SPE00119981,2025-05-18,
SPE00119981,2025-05-19,
SPE00119981,2025-05-20,
SPE00119981,2025-05-21,
SPE00119981,2025-05-22,
SPE00119981,2025-05-23,
SPE00119981,2025-05-24,
SPE00119981,2025-05-25,
SPE00119981,2025-05-26,
SPE00119981,2025-05-27,
SPE00119981,2025-05-28,
SPE00119981,2025-05-29,
SPE00119981,2025-05-30,
SPE00119981,2025-05-31,
SPE00119981,2025-06-01,
SPE00119981,2025-06-02,
SPE00119981,2025-06-03,
SPE00119981,2025-06-04,
SPE00119981,2025-06-05,
SPE00119981,2025-06-06,
SPE00119981,2025-06-07,
SPE00119981,2025-06-08,
SPE00119981,2025-06-09,
SPE00119981,2025-06-10,
SPE00119981,2025-06-11,
SPE00119981,2025-06-12,
SPE00119981,2025-06-13,
SPE00119981,2025-06-14,
SPE00119981,2025-06-15,
SPE00119981,2025-06-16,
SPE00119981,2025-06-17,
SPE00119981,2025-06-18,
SPE00119981,2025-06-19,
SPE00119981,2025-06-20,
SPE00119981,2025-06-21,
SPE00119981,2025-06-22,
SPE00119981,2025-06-23,
SPE00119981,2025-06-24,
SPE00119981,2025-06-25,
SPE00119981,2025-06-26,
SPE00119981,2025-06-27,
SPE00119981,2025-06-28,
SPE00119981,2025-06-29,
SPE00119981,2025-06-30,
SPE00119981,2025-07-01,
SPE00119981,2025-07-02,
SPE00119981,2025-07-03,
SPE00119981,2025-07-04,
SPE00119981,2025-07-05,
SPE00119981,2025-07-06,
SPE00119981,2025-07-07,
SPE00119981,2025-07-08,
SPE00119981,2025-07-09,
SPE00119981,2025-07-10,
SPE00119981,2025-07-11,
SPE00119981,2025-07-12,
SPE00119981,2025-07-13,
SPE00119981,2025-07-14,
SPE00119981,2025-07-15,
SPE00119981,2025-07-16,
SPE00119981,2025-07-17,
SPE00119981,2025-07-18,
SPE00119981,2025-07-19,
SPE00119981,2025-07-20,
SPE00119981,2025-07-21,
SPE00119981,2025-07-22,
SPE00119981,2025-07-23,
SPE00119981,2025-07-24,
SPE00119981,2025-07-25,
SPE00119981,2025-07-26,
SPE00119981,2025-07-27,
SPE00119981,2025-07-28,
SPE00119981,2025-07-29,
SPE00119981,2025-07-30,
SPE00119981,2025-07-31,
SPE00119981,2025-08-01,
SPE00119981,2025-08-02,
SPE00119981,2025-08-03,
SPE00119981,2025-08-04,
SPE00119981,2025-08-05,
SPE00119981,2025-08-06,
SPE00119981,2025-08-07,
SPE00119981,2025-08-08,
SPE00119981,2025-08-09,
SPE00119981,2025-08-10,
SPE00119981,2025-08-11,
SPE00119981,2025-08-12,
SPE00119981,2025-08-13,
SPE00119981,2025-08-14,
SPE00119981,2025-08-15,
SPE00119981,2025-08-16,
SPE00119981,2025-08-17,
SPE00119981,2025-08-18,
SPE00119981,2025-08-19,
SPE00119981,2025-08-20,
SPE00119981,2025-08-21,
SPE00119981,2025-08-22,
SPE00119981,2025-08-23,
SPE00119981,2025-08-24,
SPE00119981,2025-08-25,
SPE00119981,2025-08-26,
SPE00119981,2025-08-27,
SPE00119981,2025-08-28,
SPE00119981,2025-08-29,
SPE00119981,2025-09-03,
SPE00119981,2025-09-04,
SPE00119981,2025-09-05,
SPE00119981,2025-09-06,
SPE00119981,2025-09-07,
SPE00119981,2025-09-08,
SPE00119981,2025-09-09,
SPE00119981,2025-09-10,
SPE00119981,2025-09-11,
SPE00119981,2025-09-12,
SPE00119981,2025-09-13,
SPE00119981,2025-09-14,
SPE00119981,2025-09-15,
SPE00119981,2025-09-16,
SPE00119981,2025-09-17,
SPE00119981,2025-09-18,
SPE00119981,2025-09-19,
SPE00119981,2025-09-20,
SPE00119981,2025-09-21,
SPE00119981,2025-09-22,
SPE00119981,2025-09-23,
SPE00119981,2025-09-24,
SPE00119981,2025-09-25,
SPE00119981,2025-09-26,
SPE00119981,2025-09-27,
SPE00119981,2025-09-28,
SPE00119981,2025-09-29,
SPE00119981,2025-09-30,
SPE00119981,2025-10-01,
SPE00119981,2025-10-02,
SPE00119981,2025-10-03,
SPE00119981,2025-10-04,
SPE00119981,2025-10-05,
SPE00119981,2025-10-06,
SPE00119981,2025-10-07,
SPE00119981,2025-10-08,
SPE00119981,2025-10-09,
SPE00119981,2025-10-10,
SPE00119981,2025-10-11,
SPE00119981,2025-10-12,
SPE00119981,2025-10-13,
SPE00119981,2025-10-14,
SPE00119981,2025-10-15,
SPE00119981,2025-10-16,
SPE00119981,2025-10-17,
SPE00119981,2025-10-18,
SPE00119981,2025-10-19,
SPE00119981,2025-10-20,
SPE00119981,2025-10-21,
SPE00119981,2025-10-22,
SPE00119981,2025-10-23,
SPE00119981,2025-10-24,
SPE00119981,2025-10-25,
SPE00119981,2025-10-26,
SPE00119981,2025-10-27,
SPE00119981,2025-10-28,
SPE00119981,2025-10-29,
SPE00119981,2025-10-30,
SPE00119981,2025-10-31,
SPE00119981,2025-11-01,
SPE00119981,2025-11-02,
SPE00119981,2025-11-03,
SPE00119981,2025-11-04,
SPE00119981,2025-11-05,
SPE00119981,2025-11-06,
SPE00119981,2025-11-07,
SPE00119981,2025-11-08,
SPE00119981,2025-11-09,
SPE00119981,2025-11-10,
SPE00119981,2025-11-11,
SPE00119981,2025-11-12,
SPE00119981,2025-11-13,
SPE00119981,2025-11-14,
SPE00119981,2025-11-15,
SPE00119981,2025-11-16,
SPE00119981,2025-11-17,
SPE00119981,2025-11-18,
SPE00119981,2025-11-19,
SPE00119981,2025-11-20,
SPE00119981,2025-11-21,
SPE00119981,2025-11-22,
SPE00119981,2025-11-23,
SPE00119981,2025-11-24,
SPE00119981,2025-11-25,
SPE00119981,2025-11-26,
SPE00119981,2025-11-27,
SPE00119981,2025-11-28,
SPE00119981,2025-11-29,
SPE00119981,2025-11-30,
SPE00119981,2025-12-01,
SPE00119981,2025-12-02,
SPE00119981,2025-12-03,
SPE00119981,2025-12-04,
SPE00119981,2025-12-05,
SPE00119981,2025-12-06,
SPE00119981,2025-12-07,
SPE00119981,2025-12-08,
SPE00119981,2025-12-09,
SPE00119981,2025-12-10,
SPE00119981,2025-12-11,
SPE00119981,2025-12-12,
SPE00119981,2025-12-13,
SPE00119981,2025-12-14,
SPE00119981,2025-12-15,
SPE00119981,2025-12-16,
SPE00119981,2025-12-17,
SPE00119981,2025-12-18,
SPE00119981,2025-12-19,
SPE00119981,2025-12-20,
SPE00119981,2025-12-21,
SPE00119981,2025-12-22,
SPE00119981,2025-12-23,
SPE00119981,2025-12-24,
SPE00119981,2025-12-25,
SPE00119981,2025-12-26,
SPE00119981,2025-12-27,
SPE00119981,2025-12-28,
SPE00119981,2025-12-29,
SPE00119981,2025-12-30,
SPE00119981,2025-12-31,
SPE00120107,2025-01-01,10.61
SPE00120107,2025-01-02,11.28
SPE00120107,2025-01-03,7.5
SPE00120107,2025-01-04,6.0
SPE00120107,2025-01-05,10.61
SPE00120107,2025-01-06,11.0
SPE00120107,2025-01-07,9.22
SPE00120107,2025-01-08,10.5
SPE00120107,2025-01-09,13.0
SPE00120107,2025-01-10,10.89
SPE00120107,2025-01-11,17.61
SPE00120107,2025-01-12,13.78
SPE00120107,2025-01-13,12.39
SPE00120107,2025-01-14,12.61
SPE00120107,2025-01-15,12.39
SPE00120107,2025-01-16,12.89
SPE00120107,2025-01-17,11.5
SPE00120107,2025-01-18,12.28
SPE00120107,2025-01-19,10.39
SPE00120107,2025-01-20,6.28
SPE00120107,2025-01-21,11.78
SPE00120107,2025-01-22,11.78
SPE00120107,2025-01-23,14.22
SPE00120107,2025-01-24,13.11
SPE00120107,2025-01-25,11.0
SPE00120107,2025-01-26,13.28
SPE00120107,2025-01-27,14.11
SPE00120107,2025-01-28,10.5
SPE00120107,2025-01-29,7.89
SPE00120107,2025-01-30,10.61
SPE00120107,2025-01-31,11.11
SPE00120107,2025-02-01,13.22
SPE00120107,2025-02-02,11.22
SPE00120107,2025-02-03,13.39
SPE00120107,2025-02-04,14.22
SPE00120107,2025-02-05,14.89
SPE00120107,2025-02-06,14.78
SPE00120107,2025-02-07,9.0
SPE00120107,2025-02-08,11.61
SPE00120107,2025-02-09,16.11
SPE00120107,2025-02-10,14.78
SPE00120107,2025-02-11,13.22
SPE00120107,2025-02-12,12.89
SPE00120107,2025-02-13,14.28
SPE00120107,2025-02-14,16.22
SPE00120107,2025-02-15,17.39
SPE00120107,2025-02-16,18.78
SPE00120107,2025-02-17,16.0
SPE00120107,2025-02-18,17.22
SPE00120107,2025-02-19,17.61
SPE00120107,2025-02-20,17.39
SPE00120107,2025-02-21,15.11
SPE00120107,2025-02-22,14.28
SPE00120107,2025-02-23,16.28
SPE00120107,2025-02-24,12.5
SPE00120107,2025-02-25,12.61
SPE00120107,2025-02-26,13.89
SPE00120107,2025-02-27,13.61
SPE00120107,2025-02-28,10.28
SPE00120107,2025-03-01,9.22
SPE00120107,2025-03-02,5.61
SPE00120107,2025-03-03,12.39
SPE00120107,2025-03-04,16.89
SPE00120107,2025-03-05,14.22
SPE00120107,2025-03-06,13.0
SPE00120107,2025-03-07,12.61
SPE00120107,2025-03-08,11.11
SPE00120107,2025-03-09,10.78
SPE00120107,2025-03-10,11.78
SPE00120107,2025-03-11,11.22
SPE00120107,2025-03-12,13.11
SPE00120107,2025-03-13,12.22
SPE00120107,2025-03-14,9.39
SPE00120107,2025-03-15,10.11
SPE00120107,2025-03-16,9.28
SPE00120107,2025-03-17,9.89
SPE00120107,2025-03-18,11.0
SPE00120107,2025-03-19,17.78
SPE00120107,2025-03-20,16.61
SPE00120107,2025-03-21,11.28
SPE00120107,2025-03-22,10.22
SPE00120107,2025-03-23,11.78
SPE00120107,2025-03-24,15.0
SPE00120107,2025-03-25,16.11
SPE00120107,2025-03-26,15.89
SPE00120107,2025-03-27,14.61
SPE00120107,2025-03-28,17.72
SPE00120107,2025-03-29,17.0
SPE00120107,2025-03-30,21.28
SPE00120107,2025-03-31,25.0
SPE00120107,2025-04-01,23.39
SPE00120107,2025-04-02,18.0
SPE00120107,2025-04-03,10.89
SPE00120107,2025-04-04,17.0
SPE00120107,2025-04-05,16.89
SPE00120107,2025-04-06,20.5
SPE00120107,2025-04-07,23.0
SPE00120107,2025-04-08,24.89
SPE00120107,2025-04-09,24.28
SPE00120107,2025-04-10,24.0
SPE00120107,2025-04-11,16.89
SPE00120107,2025-04-12,18.0
SPE00120107,2025-04-13,19.11
SPE00120107,2025-04-14,17.22
SPE00120107,2025-04-15,11.61
SPE00120107,2025-04-16,11.72
SPE00120107,2025-04-17,18.78
SPE00120107,2025-04-18,18.0
SPE00120107,2025-04-19,12.0
SPE00120107,2025-04-20,15.72
SPE00120107,2025-04-21,18.72
SPE00120107,2025-04-22,17.72
SPE00120107,2025-04-23,21.89
SPE00120107,2025-04-24,25.78
SPE00120107,2025-04-25,25.89
SPE00120107,2025-04-26,21.0
SPE00120107,2025-04-27,20.78
SPE00120107,2025-04-28,18.5
SPE00120107,2025-04-29,22.39
SPE00120107,2025-04-30,23.39
SPE00120107,2025-05-01,22.11
SPE00120107,2025-05-02,18.78
SPE00120107,2025-05-03,20.39
SPE00120107,2025-05-04,17.28
SPE00120107,2025-05-05,18.61
SPE00120107,2025-05-06,17.0
SPE00120107,2025-05-07,20.28
SPE00120107,2025-05-08,18.11
SPE00120107,2025-05-09,17.72
SPE00120107,2025-05-10,17.89
SPE00120107,2025-05-11,18.39
SPE00120107,2025-05-12,20.11
SPE00120107,2025-05-13,21.11
SPE00120107,2025-05-14,21.89
SPE00120107,2025-05-15,20.0
SPE00120107,2025-05-16,23.72
SPE00120107,2025-05-17,24.61
SPE00120107,2025-05-18,27.22
SPE00120107,2025-05-19,19.89
SPE00120107,2025-05-20,23.22
SPE00120107,2025-05-21,26.0
SPE00120107,2025-05-22,22.22
SPE00120107,2025-05-23,23.39
SPE00120107,2025-05-24,26.11
SPE00120107,2025-05-25,28.72
SPE00120107,2025-05-26,29.5
SPE00120107,2025-05-27,31.22
SPE00120107,2025-05-28,32.22
SPE00120107,2025-05-29,33.11
SPE00120107,2025-05-30,34.28
SPE00120107,2025-05-31,31.78
SPE00120107,2025-06-01,32.89
SPE00120107,2025-06-02,30.78
SPE00120107,2025-06-03,26.11
SPE00120107,2025-06-04,24.78
SPE00120107,2025-06-05,28.28
SPE00120107,2025-06-06,30.22
SPE00120107,2025-06-07,31.28
SPE00120107,2025-06-08,33.22
SPE00120107,2025-06-09,36.61
SPE00120107,2025-06-10,34.89
SPE00120107,2025-06-11,30.5
SPE00120107,2025-06-12,29.22
SPE00120107,2025-06-13,31.78
SPE00120107,2025-06-14,33.78
SPE00120107,2025-06-15,35.22
SPE00120107,2025-06-16,36.72
SPE00120107,2025-06-17,36.22
SPE00120107,2025-06-18,37.22
SPE00120107,2025-06-19,37.0
SPE00120107,2025-06-20,37.28
SPE00120107,2025-06-21,37.39
SPE00120107,2025-06-22,36.22
SPE00120107,2025-06-23,37.28
SPE00120107,2025-06-24,38.0
SPE00120107,2025-06-25,29.72
SPE00120107,2025-06-26,33.22
SPE00120107,2025-06-27,36.5
SPE00120107,2025-06-28,38.5
SPE00120107,2025-06-29,38.78
SPE00120107,2025-06-30,38.72
SPE00120107,2025-07-01,37.72
SPE00120107,2025-07-02,37.78
SPE00120107,2025-07-03,37.0
SPE00120107,2025-07-04,36.22
SPE00120107,2025-07-05,35.78
SPE00120107,2025-07-06,35.0
SPE00120107,2025-07-07,34.61
SPE00120107,2025-07-08,34.5
SPE00120107,2025-07-09,35.28
SPE00120107,2025-07-10,34.61
SPE00120107,2025-07-11,31.78
SPE00120107,2025-07-12,28.11
SPE00120107,2025-07-13,31.78
SPE00120107,2025-07-14,35.22
SPE00120107,2025-07-15,36.39
SPE00120107,2025-07-16,38.22
SPE00120107,2025-07-17,37.78
SPE00120107,2025-07-18,32.61
SPE00120107,2025-07-19,
SPE00120107,2025-07-20,
SPE00120107,2025-07-21,31.11
SPE00120107,2025-07-22,33.28
SPE00120107,2025-07-23,31.39
SPE00120107,2025-07-24,28.28
SPE00120107,2025-07-25,30.0
SPE00120107,2025-07-26,32.78
SPE00120107,2025-07-27,35.28
SPE00120107,2025-07-28,31.28
SPE00120107,2025-07-29,30.72
SPE00120107,2025-07-30,33.0
SPE00120107,2025-07-31,34.72
SPE00120107,2025-08-01,32.5
SPE00120107,2025-08-02,34.39
SPE00120107,2025-08-03,37.22
SPE00120107,2025-08-04,37.72
SPE00120107,2025-08-05,39.5
SPE00120107,2025-08-06,37.22
SPE00120107,2025-08-07,39.22
SPE00120107,2025-08-08,40.28
SPE00120107,2025-08-09,40.11
SPE00120107,2025-08-10,39.22
SPE00120107,2025-08-11,39.28
SPE00120107,2025-08-12,38.78
SPE00120107,2025-08-13,35.78
SPE00120107,2025-08-14,37.78
SPE00120107,2025-08-15,39.22
SPE00120107,2025-08-16,40.11
SPE00120107,2025-08-17,40.22
SPE00120107,2025-08-18,35.5
SPE00120107,2025-08-19,32.39
SPE00120107,2025-08-20,29.0
SPE00120107,2025-08-21,29.28
SPE00120107,2025-08-22,30.78
SPE00120107,2025-08-23,33.0
SPE00120107,2025-08-24,33.78
SPE00120107,2025-08-25,
SPE00120107,2025-08-26,
SPE00120107,2025-08-27,
SPE00120107,2025-08-28,
SPE00120107,2025-08-29,
SPE00120107,2025-08-30,
SPE00120107,2025-08-31,
SPE00120107,2025-09-01,
SPE00120107,2025-09-02,
SPE00120107,2025-09-03,
SPE00120107,2025-09-04,
SPE00120107,2025-09-05,
SPE00120107,2025-09-06,
SPE00120107,2025-09-07,
SPE00120107,2025-09-08,
SPE00120107,2025-09-09,
SPE00120107,2025-09-10,
SPE00120107,2025-09-11,
SPE00120107,2025-09-12,
SPE00120107,2025-09-13,
SPE00120107,2025-09-14,
SPE00120107,2025-09-15,
SPE00120107,2025-09-16,
SPE00120107,2025-09-17,
SPE00120107,2025-09-18,
SPE00120107,2025-09-19,
SPE00120107,2025-09-20,
SPE00120107,2025-09-21,
SPE00120107,2025-09-22,
SPE00120107,2025-09-23,
SPE00120107,2025-09-24,
SPE00120107,2025-09-25,
SPE00120107,2025-09-26,
SPE00120107,2025-09-27,
SPE00120107,2025-09-28,
SPE00120107,2025-09-29,
SPE00120107,2025-09-30,
SPE00120107,2025-10-01,
SPE00120107,2025-10-02,
SPE00120107,2025-10-03,
SPE00120107,2025-10-04,
SPE00120107,2025-10-05,
SPE00120107,2025-10-06,
SPE00120107,2025-10-07,
SPE00120107,2025-10-08,
SPE00120107,2025-10-09,
SPE00120107,2025-10-10,
SPE00120107,2025-10-11,
SPE00120107,2025-10-12,
SPE00120107,2025-10-13,
SPE00120107,2025-10-14,
SPE00120107,2025-10-15,
SPE00120107,2025-10-16,
SPE00120107,2025-10-17,
SPE00120107,2025-10-18,
SPE00120107,2025-10-19,
SPE00120107,2025-10-20,
SPE00120107,2025-10-21,
SPE00120107,2025-10-22,
SPE00120107,2025-10-23,
SPE00120107,2025-10-24,
SPE00120107,2025-10-25,
SPE00120107,2025-10-26,
SPE00120107,2025-10-27,
SPE00120107,2025-10-28,
SPE00120107,2025-10-29,
SPE00120107,2025-10-30,
SPE00120107,2025-10-31,
SPE00120107,2025-11-01,
SPE00120107,2025-11-02,
SPE00120107,2025-11-03,
SPE00120107,2025-11-04,
SPE00120107,2025-11-05,
SPE00120107,2025-11-06,
SPE00120107,2025-11-07,
SPE00120107,2025-11-08,
SPE00120107,2025-11-09,
SPE00120107,2025-11-10,
SPE00120107,2025-11-11,
SPE00120107,2025-11-12,
SPE00120107,2025-11-13,
SPE00120107,2025-11-14,
SPE00120107,2025-11-15,
SPE00120107,2025-11-16,
SPE00120107,2025-11-17,
SPE00120107,2025-11-18,
SPE00120107,2025-11-19,
SPE00120107,2025-11-20,
SPE00120107,2025-11-21,
SPE00120107,2025-11-22,
SPE00120107,2025-11-23,
SPE00120107,2025-11-24,
SPE00120107,2025-11-25,
SPE00120107,2025-11-26,
SPE00120107,2025-11-27,
SPE00120107,2025-11-28,
SPE00120107,2025-11-29,
SPE00120107,2025-11-30,
SPE00120107,2025-12-01,
SPE00120107,2025-12-02,
SPE00120107,2025-12-03,
SPE00120107,2025-12-04,
SPE00120107,2025-12-05,
SPE00120107,2025-12-06,
SPE00120107,2025-12-07,
SPE00120107,2025-12-08,
SPE00120107,2025-12-09,
SPE00120107,2025-12-10,
SPE00120107,2025-12-11,
SPE00120107,2025-12-12,
SPE00120107,2025-12-13,
SPE00120107,2025-12-14,
SPE00120107,2025-12-15,
SPE00120107,2025-12-16,
SPE00120107,2025-12-17,
SPE00120107,2025-12-18,
SPE00120107,2025-12-19,
SPE00120107,2025-12-20,
SPE00120107,2025-12-21,
SPE00120107,2025-12-22,
SPE00120107,2025-12-23,
SPE00120107,2025-12-24,
SPE00120107,2025-12-25,
SPE00120107,2025-12-26,
SPE00120107,2025-12-27,
SPE00120107,2025-12-28,
SPE00120107,2025-12-29,
SPE00120107,2025-12-30,
SPE00120107,2025-12-31,
SPE00120152,2025-01-01,16.89
SPE00120152,2025-01-02,17.89
SPE00120152,2025-01-03,17.78
SPE00120152,2025-01-04,16.78
SPE00120152,2025-01-05,18.28
SPE00120152,2025-01-06,17.72
SPE00120152,2025-01-07,17.22
SPE00120152,2025-01-08,18.5
SPE00120152,2025-01-09,18.89
SPE00120152,2025-01-10,18.39
SPE00120152,2025-01-11,19.0
SPE00120152,2025-01-12,20.72
SPE00120152,2025-01-13,17.11
SPE00120152,2025-01-14,15.72
SPE00120152,2025-01-15,16.78
SPE00120152,2025-01-16,16.72
SPE00120152,2025-01-17,15.78
SPE00120152,2025-01-18,17.39
SPE00120152,2025-01-19,15.89
SPE00120152,2025-01-20,16.11
SPE00120152,2025-01-21,17.22
SPE00120152,2025-01-22,19.72
SPE00120152,2025-01-23,18.89
SPE00120152,2025-01-24,17.22
SPE00120152,2025-01-25,19.39
SPE00120152,2025-01-26,18.22
SPE00120152,2025-01-27,18.5
SPE00120152,2025-01-28,16.61
SPE00120152,2025-01-29,16.22
SPE00120152,2025-01-30,15.5
SPE00120152,2025-01-31,17.72
SPE00120152,2025-02-01,16.28
SPE00120152,2025-02-02,16.39
SPE00120152,2025-02-03,15.39
SPE00120152,2025-02-04,18.22
SPE00120152,2025-02-05,18.28
SPE00120152,2025-02-06,19.28
SPE00120152,2025-02-07,17.39
SPE00120152,2025-02-08,17.28
SPE00120152,2025-02-09,18.89
SPE00120152,2025-02-10,18.11
SPE00120152,2025-02-11,16.39
SPE00120152,2025-02-12,18.39
SPE00120152,2025-02-13,19.22
SPE00120152,2025-02-14,18.28
SPE00120152,2025-02-15,19.78
SPE00120152,2025-02-16,19.72
SPE00120152,2025-02-17,17.28
SPE00120152,2025-02-18,18.11
SPE00120152,2025-02-19,19.72
SPE00120152,2025-02-20,23.5
SPE00120152,2025-02-21,19.11
SPE00120152,2025-02-22,19.0
SPE00120152,2025-02-23,20.11
SPE00120152,2025-02-24,21.0
SPE00120152,2025-02-25,18.89
SPE00120152,2025-02-26,19.72
SPE00120152,2025-02-27,17.22
SPE00120152,2025-02-28,12.5
SPE00120152,2025-03-01,18.78
SPE00120152,2025-03-02,13.78
SPE00120152,2025-03-03,18.89
SPE00120152,2025-03-04,19.28
SPE00120152,2025-03-05,15.61
SPE00120152,2025-03-06,19.89
SPE00120152,2025-03-07,17.61
SPE00120152,2025-03-08,16.0
SPE00120152,2025-03-09,15.0
SPE00120152,2025-03-10,18.0
SPE00120152,2025-03-11,18.78
SPE00120152,2025-03-12,15.89
SPE00120152,2025-03-13,16.28
SPE00120152,2025-03-14,17.61
SPE00120152,2025-03-15,17.0
SPE00120152,2025-03-16,
SPE00120152,2025-03-17,
SPE00120152,2025-03-18,
SPE00120152,2025-03-19,20.61
SPE00120152,2025-03-20,19.22
SPE00120152,2025-03-21,17.0
SPE00120152,2025-03-22,16.22
SPE00120152,2025-03-23,16.39
SPE00120152,2025-03-24,12.5
SPE00120152,2025-03-25,18.78
SPE00120152,2025-03-26,21.61
SPE00120152,2025-03-27,19.89
SPE00120152,2025-03-28,23.11
SPE00120152,2025-03-29,26.89
SPE00120152,2025-03-30,23.78
SPE00120152,2025-03-31,26.28
SPE00120152,2025-04-01,21.72
SPE00120152,2025-04-02,19.28
SPE00120152,2025-04-03,18.5
SPE00120152,2025-04-04,18.89
SPE00120152,2025-04-05,19.78
SPE00120152,2025-04-06,20.28
SPE00120152,2025-04-07,23.61
SPE00120152,2025-04-08,27.5
SPE00120152,2025-04-09,26.11
SPE00120152,2025-04-10,25.78
SPE00120152,2025-04-11,24.28
SPE00120152,2025-04-12,20.61
SPE00120152,2025-04-13,23.39
SPE00120152,2025-04-14,20.11
SPE00120152,2025-04-15,17.39
SPE00120152,2025-04-16,18.5
SPE00120152,2025-04-17,20.5
SPE00120152,2025-04-18,20.5
SPE00120152,2025-04-19,20.22
SPE00120152,2025-04-20,20.5
SPE00120152,2025-04-21,21.78
SPE00120152,2025-04-22,22.28
SPE00120152,2025-04-23,27.39
SPE00120152,2025-04-24,29.39
SPE00120152,2025-04-25,26.28
SPE00120152,2025-04-26,26.5
SPE00120152,2025-04-27,27.61
SPE00120152,2025-04-28,28.5
SPE00120152,2025-04-29,21.61
SPE00120152,2025-04-30,19.89
SPE00120152,2025-05-01,24.72
SPE00120152,2025-05-02,21.22
SPE00120152,2025-05-03,22.72
SPE00120152,2025-05-04,21.5
SPE00120152,2025-05-05,22.39
SPE00120152,2025-05-06,22.5
SPE00120152,2025-05-07,20.39
SPE00120152,2025-05-08,21.61
SPE00120152,2025-05-09,22.89
SPE00120152,2025-05-10,21.72
SPE00120152,2025-05-11,23.89
SPE00120152,2025-05-12,22.78
SPE00120152,2025-05-13,23.78
SPE00120152,2025-05-14,25.0
SPE00120152,2025-05-15,25.72
SPE00120152,2025-05-16,27.11
SPE00120152,2025-05-17,28.5
SPE00120152,2025-05-18,24.0
SPE00120152,2025-05-19,23.78
SPE00120152,2025-05-20,30.11
SPE00120152,2025-05-21,31.89
SPE00120152,2025-05-22,32.89
SPE00120152,2025-05-23,25.89
SPE00120152,2025-05-24,27.89
SPE00120152,2025-05-25,32.72
SPE00120152,2025-05-26,33.78
SPE00120152,2025-05-27,31.61
SPE00120152,2025-05-28,34.72
SPE00120152,2025-05-29,35.72
SPE00120152,2025-05-30,37.78
SPE00120152,2025-05-31,32.28
SPE00120152,2025-06-01,27.11
SPE00120152,2025-06-02,25.11
SPE00120152,2025-06-03,25.28
SPE00120152,2025-06-04,27.11
SPE00120152,2025-06-05,31.39
SPE00120152,2025-06-06,30.72
SPE00120152,2025-06-07,36.72
SPE00120152,2025-06-08,38.22
SPE00120152,2025-06-09,28.0
SPE00120152,2025-06-10,28.61
SPE00120152,2025-06-11,26.61
SPE00120152,2025-06-12,20.39
SPE00120152,2025-06-13,31.89
SPE00120152,2025-06-14,35.39
SPE00120152,2025-06-15,34.28
SPE00120152,2025-06-16,38.61
SPE00120152,2025-06-17,33.72
SPE00120152,2025-06-18,33.39
SPE00120152,2025-06-19,41.11
SPE00120152,2025-06-20,33.72
SPE00120152,2025-06-21,33.28
SPE00120152,2025-06-22,34.0
SPE00120152,2025-06-23,29.89
SPE00120152,2025-06-24,27.22
SPE00120152,2025-06-25,27.22
SPE00120152,2025-06-26,35.61
SPE00120152,2025-06-27,39.5
SPE00120152,2025-06-28,40.11
SPE00120152,2025-06-29,40.89
SPE00120152,2025-06-30,40.5
SPE00120152,2025-07-01,39.72
SPE00120152,2025-07-02,37.28
SPE00120152,2025-07-03,32.0
SPE00120152,2025-07-04,31.11
SPE00120152,2025-07-05,30.61
SPE00120152,2025-07-06,31.28
SPE00120152,2025-07-07,33.89
SPE00120152,2025-07-08,27.72
SPE00120152,2025-07-09,29.22
SPE00120152,2025-07-10,30.11
SPE00120152,2025-07-11,26.22
SPE00120152,2025-07-12,27.78
SPE00120152,2025-07-13,31.5
SPE00120152,2025-07-14,35.11
SPE00120152,2025-07-15,35.72
SPE00120152,2025-07-16,33.28
SPE00120152,2025-07-17,38.0
SPE00120152,2025-07-18,34.78
SPE00120152,2025-07-19,34.22
SPE00120152,2025-07-20,33.11
SPE00120152,2025-07-21,33.39
SPE00120152,2025-07-22,31.28
SPE00120152,2025-07-23,32.11
SPE00120152,2025-07-24,33.78
SPE00120152,2025-07-25,35.72
SPE00120152,2025-07-26,36.11
SPE00120152,2025-07-27,30.89
SPE00120152,2025-07-28,35.5
SPE00120152,2025-07-29,30.22
SPE00120152,2025-07-30,36.0
SPE00120152,2025-07-31,35.39
SPE00120152,2025-08-01,34.78
SPE00120152,2025-08-02,37.28
SPE00120152,2025-08-03,34.22
SPE00120152,2025-08-04,33.72
SPE00120152,2025-08-05,33.72
SPE00120152,2025-08-06,31.5
SPE00120152,2025-08-07,31.11
SPE00120152,2025-08-08,30.28
SPE00120152,2025-08-09,33.11
SPE00120152,2025-08-10,30.11
SPE00120152,2025-08-11,40.39
SPE00120152,2025-08-12,41.11
SPE00120152,2025-08-13,39.89
SPE00120152,2025-08-14,36.89
SPE00120152,2025-08-15,37.28
SPE00120152,2025-08-16,40.28
SPE00120152,2025-08-17,42.61
SPE00120152,2025-08-18,38.39
SPE00120152,2025-08-19,34.61
SPE00120152,2025-08-20,32.61
SPE00120152,2025-08-21,31.72
SPE00120152,2025-08-22,32.0
SPE00120152,2025-08-23,28.11
SPE00120152,2025-08-24,29.89
SPE00120152,2025-08-25,
SPE00120152,2025-08-26,
SPE00120152,2025-08-27,
SPE00120152,2025-08-28,
SPE00120152,2025-08-29,
SPE00120152,2025-08-30,
SPE00120152,2025-08-31,
SPE00120152,2025-09-01,
SPE00120152,2025-09-02,
SPE00120152,2025-09-03,
SPE00120152,2025-09-04,
SPE00120152,2025-09-05,
SPE00120152,2025-09-06,
SPE00120152,2025-09-07,
SPE00120152,2025-09-08,
SPE00120152,2025-09-09,
SPE00120152,2025-09-10,
SPE00120152,2025-09-11,
SPE00120152,2025-09-12,
SPE00120152,2025-09-13,
SPE00120152,2025-09-14,
SPE00120152,2025-09-15,
SPE00120152,2025-09-16,
SPE00120152,2025-09-17,
SPE00120152,2025-09-18,
SPE00120152,2025-09-19,
SPE00120152,2025-09-20,
SPE00120152,2025-09-21,
SPE00120152,2025-09-22,
SPE00120152,2025-09-23,
SPE00120152,2025-09-24,
SPE00120152,2025-09-25,
SPE00120152,2025-09-26,
SPE00120152,2025-09-27,
SPE00120152,2025-09-28,
SPE00120152,2025-09-29,
SPE00120152,2025-09-30,
SPE00120152,2025-10-01,
SPE00120152,2025-10-02,
SPE00120152,2025-10-03,
SPE00120152,2025-10-04,
SPE00120152,2025-10-05,
SPE00120152,2025-10-06,
SPE00120152,2025-10-07,
SPE00120152,2025-10-08,
SPE00120152,2025-10-09,
SPE00120152,2025-10-10,
SPE00120152,2025-10-11,
SPE00120152,2025-10-12,
SPE00120152,2025-10-13,
SPE00120152,2025-10-14,
SPE00120152,2025-10-15,
SPE00120152,2025-10-16,
SPE00120152,2025-10-17,
SPE00120152,2025-10-18,
SPE00120152,2025-10-19,
SPE00120152,2025-10-20,
SPE00120152,2025-10-21,
SPE00120152,2025-10-22,
SPE00120152,2025-10-23,
SPE00120152,2025-10-24,
SPE00120152,2025-10-25,
SPE00120152,2025-10-26,
SPE00120152,2025-10-27,
SPE00120152,2025-10-28,
SPE00120152,2025-10-29,
SPE00120152,2025-10-30,
SPE00120152,2025-10-31,
SPE00120152,2025-11-01,
SPE00120152,2025-11-02,
SPE00120152,2025-11-03,
SPE00120152,2025-11-04,
SPE00120152,2025-11-05,
SPE00120152,2025-11-06,
SPE00120152,2025-11-07,
SPE00120152,2025-11-08,
SPE00120152,2025-11-09,
SPE00120152,2025-11-10,
SPE00120152,2025-11-11,
SPE00120152,2025-11-12,
SPE00120152,2025-11-13,
SPE00120152,2025-11-14,
SPE00120152,2025-11-15,
SPE00120152,2025-11-16,
SPE00120152,2025-11-17,
SPE00120152,2025-11-18,
SPE00120152,2025-11-19,
SPE00120152,2025-11-20,
SPE00120152,2025-11-21,
SPE00120152,2025-11-22,
SPE00120152,2025-11-23,
SPE00120152,2025-11-24,
SPE00120152,2025-11-25,
SPE00120152,2025-11-26,
SPE00120152,2025-11-27,
SPE00120152,2025-11-28,
SPE00120152,2025-11-29,
SPE00120152,2025-11-30,
SPE00120152,2025-12-01,
SPE00120152,2025-12-02,
SPE00120152,2025-12-03,
SPE00120152,2025-12-04,
SPE00120152,2025-12-05,
SPE00120152,2025-12-06,
SPE00120152,2025-12-07,
SPE00120152,2025-12-08,
SPE00120152,2025-12-09,
SPE00120152,2025-12-10,
SPE00120152,2025-12-11,
SPE00120152,2025-12-12,
SPE00120152,2025-12-13,
SPE00120152,2025-12-14,
SPE00120152,2025-12-15,
SPE00120152,2025-12-16,
SPE00120152,2025-12-17,
SPE00120152,2025-12-18,
SPE00120152,2025-12-19,
SPE00120152,2025-12-20,
SPE00120152,2025-12-21,
SPE00120152,2025-12-22,
SPE00120152,2025-12-23,
SPE00120152,2025-12-24,
SPE00120152,2025-12-25,
SPE00120152,2025-12-26,
SPE00120152,2025-12-27,
SPE00120152,2025-12-28,
SPE00120152,2025-12-29,
SPE00120152,2025-12-30,
SPE00120152,2025-12-31,
SPW00013025,2025-01-01,
SPW00013025,2025-01-02,
SPW00013025,2025-01-03,
SPW00013025,2025-01-04,
SPW00013025,2025-01-05,
SPW00013025,2025-01-06,
SPW00013025,2025-01-07,
SPW00013025,2025-01-08,
SPW00013025,2025-01-09,
SPW00013025,2025-01-10,
SPW00013025,2025-01-11,
SPW00013025,2025-01-12,
SPW00013025,2025-01-13,
SPW00013025,2025-01-14,
SPW00013025,2025-01-15,
SPW00013025,2025-01-16,
SPW00013025,2025-01-17,
SPW00013025,2025-01-18,
SPW00013025,2025-01-19,
SPW00013025,2025-01-20,
SPW00013025,2025-01-21,
SPW00013025,2025-01-22,
SPW00013025,2025-01-23,
SPW00013025,2025-01-24,
SPW00013025,2025-01-25,
SPW00013025,2025-01-26,
SPW00013025,2025-01-27,
SPW00013025,2025-01-28,
SPW00013025,2025-01-29,
SPW00013025,2025-01-30,
SPW00013025,2025-01-31,
SPW00013025,2025-02-01,
SPW00013025,2025-02-02,
SPW00013025,2025-02-03,
SPW00013025,2025-02-04,
SPW00013025,2025-02-05,
SPW00013025,2025-02-06,
SPW00013025,2025-02-07,
SPW00013025,2025-02-08,
SPW00013025,2025-02-09,
SPW00013025,2025-02-10,
SPW00013025,2025-02-11,
SPW00013025,2025-02-12,
SPW00013025,2025-02-13,
SPW00013025,2025-02-14,
SPW00013025,2025-02-15,
SPW00013025,2025-02-16,
SPW00013025,2025-02-17,
SPW00013025,2025-02-18,
SPW00013025,2025-02-19,
SPW00013025,2025-02-20,
SPW00013025,2025-02-21,
SPW00013025,2025-02-22,
SPW00013025,2025-02-23,
SPW00013025,2025-02-24,
SPW00013025,2025-02-25,
SPW00013025,2025-02-26,
SPW00013025,2025-02-27,
SPW00013025,2025-03-01,
SPW00013025,2025-03-02,
SPW00013025,2025-03-03,
SPW00013025,2025-03-04,
SPW00013025,2025-03-05,
SPW00013025,2025-03-06,
SPW00013025,2025-03-07,
SPW00013025,2025-03-08,
SPW00013025,2025-03-09,
SPW00013025,2025-03-10,
SPW00013025,2025-03-11,
SPW00013025,2025-03-12,
SPW00013025,2025-03-13,
SPW00013025,2025-03-14,
SPW00013025,2025-03-15,
SPW00013025,2025-03-16,
SPW00013025,2025-03-17,
SPW00013025,2025-03-18,
SPW00013025,2025-03-19,
SPW00013025,2025-03-20,
SPW00013025,2025-03-21,
SPW00013025,2025-03-22,
SPW00013025,2025-03-23,
SPW00013025,2025-03-24,
SPW00013025,2025-03-25,
SPW00013025,2025-03-26,
SPW00013025,2025-03-27,
SPW00013025,2025-03-28,
SPW00013025,2025-03-29,
SPW00013025,2025-03-30,
SPW00013025,2025-03-31,
SPW00013025,2025-04-01,
SPW00013025,2025-04-02,
SPW00013025,2025-04-03,
SPW00013025,2025-04-04,
SPW00013025,2025-04-05,
SPW00013025,2025-04-06,
SPW00013025,2025-04-07,
SPW00013025,2025-04-08,
SPW00013025,2025-04-09,
SPW00013025,2025-04-10,
SPW00013025,2025-04-11,
SPW00013025,2025-04-12,
SPW00013025,2025-04-13,
SPW00013025,2025-04-14,
SPW00013025,2025-04-15,
SPW00013025,2025-04-16,
SPW00013025,2025-04-17,
SPW00013025,2025-04-18,
SPW00013025,2025-04-19,
SPW00013025,2025-04-20,
SPW00013025,2025-04-21,
SPW00013025,2025-04-22,
SPW00013025,2025-04-23,
SPW00013025,2025-04-24,
SPW00013025,2025-04-25,
SPW00013025,2025-04-26,
SPW00013025,2025-04-27,
SPW00013025,2025-04-28,
SPW00013025,2025-04-29,
SPW00013025,2025-04-30,
SPW00013025,2025-05-01,
SPW00013025,2025-05-02,
SPW00013025,2025-05-03,
SPW00013025,2025-05-04,
SPW00013025,2025-05-05,
SPW00013025,2025-05-06,
SPW00013025,2025-05-07,
SPW00013025,2025-05-08,
SPW00013025,2025-05-09,
SPW00013025,2025-05-10,
SPW00013025,2025-05-11,
SPW00013025,2025-05-12,
SPW00013025,2025-05-13,
SPW00013025,2025-05-14,
SPW00013025,2025-05-15,
SPW00013025,2025-05-16,
SPW00013025,2025-05-17,
SPW00013025,2025-05-18,
SPW00013025,2025-05-19,
SPW00013025,2025-05-20,
SPW00013025,2025-05-21,
SPW00013025,2025-05-22,
SPW00013025,2025-05-23,
SPW00013025,2025-05-24,
SPW00013025,2025-05-25,
SPW00013025,2025-05-26,
SPW00013025,2025-05-27,
SPW00013025,2025-05-28,
SPW00013025,2025-05-29,
SPW00013025,2025-05-30,
SPW00013025,2025-05-31,
SPW00013025,2025-06-01,
SPW00013025,2025-06-02,
SPW00013025,2025-06-03,
SPW00013025,2025-06-04,
SPW00013025,2025-06-05,
SPW00013025,2025-06-06,
SPW00013025,2025-06-07,
SPW00013025,2025-06-08,
SPW00013025,2025-06-09,
SPW00013025,2025-06-10,
SPW00013025,2025-06-11,
SPW00013025,2025-06-12,
SPW00013025,2025-06-13,
SPW00013025,2025-06-14,
SPW00013025,2025-06-15,
SPW00013025,2025-06-16,
SPW00013025,2025-06-17,
SPW00013025,2025-06-18,
SPW00013025,2025-06-19,
SPW00013025,2025-06-20,
SPW00013025,2025-06-21,
SPW00013025,2025-06-22,
SPW00013025,2025-06-23,
SPW00013025,2025-06-24,
SPW00013025,2025-06-25,
SPW00013025,2025-06-26,
SPW00013025,2025-06-27,
SPW00013025,2025-06-28,
SPW00013025,2025-06-29,
SPW00013025,2025-06-30,
SPW00013025,2025-07-01,
SPW00013025,2025-07-02,
SPW00013025,2025-07-03,
SPW00013025,2025-07-04,
SPW00013025,2025-07-05,
SPW00013025,2025-07-06,
SPW00013025,2025-07-07,
SPW00013025,2025-07-08,
SPW00013025,2025-07-09,
SPW00013025,2025-07-10,
SPW00013025,2025-07-11,
SPW00013025,2025-07-12,
SPW00013025,2025-07-13,
SPW00013025,2025-07-14,
SPW00013025,2025-07-15,
SPW00013025,2025-07-16,
SPW00013025,2025-07-17,
SPW00013025,2025-07-18,
SPW00013025,2025-07-19,
SPW00013025,2025-07-20,
SPW00013025,2025-07-21,
SPW00013025,2025-07-22,
SPW00013025,2025-07-23,
SPW00013025,2025-07-24,
SPW00013025,2025-07-25,
SPW00013025,2025-07-26,
SPW00013025,2025-07-27,
SPW00013025,2025-07-28,
SPW00013025,2025-07-29,
SPW00013025,2025-07-30,
SPW00013025,2025-07-31,
SPW00013025,2025-08-01,
SPW00013025,2025-08-02,
SPW00013025,2025-08-03,
SPW00013025,2025-08-04,
SPW00013025,2025-08-05,
SPW00013025,2025-08-06,
SPW00013025,2025-08-07,
SPW00013025,2025-08-08,
SPW00013025,2025-08-09,
SPW00013025,2025-08-10,
SPW00013025,2025-08-11,
SPW00013025,2025-08-12,
SPW00013025,2025-08-13,
SPW00013025,2025-08-14,
SPW00013025,2025-08-15,
SPW00013025,2025-08-16,
SPW00013025,2025-08-17,
SPW00013025,2025-08-18,
SPW00013025,2025-08-19,
SPW00013025,2025-08-20,
SPW00013025,2025-08-21,
SPW00013025,2025-08-22,
SPW00013025,2025-08-23,
SPW00013025,2025-08-24,
SPW00013025,2025-08-25,
SPW00013025,2025-08-26,
SPW00013025,2025-08-27,
SPW00013025,2025-08-28,
SPW00013025,2025-08-29,
SPW00013025,2025-09-03,
SPW00013025,2025-09-04,
SPW00013025,2025-09-05,
SPW00013025,2025-09-06,
SPW00013025,2025-09-07,
SPW00013025,2025-09-08,
SPW00013025,2025-09-09,
SPW00013025,2025-09-10,
SPW00013025,2025-09-11,
SPW00013025,2025-09-12,
SPW00013025,2025-09-13,
SPW00013025,2025-09-14,
SPW00013025,2025-09-15,
SPW00013025,2025-09-16,
SPW00013025,2025-09-17,
SPW00013025,2025-09-18,
SPW00013025,2025-09-19,
SPW00013025,2025-09-20,
SPW00013025,2025-09-21,
SPW00013025,2025-09-22,
SPW00013025,2025-09-23,
SPW00013025,2025-09-24,
SPW00013025,2025-09-25,
SPW00013025,2025-09-26,
SPW00013025,2025-09-27,
SPW00013025,2025-09-28,
SPW00013025,2025-09-29,
SPW00013025,2025-09-30,
SPW00013025,2025-10-01,
SPW00013025,2025-10-02,
SPW00013025,2025-10-03,
SPW00013025,2025-10-04,
SPW00013025,2025-10-05,
SPW00013025,2025-10-06,
SPW00013025,2025-10-07,
SPW00013025,2025-10-08,
SPW00013025,2025-10-09,
SPW00013025,2025-10-10,
SPW00013025,2025-10-11,
SPW00013025,2025-10-12,
SPW00013025,2025-10-13,
SPW00013025,2025-10-14,
SPW00013025,2025-10-15,
SPW00013025,2025-10-16,
SPW00013025,2025-10-17,
SPW00013025,2025-10-18,
SPW00013025,2025-10-19,
SPW00013025,2025-10-20,
SPW00013025,2025-10-21,
SPW00013025,2025-10-22,
SPW00013025,2025-10-23,
SPW00013025,2025-10-24,
SPW00013025,2025-10-25,
SPW00013025,2025-10-26,
SPW00013025,2025-10-27,
SPW00013025,2025-10-28,
SPW00013025,2025-10-29,
SPW00013025,2025-10-30,
SPW00013025,2025-10-31,
SPW00013025,2025-11-01,
SPW00013025,2025-11-02,
SPW00013025,2025-11-03,
SPW00013025,2025-11-04,
SPW00013025,2025-11-05,
SPW00013025,2025-11-06,
SPW00013025,2025-11-07,
SPW00013025,2025-11-08,
SPW00013025,2025-11-09,
SPW00013025,2025-11-10,
SPW00013025,2025-11-11,
SPW00013025,2025-11-12,
SPW00013025,2025-11-13,
SPW00013025,2025-11-14,
SPW00013025,2025-11-15,
SPW00013025,2025-11-16,
SPW00013025,2025-11-17,
SPW00013025,2025-11-18,
SPW00013025,2025-11-19,
SPW00013025,2025-11-20,
SPW00013025,2025-11-21,
SPW00013025,2025-11-22,
SPW00013025,2025-11-23,
SPW00013025,2025-11-24,
SPW00013025,2025-11-25,
SPW00013025,2025-11-26,
SPW00013025,2025-11-27,
SPW00013025,2025-11-28,
SPW00013025,2025-11-29,
SPW00013025,2025-11-30,
SPW00013025,2025-12-01,
SPW00013025,2025-12-02,
SPW00013025,2025-12-03,
SPW00013025,2025-12-04,
SPW00013025,2025-12-05,
SPW00013025,2025-12-06,
SPW00013025,2025-12-07,
SPW00013025,2025-12-08,
SPW00013025,2025-12-09,
SPW00013025,2025-12-10,
SPW00013025,2025-12-11,
SPW00013025,2025-12-12,
SPW00013025,2025-12-13,
SPW00013025,2025-12-14,
SPW00013025,2025-12-15,
SPW00013025,2025-12-16,
SPW00013025,2025-12-17,
SPW00013025,2025-12-18,
SPW00013025,2025-12-19,
SPW00013025,2025-12-20,
SPW00013025,2025-12-21,
SPW00013025,2025-12-22,
SPW00013025,2025-12-23,
SPW00013025,2025-12-24,
SPW00013025,2025-12-25,
SPW00013025,2025-12-26,
SPW00013025,2025-12-27,
SPW00013025,2025-12-28,
SPW00013025,2025-12-29,
SPW00013025,2025-12-30,
SPW00013025,2025-12-31,
TH000048425,2025-01-01,30.5
TH000048425,2025-01-02,31.61
TH000048425,2025-01-03,31.5
TH000048425,2025-01-04,30.5
TH000048425,2025-01-05,29.5
TH000048425,2025-01-06,29.5
TH000048425,2025-01-07,31.22
TH000048425,2025-01-08,32.22
TH000048425,2025-01-09,32.0
TH000048425,2025-01-10,31.0
TH000048425,2025-01-11,28.5
TH000048425,2025-01-12,26.0
TH000048425,2025-01-13,26.61
TH000048425,2025-01-14,28.22
TH000048425,2025-01-15,30.72
TH000048425,2025-01-16,30.22
TH000048425,2025-01-17,30.11
TH000048425,2025-01-18,30.5
TH000048425,2025-01-19,30.89
TH000048425,2025-01-20,32.0
TH000048425,2025-01-21,32.0
TH000048425,2025-01-22,32.22
TH000048425,2025-01-23,32.78
TH000048425,2025-01-24,34.5
TH000048425,2025-01-25,35.5
TH000048425,2025-01-26,34.89
TH000048425,2025-01-27,27.5
TH000048425,2025-01-28,28.5
TH000048425,2025-01-29,28.0
TH000048425,2025-01-30,31.78
TH000048425,2025-01-31,33.5
TH000048425,2025-02-01,34.89
TH000048425,2025-02-02,35.5
TH000048425,2025-02-03,35.0
TH000048425,2025-02-04,34.0
TH000048425,2025-02-05,33.0
TH000048425,2025-02-06,34.5
TH000048425,2025-02-07,34.78
TH000048425,2025-02-08,32.72
TH000048425,2025-02-09,29.5
TH000048425,2025-02-10,31.61
TH000048425,2025-02-11,33.61
TH000048425,2025-02-12,35.89
TH000048425,2025-02-13,36.5
TH000048425,2025-02-14,35.5
TH000048425,2025-02-15,36.72
TH000048425,2025-02-16,37.11
TH000048425,2025-02-17,35.61
TH000048425,2025-02-18,35.22
TH000048425,2025-02-19,34.72
TH000048425,2025-02-20,34.72
TH000048425,2025-02-21,36.0
TH000048425,2025-02-22,35.39
TH000048425,2025-02-23,35.0
TH000048425,2025-02-24,32.28
TH000048425,2025-02-25,28.39
TH000048425,2025-02-26,32.22
TH000048425,2025-02-27,34.72
TH000048425,2025-02-28,36.39
TH000048425,2025-03-01,37.22
TH000048425,2025-03-02,38.0
TH000048425,2025-03-03,38.0
TH000048425,2025-03-04,37.0
TH000048425,2025-03-05,37.78
TH000048425,2025-03-06,37.78
TH000048425,2025-03-07,35.78
TH000048425,2025-03-08,32.0
TH000048425,2025-03-09,33.61
TH000048425,2025-03-10,36.5
TH000048425,2025-03-11,38.28
TH000048425,2025-03-12,38.0
TH000048425,2025-03-13,37.0
TH000048425,2025-03-14,37.5
TH000048425,2025-03-15,37.0
TH000048425,2025-03-16,38.78
TH000048425,2025-03-17,37.0
TH000048425,2025-03-18,36.5
TH000048425,2025-03-19,33.0
TH000048425,2025-03-20,32.0
TH000048425,2025-03-21,31.5
TH000048425,2025-03-22,34.5
TH000048425,2025-03-23,36.0
TH000048425,2025-03-24,38.28
TH000048425,2025-03-25,38.22
TH000048425,2025-03-26,38.22
TH000048425,2025-03-27,38.72
TH000048425,2025-03-28,38.5
TH000048425,2025-03-29,39.0
TH000048425,2025-03-30,37.22
TH000048425,2025-03-31,35.89
TH000048425,2025-04-01,36.61
TH000048425,2025-04-02,34.61
TH000048425,2025-04-03,34.22
TH000048425,2025-04-04,38.22
TH000048425,2025-04-05,37.72
TH000048425,2025-04-06,37.78
TH000048425,2025-04-07,36.22
TH000048425,2025-04-08,37.72
TH000048425,2025-04-09,38.78
TH000048425,2025-04-10,37.28
TH000048425,2025-04-11,38.5
TH000048425,2025-04-12,36.72
TH000048425,2025-04-13,36.72
TH000048425,2025-04-14,35.61
TH000048425,2025-04-15,36.11
TH000048425,2025-04-16,36.72
TH000048425,2025-04-17,38.61
TH000048425,2025-04-18,37.5
TH000048425,2025-04-19,38.22
TH000048425,2025-04-20,39.11
TH000048425,2025-04-21,39.11
TH000048425,2025-04-22,38.89
TH000048425,2025-04-23,39.72
TH000048425,2025-04-24,39.5
TH000048425,2025-04-25,39.22
TH000048425,2025-04-26,39.22
TH000048425,2025-04-27,37.5
TH000048425,2025-04-28,38.72
TH000048425,2025-04-29,37.22
TH000048425,2025-04-30,37.5
TH000048425,2025-05-01,36.22
TH000048425,2025-05-02,37.0
TH000048425,2025-05-03,36.5
TH000048425,2025-05-04,38.5
TH000048425,2025-05-05,38.28
TH000048425,2025-05-06,38.5
TH000048425,2025-05-07,37.5
TH000048425,2025-05-08,37.78
TH000048425,2025-05-09,39.5
TH000048425,2025-05-10,38.5
TH000048425,2025-05-11,36.39
TH000048425,2025-05-12,33.39
TH000048425,2025-05-13,33.61
TH000048425,2025-05-14,32.22
TH000048425,2025-05-15,34.0
TH000048425,2025-05-16,33.89
TH000048425,2025-05-17,34.5
TH000048425,2025-05-18,34.78
TH000048425,2025-05-19,35.78
TH000048425,2025-05-20,37.0
TH000048425,2025-05-21,35.89
TH000048425,2025-05-22,35.78
TH000048425,2025-05-23,36.89
TH000048425,2025-05-24,35.5
TH000048425,2025-05-25,34.11
TH000048425,2025-05-26,32.72
TH000048425,2025-05-27,34.0
TH000048425,2025-05-28,34.39
TH000048425,2025-05-29,34.39
TH000048425,2025-05-30,35.0
TH000048425,2025-05-31,36.11
TH000048425,2025-06-01,35.28
TH000048425,2025-06-02,35.22
TH000048425,2025-06-03,33.89
TH000048425,2025-06-04,37.22
TH000048425,2025-06-05,36.0
TH000048425,2025-06-06,37.5
TH000048425,2025-06-07,37.5
TH000048425,2025-06-08,36.28
TH000048425,2025-06-09,36.61
TH000048425,2025-06-10,35.5
TH000048425,2025-06-11,33.0
TH000048425,2025-06-12,34.5
TH000048425,2025-06-13,34.11
TH000048425,2025-06-14,33.72
TH000048425,2025-06-15,33.5
TH000048425,2025-06-16,34.22
TH000048425,2025-06-17,35.0
TH000048425,2025-06-18,36.22
TH000048425,2025-06-19,36.11
TH000048425,2025-06-20,35.5
TH000048425,2025-06-21,35.11
TH000048425,2025-06-22,36.11
TH000048425,2025-06-23,35.5
TH000048425,2025-06-24,35.78
TH000048425,2025-06-25,36.11
TH000048425,2025-06-26,36.5
TH000048425,2025-06-27,33.72
TH000048425,2025-06-28,34.5
TH000048425,2025-06-29,35.0
TH000048425,2025-06-30,34.28
TH000048425,2025-07-01,34.5
TH000048425,2025-07-02,33.61
TH000048425,2025-07-03,33.89
TH000048425,2025-07-04,36.0
TH000048425,2025-07-05,36.0
TH000048425,2025-07-06,35.0
TH000048425,2025-07-07,35.5
TH000048425,2025-07-08,34.61
TH000048425,2025-07-09,34.0
TH000048425,2025-07-10,35.0
TH000048425,2025-07-11,34.0
TH000048425,2025-07-12,36.28
TH000048425,2025-07-13,37.0
TH000048425,2025-07-14,37.0
TH000048425,2025-07-15,36.28
TH000048425,2025-07-16,35.61
TH000048425,2025-07-17,35.0
TH000048425,2025-07-18,34.0
TH000048425,2025-07-19,34.72
TH000048425,2025-07-20,33.5
TH000048425,2025-07-21,33.11
TH000048425,2025-07-22,32.0
TH000048425,2025-07-23,30.72
TH000048425,2025-07-24,34.22
TH000048425,2025-07-25,36.5
TH000048425,2025-07-26,34.5
TH000048425,2025-07-27,33.61
TH000048425,2025-07-28,33.78
TH000048425,2025-07-29,34.78
TH000048425,2025-07-30,34.0
TH000048425,2025-07-31,34.72
TH000048425,2025-08-01,37.5
TH000048425,2025-08-02,37.5
TH000048425,2025-08-03,36.0
TH000048425,2025-08-04,38.0
TH000048425,2025-08-05,36.5
TH000048425,2025-08-06,36.22
TH000048425,2025-08-07,35.22
TH000048425,2025-08-08,36.5
TH000048425,2025-08-09,37.5
TH000048425,2025-08-10,37.39
TH000048425,2025-08-11,37.0
TH000048425,2025-08-12,36.5
TH000048425,2025-08-13,36.0
TH000048425,2025-08-14,37.22
TH000048425,2025-08-15,36.22
TH000048425,2025-08-16,34.78
TH000048425,2025-08-17,33.5
TH000048425,2025-08-18,34.39
TH000048425,2025-08-19,35.22
TH000048425,2025-08-20,37.0
TH000048425,2025-08-21,36.0
TH000048425,2025-08-22,35.5
TH000048425,2025-08-23,34.39
TH000048425,2025-08-24,35.0
TH000048425,2025-08-25,
TH000048425,2025-08-26,
TH000048425,2025-08-27,
TH000048425,2025-08-28,
TH000048425,2025-08-29,
TH000048425,2025-08-30,
TH000048425,2025-08-31,
TH000048425,2025-09-01,
TH000048425,2025-09-02,
TH000048425,2025-09-03,
TH000048425,2025-09-04,
TH000048425,2025-09-05,
TH000048425,2025-09-06,
TH000048425,2025-09-07,
TH000048425,2025-09-08,
TH000048425,2025-09-09,
TH000048425,2025-09-10,
TH000048425,2025-09-11,
TH000048425,2025-09-12,
TH000048425,2025-09-13,
TH000048425,2025-09-14,
TH000048425,2025-09-15,
TH000048425,2025-09-16,
TH000048425,2025-09-17,
TH000048425,2025-09-18,
TH000048425,2025-09-19,
TH000048425,2025-09-20,
TH000048425,2025-09-21,
TH000048425,2025-09-22,
TH000048425,2025-09-23,
TH000048425,2025-09-24,
TH000048425,2025-09-25,
TH000048425,2025-09-26,
TH000048425,2025-09-27,
TH000048425,2025-09-28,
TH000048425,2025-09-29,
TH000048425,2025-09-30,
TH000048425,2025-10-01,
TH000048425,2025-10-02,
TH000048425,2025-10-03,
TH000048425,2025-10-04,
TH000048425,2025-10-05,
TH000048425,2025-10-06,
TH000048425,2025-10-07,
TH000048425,2025-10-08,
TH000048425,2025-10-09,
TH000048425,2025-10-10,
TH000048425,2025-10-11,
TH000048425,2025-10-12,
TH000048425,2025-10-13,
TH000048425,2025-10-14,
TH000048425,2025-10-15,
TH000048425,2025-10-16,
TH000048425,2025-10-17,
TH000048425,2025-10-18,
TH000048425,2025-10-19,
TH000048425,2025-10-20,
TH000048425,2025-10-21,
TH000048425,2025-10-22,
TH000048425,2025-10-23,
TH000048425,2025-10-24,
TH000048425,2025-10-25,
TH000048425,2025-10-26,
TH000048425,2025-10-27,
TH000048425,2025-10-28,
TH000048425,2025-10-29,
TH000048425,2025-10-30,
TH000048425,2025-10-31,
TH000048425,2025-11-01,
TH000048425,2025-11-02,
TH000048425,2025-11-03,
TH000048425,2025-11-04,
TH000048425,2025-11-05,
TH000048425,2025-11-06,
TH000048425,2025-11-07,
TH000048425,2025-11-08,
TH000048425,2025-11-09,
TH000048425,2025-11-10,
TH000048425,2025-11-11,
TH000048425,2025-11-12,
TH000048425,2025-11-13,
TH000048425,2025-11-14,
TH000048425,2025-11-15,
TH000048425,2025-11-16,
TH000048425,2025-11-17,
TH000048425,2025-11-18,
TH000048425,2025-11-19,
TH000048425,2025-11-20,
TH000048425,2025-11-21,
TH000048425,2025-11-22,
TH000048425,2025-11-23,
TH000048425,2025-11-24,
TH000048425,2025-11-25,
TH000048425,2025-11-26,
TH000048425,2025-11-27,
TH000048425,2025-11-28,
TH000048425,2025-11-29,
TH000048425,2025-11-30,
TH000048425,2025-12-01,
TH000048425,2025-12-02,
TH000048425,2025-12-03,
TH000048425,2025-12-04,
TH000048425,2025-12-05,
TH000048425,2025-12-06,
TH000048425,2025-12-07,
TH000048425,2025-12-08,
TH000048425,2025-12-09,
TH000048425,2025-12-10,
TH000048425,2025-12-11,
TH000048425,2025-12-12,
TH000048425,2025-12-13,
TH000048425,2025-12-14,
TH000048425,2025-12-15,
TH000048425,2025-12-16,
TH000048425,2025-12-17,
TH000048425,2025-12-18,
TH000048425,2025-12-19,
TH000048425,2025-12-20,
TH000048425,2025-12-21,
TH000048425,2025-12-22,
TH000048425,2025-12-23,
TH000048425,2025-12-24,
TH000048425,2025-12-25,
TH000048425,2025-12-26,
TH000048425,2025-12-27,
TH000048425,2025-12-28,
TH000048425,2025-12-29,
TH000048425,2025-12-30,
TH000048425,2025-12-31,
TH000048450,2025-01-01,32.5
TH000048450,2025-01-02,33.28
TH000048450,2025-01-03,33.22
TH000048450,2025-01-04,33.22
TH000048450,2025-01-05,31.28
TH000048450,2025-01-06,30.89
TH000048450,2025-01-07,32.22
TH000048450,2025-01-08,33.22
TH000048450,2025-01-09,33.61
TH000048450,2025-01-10,32.5
TH000048450,2025-01-11,29.78
TH000048450,2025-01-12,27.5
TH000048450,2025-01-13,28.5
TH000048450,2025-01-14,31.0
TH000048450,2025-01-15,32.89
TH000048450,2025-01-16,31.0
TH000048450,2025-01-17,32.22
TH000048450,2025-01-18,32.11
TH000048450,2025-01-19,32.0
TH000048450,2025-01-20,33.5
TH000048450,2025-01-21,33.72
TH000048450,2025-01-22,34.28
TH000048450,2025-01-23,32.89
TH000048450,2025-01-24,36.78
TH000048450,2025-01-25,37.5
TH000048450,2025-01-26,36.39
TH000048450,2025-01-27,30.5
TH000048450,2025-01-28,30.5
TH000048450,2025-01-29,30.0
TH000048450,2025-01-30,32.5
TH000048450,2025-01-31,35.39
TH000048450,2025-02-01,36.5
TH000048450,2025-02-02,38.39
TH000048450,2025-02-03,37.28
TH000048450,2025-02-04,33.5
TH000048450,2025-02-05,35.11
TH000048450,2025-02-06,35.5
TH000048450,2025-02-07,35.5
TH000048450,2025-02-08,33.5
TH000048450,2025-02-09,31.61
TH000048450,2025-02-10,33.22
TH000048450,2025-02-11,35.61
TH000048450,2025-02-12,37.61
TH000048450,2025-02-13,37.61
TH000048450,2025-02-14,38.39
TH000048450,2025-02-15,38.0
TH000048450,2025-02-16,38.11
TH000048450,2025-02-17,38.0
TH000048450,2025-02-18,35.5
TH000048450,2025-02-19,36.39
TH000048450,2025-02-20,35.61
TH000048450,2025-02-21,36.0
TH000048450,2025-02-22,35.28
TH000048450,2025-02-23,35.5
TH000048450,2025-02-24,35.72
TH000048450,2025-02-25,26.5
TH000048450,2025-02-26,34.0
TH000048450,2025-02-27,35.5
TH000048450,2025-02-28,37.11
TH000048450,2025-03-01,37.78
TH000048450,2025-03-02,39.22
TH000048450,2025-03-03,38.78
TH000048450,2025-03-04,38.72
TH000048450,2025-03-05,39.22
TH000048450,2025-03-06,38.78
TH000048450,2025-03-07,35.5
TH000048450,2025-03-08,29.11
TH000048450,2025-03-09,34.39
TH000048450,2025-03-10,36.89
TH000048450,2025-03-11,38.0
TH000048450,2025-03-12,39.0
TH000048450,2025-03-13,37.89
TH000048450,2025-03-14,38.0
TH000048450,2025-03-15,38.5
TH000048450,2025-03-16,39.78
TH000048450,2025-03-17,38.5
TH000048450,2025-03-18,36.78
TH000048450,2025-03-19,33.5
TH000048450,2025-03-20,32.0
TH000048450,2025-03-21,32.28
TH000048450,2025-03-22,34.78
TH000048450,2025-03-23,37.5
TH000048450,2025-03-24,39.11
TH000048450,2025-03-25,40.22
TH000048450,2025-03-26,39.72
TH000048450,2025-03-27,40.0
TH000048450,2025-03-28,39.0
TH000048450,2025-03-29,39.22
TH000048450,2025-03-30,38.39
TH000048450,2025-03-31,32.72
TH000048450,2025-04-01,36.0
TH000048450,2025-04-02,34.39
TH000048450,2025-04-03,36.22
TH000048450,2025-04-04,38.0
TH000048450,2025-04-05,38.39
TH000048450,2025-04-06,38.22
TH000048450,2025-04-07,36.5
TH000048450,2025-04-08,37.5
TH000048450,2025-04-09,39.39
TH000048450,2025-04-10,38.0
TH000048450,2025-04-11,38.39
TH000048450,2025-04-12,35.0
TH000048450,2025-04-13,37.5
TH000048450,2025-04-14,33.78
TH000048450,2025-04-15,35.0
TH000048450,2025-04-16,36.39
TH000048450,2025-04-17,37.78
TH000048450,2025-04-18,37.28
TH000048450,2025-04-19,37.39
TH000048450,2025-04-20,37.22
TH000048450,2025-04-21,37.72
TH000048450,2025-04-22,38.5
TH000048450,2025-04-23,39.5
TH000048450,2025-04-24,39.72
TH000048450,2025-04-25,39.78
TH000048450,2025-04-26,38.72
TH000048450,2025-04-27,37.78
TH000048450,2025-04-28,38.0
TH000048450,2025-04-29,36.28
TH000048450,2025-04-30,38.28
TH000048450,2025-05-01,38.0
TH000048450,2025-05-02,36.0
TH000048450,2025-05-03,37.72
TH000048450,2025-05-04,35.72
TH000048450,2025-05-05,38.61
TH000048450,2025-05-06,38.22
TH000048450,2025-05-07,38.28
TH000048450,2025-05-08,37.11
TH000048450,2025-05-09,39.22
TH000048450,2025-05-10,37.78
TH000048450,2025-05-11,35.28
TH000048450,2025-05-12,29.89
TH000048450,2025-05-13,33.11
TH000048450,2025-05-14,33.61
TH000048450,2025-05-15,33.61
TH000048450,2025-05-16,33.5
TH000048450,2025-05-17,36.0
TH000048450,2025-05-18,35.28
TH000048450,2025-05-19,36.5
TH000048450,2025-05-20,37.78
TH000048450,2025-05-21,36.11
TH000048450,2025-05-22,38.78
TH000048450,2025-05-23,37.0
TH000048450,2025-05-24,36.11
TH000048450,2025-05-25,33.61
TH000048450,2025-05-26,32.72
TH000048450,2025-05-27,33.22
TH000048450,2025-05-28,34.0
TH000048450,2025-05-29,34.22
TH000048450,2025-05-30,33.0
TH000048450,2025-05-31,34.89
TH000048450,2025-06-01,35.89
TH000048450,2025-06-02,34.28
TH000048450,2025-06-03,33.72
TH000048450,2025-06-04,37.72
TH000048450,2025-06-05,37.39
TH000048450,2025-06-06,36.89
TH000048450,2025-06-07,38.28
TH000048450,2025-06-08,36.78
TH000048450,2025-06-09,35.89
TH000048450,2025-06-10,35.11
TH000048450,2025-06-11,33.28
TH000048450,2025-06-12,34.5
TH000048450,2025-06-13,31.5
TH000048450,2025-06-14,33.39
TH000048450,2025-06-15,29.0
TH000048450,2025-06-16,32.0
TH000048450,2025-06-17,34.61
TH000048450,2025-06-18,37.0
TH000048450,2025-06-19,35.5
TH000048450,2025-06-20,35.72
TH000048450,2025-06-21,35.61
TH000048450,2025-06-22,34.72
TH000048450,2025-06-23,34.5
TH000048450,2025-06-24,35.22
TH000048450,2025-06-25,35.0
TH000048450,2025-06-26,34.78
TH000048450,2025-06-27,32.39
TH000048450,2025-06-28,33.78
TH000048450,2025-06-29,33.78
TH000048450,2025-06-30,33.0
TH000048450,2025-07-01,33.89
TH000048450,2025-07-02,31.22
TH000048450,2025-07-03,34.61
TH000048450,2025-07-04,34.89
TH000048450,2025-07-05,34.5
TH000048450,2025-07-06,33.0
TH000048450,2025-07-07,35.5
TH000048450,2025-07-08,34.61
TH000048450,2025-07-09,31.78
TH000048450,2025-07-10,35.0
TH000048450,2025-07-11,32.61
TH000048450,2025-07-12,36.39
TH000048450,2025-07-13,35.61
TH000048450,2025-07-14,36.5
TH000048450,2025-07-15,37.0
TH000048450,2025-07-16,35.61
TH000048450,2025-07-17,35.11
TH000048450,2025-07-18,35.11
TH000048450,2025-07-19,34.0
TH000048450,2025-07-20,33.61
TH000048450,2025-07-21,33.0
TH000048450,2025-07-22,29.0
TH000048450,2025-07-23,30.0
TH000048450,2025-07-24,33.5
TH000048450,2025-07-25,36.5
TH000048450,2025-07-26,35.39
TH000048450,2025-07-27,32.78
TH000048450,2025-07-28,36.0
TH000048450,2025-07-29,33.5
TH000048450,2025-07-30,32.5
TH000048450,2025-07-31,36.22
TH000048450,2025-08-01,37.39
TH000048450,2025-08-02,38.0
TH000048450,2025-08-03,37.61
TH000048450,2025-08-04,37.89
TH000048450,2025-08-05,36.78
TH000048450,2025-08-06,36.0
TH000048450,2025-08-07,34.5
TH000048450,2025-08-08,37.5
TH000048450,2025-08-09,36.78
TH000048450,2025-08-10,36.39
TH000048450,2025-08-11,36.72
TH000048450,2025-08-12,36.11
TH000048450,2025-08-13,35.0
TH000048450,2025-08-14,37.0
TH000048450,2025-08-15,37.11
TH000048450,2025-08-16,32.5
TH000048450,2025-08-17,31.72
TH000048450,2025-08-18,34.39
TH000048450,2025-08-19,33.61
TH000048450,2025-08-20,36.72
TH000048450,2025-08-21,37.11
TH000048450,2025-08-22,35.22
TH000048450,2025-08-23,33.22
TH000048450,2025-08-24,35.5
TH000048450,2025-08-25,
TH000048450,2025-08-26,
TH000048450,2025-08-27,
TH000048450,2025-08-28,
TH000048450,2025-08-29,
TH000048450,2025-08-30,
TH000048450,2025-08-31,
TH000048450,2025-09-01,
TH000048450,2025-09-02,
TH000048450,2025-09-03,
TH000048450,2025-09-04,
TH000048450,2025-09-05,
TH000048450,2025-09-06,
TH000048450,2025-09-07,
TH000048450,2025-09-08,
TH000048450,2025-09-09,
TH000048450,2025-09-10,
TH000048450,2025-09-11,
TH000048450,2025-09-12,
TH000048450,2025-09-13,
TH000048450,2025-09-14,
TH000048450,2025-09-15,
TH000048450,2025-09-16,
TH000048450,2025-09-17,
TH000048450,2025-09-18,
TH000048450,2025-09-19,
TH000048450,2025-09-20,
TH000048450,2025-09-21,
TH000048450,2025-09-22,
TH000048450,2025-09-23,
TH000048450,2025-09-24,
TH000048450,2025-09-25,
TH000048450,2025-09-26,
TH000048450,2025-09-27,
TH000048450,2025-09-28,
TH000048450,2025-09-29,
TH000048450,2025-09-30,
TH000048450,2025-10-01,
TH000048450,2025-10-02,
TH000048450,2025-10-03,
TH000048450,2025-10-04,
TH000048450,2025-10-05,
TH000048450,2025-10-06,
TH000048450,2025-10-07,
TH000048450,2025-10-08,
TH000048450,2025-10-09,
TH000048450,2025-10-10,
TH000048450,2025-10-11,
TH000048450,2025-10-12,
TH000048450,2025-10-13,
TH000048450,2025-10-14,
TH000048450,2025-10-15,
TH000048450,2025-10-16,
TH000048450,2025-10-17,
TH000048450,2025-10-18,
TH000048450,2025-10-19,
TH000048450,2025-10-20,
TH000048450,2025-10-21,
TH000048450,2025-10-22,
TH000048450,2025-10-23,
TH000048450,2025-10-24,
TH000048450,2025-10-25,
TH000048450,2025-10-26,
TH000048450,2025-10-27,
TH000048450,2025-10-28,
TH000048450,2025-10-29,
TH000048450,2025-10-30,
TH000048450,2025-10-31,
TH000048450,2025-11-01,
TH000048450,2025-11-02,
TH000048450,2025-11-03,
TH000048450,2025-11-04,
TH000048450,2025-11-05,
TH000048450,2025-11-06,
TH000048450,2025-11-07,
TH000048450,2025-11-08,
TH000048450,2025-11-09,
TH000048450,2025-11-10,
TH000048450,2025-11-11,
TH000048450,2025-11-12,
TH000048450,2025-11-13,
TH000048450,2025-11-14,
TH000048450,2025-11-15,
TH000048450,2025-11-16,
TH000048450,2025-11-17,
TH000048450,2025-11-18,
TH000048450,2025-11-19,
TH000048450,2025-11-20,
TH000048450,2025-11-21,
TH000048450,2025-11-22,
TH000048450,2025-11-23,
TH000048450,2025-11-24,
TH000048450,2025-11-25,
TH000048450,2025-11-26,
TH000048450,2025-11-27,
TH000048450,2025-11-28,
TH000048450,2025-11-29,
TH000048450,2025-11-30,
TH000048450,2025-12-01,
TH000048450,2025-12-02,
TH000048450,2025-12-03,
TH000048450,2025-12-04,
TH000048450,2025-12-05,
TH000048450,2025-12-06,
TH000048450,2025-12-07,
TH000048450,2025-12-08,
TH000048450,2025-12-09,
TH000048450,2025-12-10,
TH000048450,2025-12-11,
TH000048450,2025-12-12,
TH000048450,2025-12-13,
TH000048450,2025-12-14,
TH000048450,2025-12-15,
TH000048450,2025-12-16,
TH000048450,2025-12-17,
TH000048450,2025-12-18,
TH000048450,2025-12-19,
TH000048450,2025-12-20,
TH000048450,2025-12-21,
TH000048450,2025-12-22,
TH000048450,2025-12-23,
TH000048450,2025-12-24,
TH000048450,2025-12-25,
TH000048450,2025-12-26,
TH000048450,2025-12-27,
TH000048450,2025-12-28,
TH000048450,2025-12-29,
TH000048450,2025-12-30,
TH000048450,2025-12-31,
THM00048453,2025-01-01,32.89
THM00048453,2025-01-02,32.89
THM00048453,2025-01-03,33.5
THM00048453,2025-01-04,32.5
THM00048453,2025-01-05,31.28
THM00048453,2025-01-06,31.72
THM00048453,2025-01-07,32.39
THM00048453,2025-01-08,33.72
THM00048453,2025-01-09,32.72
THM00048453,2025-01-10,30.72
THM00048453,2025-01-11,29.11
THM00048453,2025-01-12,26.22
THM00048453,2025-01-13,28.5
THM00048453,2025-01-14,30.0
THM00048453,2025-01-15,33.0
THM00048453,2025-01-16,31.61
THM00048453,2025-01-17,30.72
THM00048453,2025-01-18,32.5
THM00048453,2025-01-19,32.72
THM00048453,2025-01-20,32.89
THM00048453,2025-01-21,33.5
THM00048453,2025-01-22,33.72
THM00048453,2025-01-23,33.5
THM00048453,2025-01-24,34.0
THM00048453,2025-01-25,35.22
THM00048453,2025-01-26,34.22
THM00048453,2025-01-27,29.72
THM00048453,2025-01-28,29.61
THM00048453,2025-01-29,29.5
THM00048453,2025-01-30,31.22
THM00048453,2025-01-31,33.39
THM00048453,2025-02-01,34.0
THM00048453,2025-02-02,34.89
THM00048453,2025-02-03,34.28
THM00048453,2025-02-04,33.5
THM00048453,2025-02-05,34.22
THM00048453,2025-02-06,33.61
THM00048453,2025-02-07,34.0
THM00048453,2025-02-08,33.72
THM00048453,2025-02-09,31.72
THM00048453,2025-02-10,32.89
THM00048453,2025-02-11,35.28
THM00048453,2025-02-12,36.5
THM00048453,2025-02-13,35.22
THM00048453,2025-02-14,34.72
THM00048453,2025-02-15,36.5
THM00048453,2025-02-16,35.5
THM00048453,2025-02-17,34.0
THM00048453,2025-02-18,33.39
THM00048453,2025-02-19,33.28
THM00048453,2025-02-20,35.0
THM00048453,2025-02-21,31.11
THM00048453,2025-02-22,35.5
THM00048453,2025-02-23,34.5
THM00048453,2025-02-24,30.39
THM00048453,2025-02-25,31.0
THM00048453,2025-02-26,33.28
THM00048453,2025-02-27,36.28
THM00048453,2025-02-28,34.0
THM00048453,2025-03-01,34.22
THM00048453,2025-03-02,34.28
THM00048453,2025-03-03,34.5
THM00048453,2025-03-04,34.5
THM00048453,2025-03-05,34.61
THM00048453,2025-03-06,34.72
THM00048453,2025-03-07,34.61
THM00048453,2025-03-08,34.72
THM00048453,2025-03-09,35.72
THM00048453,2025-03-10,37.0
THM00048453,2025-03-11,35.5
THM00048453,2025-03-12,35.22
THM00048453,2025-03-13,34.61
THM00048453,2025-03-14,35.22
THM00048453,2025-03-15,35.22
THM00048453,2025-03-16,34.72
THM00048453,2025-03-17,35.89
THM00048453,2025-03-18,35.39
THM00048453,2025-03-19,33.28
THM00048453,2025-03-20,32.22
THM00048453,2025-03-21,33.0
THM00048453,2025-03-22,35.39
THM00048453,2025-03-23,37.39
THM00048453,2025-03-24,34.89
THM00048453,2025-03-25,35.0
THM00048453,2025-03-26,33.78
THM00048453,2025-03-27,35.39
THM00048453,2025-03-28,38.0
THM00048453,2025-03-29,36.22
THM00048453,2025-03-30,35.5
THM00048453,2025-03-31,34.0
THM00048453,2025-04-01,35.89
THM00048453,2025-04-02,35.39
THM00048453,2025-04-03,35.72
THM00048453,2025-04-04,35.39
THM00048453,2025-04-05,34.22
THM00048453,2025-04-06,35.72
THM00048453,2025-04-07,33.89
THM00048453,2025-04-08,35.61
THM00048453,2025-04-09,35.22
THM00048453,2025-04-10,35.22
THM00048453,2025-04-11,36.0
THM00048453,2025-04-12,35.5
THM00048453,2025-04-13,37.0
THM00048453,2025-04-14,34.72
THM00048453,2025-04-15,35.72
THM00048453,2025-04-16,34.22
THM00048453,2025-04-17,36.0
THM00048453,2025-04-18,35.72
THM00048453,2025-04-19,35.39
THM00048453,2025-04-20,36.22
THM00048453,2025-04-21,36.39
THM00048453,2025-04-22,35.5
THM00048453,2025-04-23,36.0
THM00048453,2025-04-24,36.0
THM00048453,2025-04-25,37.22
THM00048453,2025-04-26,36.11
THM00048453,2025-04-27,34.61
THM00048453,2025-04-28,36.22
THM00048453,2025-04-29,37.22
THM00048453,2025-04-30,36.0
THM00048453,2025-05-01,36.72
THM00048453,2025-05-02,34.0
THM00048453,2025-05-03,34.39
THM00048453,2025-05-04,34.5
THM00048453,2025-05-05,36.0
THM00048453,2025-05-06,36.72
THM00048453,2025-05-07,36.28
THM00048453,2025-05-08,36.72
THM00048453,2025-05-09,36.22
THM00048453,2025-05-10,35.39
THM00048453,2025-05-11,33.0
THM00048453,2025-05-12,31.5
THM00048453,2025-05-13,32.22
THM00048453,2025-05-14,29.22
THM00048453,2025-05-15,34.5
THM00048453,2025-05-16,32.78
THM00048453,2025-05-17,35.72
THM00048453,2025-05-18,35.0
THM00048453,2025-05-19,32.5
THM00048453,2025-05-20,36.22
THM00048453,2025-05-21,32.39
THM00048453,2025-05-22,34.5
THM00048453,2025-05-23,36.72
THM00048453,2025-05-24,34.28
THM00048453,2025-05-25,32.61
THM00048453,2025-05-26,32.22
THM00048453,2025-05-27,32.39
THM00048453,2025-05-28,34.5
THM00048453,2025-05-29,32.72
THM00048453,2025-05-30,34.0
THM00048453,2025-05-31,34.0
THM00048453,2025-06-01,34.39
THM00048453,2025-06-02,34.5
THM00048453,2025-06-03,34.78
THM00048453,2025-06-04,35.89
THM00048453,2025-06-05,35.5
THM00048453,2025-06-06,36.0
THM00048453,2025-06-07,35.72
THM00048453,2025-06-08,35.22
THM00048453,2025-06-09,33.5
THM00048453,2025-06-10,34.72
THM00048453,2025-06-11,34.22
THM00048453,2025-06-12,34.89
THM00048453,2025-06-13,32.22
THM00048453,2025-06-14,32.11
THM00048453,2025-06-15,34.0
THM00048453,2025-06-16,34.0
THM00048453,2025-06-17,35.22
THM00048453,2025-06-18,35.72
THM00048453,2025-06-19,36.0
THM00048453,2025-06-20,36.0
THM00048453,2025-06-21,35.5
THM00048453,2025-06-22,34.0
THM00048453,2025-06-23,33.72
THM00048453,2025-06-24,33.72
THM00048453,2025-06-25,35.0
THM00048453,2025-06-26,35.0
THM00048453,2025-06-27,32.72
THM00048453,2025-06-28,32.39
THM00048453,2025-06-29,33.0
THM00048453,2025-06-30,31.5
THM00048453,2025-07-01,33.22
THM00048453,2025-07-02,32.5
THM00048453,2025-07-03,32.39
THM00048453,2025-07-04,35.72
THM00048453,2025-07-05,34.0
THM00048453,2025-07-06,34.61
THM00048453,2025-07-07,33.78
THM00048453,2025-07-08,33.89
THM00048453,2025-07-09,32.5
THM00048453,2025-07-10,33.72
THM00048453,2025-07-11,35.0
THM00048453,2025-07-12,34.72
THM00048453,2025-07-13,35.5
THM00048453,2025-07-14,34.89
THM00048453,2025-07-15,34.89
THM00048453,2025-07-16,34.72
THM00048453,2025-07-17,31.22
THM00048453,2025-07-18,33.5
THM00048453,2025-07-19,33.22
THM00048453,2025-07-20,32.22
THM00048453,2025-07-21,30.5
THM00048453,2025-07-22,30.5
THM00048453,2025-07-23,31.5
THM00048453,2025-07-24,33.39
THM00048453,2025-07-25,34.72
THM00048453,2025-07-26,34.5
THM00048453,2025-07-27,32.22
THM00048453,2025-07-28,33.22
THM00048453,2025-07-29,32.89
THM00048453,2025-07-30,32.5
THM00048453,2025-07-31,33.89
THM00048453,2025-08-01,34.72
THM00048453,2025-08-02,35.5
THM00048453,2025-08-03,35.22
THM00048453,2025-08-04,35.5
THM00048453,2025-08-05,36.22
THM00048453,2025-08-06,34.5
THM00048453,2025-08-07,34.39
THM00048453,2025-08-08,36.22
THM00048453,2025-08-09,36.22
THM00048453,2025-08-10,36.22
THM00048453,2025-08-11,34.0
THM00048453,2025-08-12,34.22
THM00048453,2025-08-13,34.5
THM00048453,2025-08-14,35.89
THM00048453,2025-08-15,33.72
THM00048453,2025-08-16,32.22
THM00048453,2025-08-17,31.61
THM00048453,2025-08-18,34.22
THM00048453,2025-08-19,33.0
THM00048453,2025-08-20,35.5
THM00048453,2025-08-21,34.72
THM00048453,2025-08-22,32.5
THM00048453,2025-08-23,33.22
THM00048453,2025-08-24,34.0
THM00048453,2025-08-25,
THM00048453,2025-08-26,
THM00048453,2025-08-27,
THM00048453,2025-08-28,
THM00048453,2025-08-29,
THM00048453,2025-08-30,
THM00048453,2025-08-31,
THM00048453,2025-09-01,
THM00048453,2025-09-02,
THM00048453,2025-09-03,
THM00048453,2025-09-04,
THM00048453,2025-09-05,
THM00048453,2025-09-06,
THM00048453,2025-09-07,
THM00048453,2025-09-08,
THM00048453,2025-09-09,
THM00048453,2025-09-10,
THM00048453,2025-09-11,
THM00048453,2025-09-12,
THM00048453,2025-09-13,
THM00048453,2025-09-14,
THM00048453,2025-09-15,
THM00048453,2025-09-16,
THM00048453,2025-09-17,
THM00048453,2025-09-18,
THM00048453,2025-09-19,
THM00048453,2025-09-20,
THM00048453,2025-09-21,
THM00048453,2025-09-22,
THM00048453,2025-09-23,
THM00048453,2025-09-24,
THM00048453,2025-09-25,
THM00048453,2025-09-26,
THM00048453,2025-09-27,
THM00048453,2025-09-28,
THM00048453,2025-09-29,
THM00048453,2025-09-30,
THM00048453,2025-10-01,
THM00048453,2025-10-02,
THM00048453,2025-10-03,
THM00048453,2025-10-04,
THM00048453,2025-10-05,
THM00048453,2025-10-06,
THM00048453,2025-10-07,
THM00048453,2025-10-08,
THM00048453,2025-10-09,
THM00048453,2025-10-10,
THM00048453,2025-10-11,
THM00048453,2025-10-12,
THM00048453,2025-10-13,
THM00048453,2025-10-14,
THM00048453,2025-10-15,
THM00048453,2025-10-16,
THM00048453,2025-10-17,
THM00048453,2025-10-18,
THM00048453,2025-10-19,
THM00048453,2025-10-20,
THM00048453,2025-10-21,
THM00048453,2025-10-22,
THM00048453,2025-10-23,
THM00048453,2025-10-24,
THM00048453,2025-10-25,
THM00048453,2025-10-26,
THM00048453,2025-10-27,
THM00048453,2025-10-28,
THM00048453,2025-10-29,
THM00048453,2025-10-30,
THM00048453,2025-10-31,
THM00048453,2025-11-01,
THM00048453,2025-11-02,
THM00048453,2025-11-03,
THM00048453,2025-11-04,
THM00048453,2025-11-05,
THM00048453,2025-11-06,
THM00048453,2025-11-07,
THM00048453,2025-11-08,
THM00048453,2025-11-09,
THM00048453,2025-11-10,
THM00048453,2025-11-11,
THM00048453,2025-11-12,
THM00048453,2025-11-13,
THM00048453,2025-11-14,
THM00048453,2025-11-15,
THM00048453,2025-11-16,
THM00048453,2025-11-17,
THM00048453,2025-11-18,
THM00048453,2025-11-19,
THM00048453,2025-11-20,
THM00048453,2025-11-21,
THM00048453,2025-11-22,
THM00048453,2025-11-23,
THM00048453,2025-11-24,
THM00048453,2025-11-25,
THM00048453,2025-11-26,
THM00048453,2025-11-27,
THM00048453,2025-11-28,
THM00048453,2025-11-29,
THM00048453,2025-11-30,
THM00048453,2025-12-01,
THM00048453,2025-12-02,
THM00048453,2025-12-03,
THM00048453,2025-12-04,
THM00048453,2025-12-05,
THM00048453,2025-12-06,
THM00048453,2025-12-07,
THM00048453,2025-12-08,
THM00048453,2025-12-09,
THM00048453,2025-12-10,
THM00048453,2025-12-11,
THM00048453,2025-12-12,
THM00048453,2025-12-13,
THM00048453,2025-12-14,
THM00048453,2025-12-15,
THM00048453,2025-12-16,
THM00048453,2025-12-17,
THM00048453,2025-12-18,
THM00048453,2025-12-19,
THM00048453,2025-12-20,
THM00048453,2025-12-21,
THM00048453,2025-12-22,
THM00048453,2025-12-23,
THM00048453,2025-12-24,
THM00048453,2025-12-25,
THM00048453,2025-12-26,
THM00048453,2025-12-27,
THM00048453,2025-12-28,
THM00048453,2025-12-29,
THM00048453,2025-12-30,
THM00048453,2025-12-31,
USW00021510,2025-04-22,
USW00021510,2025-04-23,
USW00023109,2025-01-01,
USW00023109,2025-01-02,
USW00023109,2025-01-03,
USW00023109,2025-01-04,
USW00023109,2025-01-05,
USW00023109,2025-01-06,
USW00023109,2025-01-07,
USW00023109,2025-01-08,
USW00023109,2025-01-09,
USW00023109,2025-01-10,
USW00023109,2025-01-11,
USW00023109,2025-01-12,
USW00023109,2025-01-13,
USW00023109,2025-01-14,
USW00023109,2025-01-15,
USW00023109,2025-01-16,
USW00023109,2025-01-17,
USW00023109,2025-01-18,
USW00023109,2025-01-19,
USW00023109,2025-01-20,
USW00023109,2025-01-21,
USW00023109,2025-01-22,
USW00023109,2025-01-23,
USW00023109,2025-01-24,
USW00023109,2025-01-25,
USW00023109,2025-01-26,
USW00023109,2025-01-27,
USW00023109,2025-01-28,
USW00023109,2025-01-29,
USW00023109,2025-01-30,
USW00023109,2025-01-31,
USW00023109,2025-02-01,
USW00023109,2025-02-02,
USW00023109,2025-02-03,
USW00023109,2025-02-04,
USW00023109,2025-02-05,
USW00023109,2025-02-06,
USW00023109,2025-02-07,
USW00023109,2025-02-08,
USW00023109,2025-02-09,
USW00023109,2025-02-10,
USW00023109,2025-02-11,
USW00023109,2025-02-12,
USW00023109,2025-02-13,
USW00023109,2025-02-14,
USW00023109,2025-02-15,
USW00023109,2025-02-16,
USW00023109,2025-02-17,
USW00023109,2025-02-18,
USW00023109,2025-02-19,
USW00023109,2025-02-20,
USW00023109,2025-02-21,
USW00023109,2025-02-22,
USW00023109,2025-02-23,
USW00023109,2025-02-24,
USW00023109,2025-02-25,
USW00023109,2025-02-26,
USW00023109,2025-02-27,
USW00023109,2025-02-28,
USW00023109,2025-03-01,
USW00023109,2025-03-02,
USW00023109,2025-03-03,
USW00023109,2025-03-04,
USW00023109,2025-03-05,
USW00023109,2025-03-06,
USW00023109,2025-03-07,
USW00023109,2025-03-08,
USW00023109,2025-03-09,
USW00023109,2025-03-10,
USW00023109,2025-03-11,
USW00023109,2025-03-12,
USW00023109,2025-03-13,
USW00023109,2025-03-14,
USW00023109,2025-03-15,
USW00023109,2025-03-16,
USW00023109,2025-03-17,
USW00023109,2025-03-18,
USW00023109,2025-03-19,
USW00023109,2025-03-20,
USW00023109,2025-03-21,
USW00023109,2025-03-22,
USW00023109,2025-03-23,
USW00023109,2025-03-24,
USW00023109,2025-03-25,
USW00023109,2025-03-26,
USW00023109,2025-03-27,
USW00023109,2025-03-28,
USW00023109,2025-03-29,
USW00023109,2025-03-30,
USW00023109,2025-03-31,
USW00023109,2025-04-01,
USW00023109,2025-04-02,
USW00023109,2025-04-03,
USW00023109,2025-04-04,
USW00023109,2025-04-05,
USW00023109,2025-04-06,
USW00023109,2025-04-07,
USW00023109,2025-04-08,
USW00023109,2025-04-09,
USW00023109,2025-04-10,
USW00023109,2025-04-11,
USW00023109,2025-04-12,
USW00023109,2025-04-13,
USW00023109,2025-04-14,
USW00023109,2025-04-15,
USW00023109,2025-04-16,
USW00023109,2025-04-17,
USW00023109,2025-04-18,
USW00023109,2025-04-19,
USW00023109,2025-04-20,
USW00023109,2025-04-21,
USW00023109,2025-04-22,
USW00023109,2025-04-23,
USW00023109,2025-04-24,
USW00023109,2025-04-25,
USW00023109,2025-04-26,
USW00023109,2025-04-27,
USW00023109,2025-04-28,
USW00023109,2025-04-29,
USW00023109,2025-04-30,
USW00023109,2025-05-01,
USW00023109,2025-05-02,
USW00023109,2025-05-03,
USW00023109,2025-05-04,
USW00023109,2025-05-05,
USW00023109,2025-05-06,
USW00023109,2025-05-07,
USW00023109,2025-05-08,
USW00023109,2025-05-09,
USW00023109,2025-05-10,
USW00023109,2025-05-11,
USW00023109,2025-05-12,
USW00023109,2025-05-13,
USW00023109,2025-05-14,
USW00023109,2025-05-15,
USW00023109,2025-05-16,
USW00023109,2025-05-17,
USW00023109,2025-05-18,
USW00023109,2025-05-19,
USW00023109,2025-05-20,
USW00023109,2025-05-21,
USW00023109,2025-05-22,
USW00023109,2025-05-23,
USW00023109,2025-05-24,
USW00023109,2025-05-25,
USW00023109,2025-05-26,
USW00023109,2025-05-27,
USW00023109,2025-05-28,
USW00023109,2025-05-29,
USW00023109,2025-05-30,
USW00023109,2025-05-31,
USW00023109,2025-06-01,
USW00023109,2025-06-02,
USW00023109,2025-06-03,
USW00023109,2025-06-04,
USW00023109,2025-06-05,
USW00023109,2025-06-06,
USW00023109,2025-06-07,
USW00023109,2025-06-08,
USW00023109,2025-06-09,
USW00023109,2025-06-10,
USW00023109,2025-06-11,
USW00023109,2025-06-12,
USW00023109,2025-06-13,
USW00023109,2025-06-14,
USW00023109,2025-06-15,
USW00023109,2025-06-16,
USW00023109,2025-06-17,
USW00023109,2025-06-18,
USW00023109,2025-06-19,
USW00023109,2025-06-20,
USW00023109,2025-06-21,
USW00023109,2025-06-22,
USW00023109,2025-06-23,
USW00023109,2025-06-24,
USW00023109,2025-06-25,
USW00023109,2025-06-26,
USW00023109,2025-06-27,
USW00023109,2025-06-28,
USW00023109,2025-06-29,
USW00023109,2025-06-30,
USW00023109,2025-07-01,
USW00023109,2025-07-02,
USW00023109,2025-07-03,
USW00023109,2025-07-04,
USW00023109,2025-07-05,
USW00023109,2025-07-06,
USW00023109,2025-07-07,
USW00023109,2025-07-08,
USW00023109,2025-07-09,
USW00023109,2025-07-10,
USW00023109,2025-07-11,
USW00023109,2025-07-12,
USW00023109,2025-07-13,
USW00023109,2025-07-14,
USW00023109,2025-07-15,
USW00023109,2025-07-16,
USW00023109,2025-07-17,
USW00023109,2025-07-18,
USW00023109,2025-07-19,
USW00023109,2025-07-20,
USW00023109,2025-07-21,
USW00023109,2025-07-22,
USW00023109,2025-07-23,
USW00023109,2025-07-24,
USW00023109,2025-07-25,
USW00023109,2025-07-26,
USW00023109,2025-07-27,
USW00023109,2025-07-28,
USW00023109,2025-07-29,
USW00023109,2025-07-30,
USW00023109,2025-07-31,
USW00023109,2025-08-01,
USW00023109,2025-08-02,
USW00023109,2025-08-03,
USW00023109,2025-08-04,
USW00023109,2025-08-05,
USW00023109,2025-08-06,
USW00023109,2025-08-07,
USW00023109,2025-08-08,
USW00023109,2025-08-09,
USW00023109,2025-08-10,
USW00023109,2025-08-11,
USW00023109,2025-08-12,
USW00023109,2025-08-13,
USW00023109,2025-08-14,
USW00023109,2025-08-15,
USW00023109,2025-08-16,
USW00023109,2025-08-17,
USW00023109,2025-08-18,
USW00023109,2025-08-19,
USW00023109,2025-08-20,
USW00023109,2025-08-21,
USW00023109,2025-08-22,
USW00023109,2025-08-23,
USW00023109,2025-08-24,
USW00023109,2025-08-25,
USW00023109,2025-08-26,
USW00023109,2025-08-27,
USW00023109,2025-08-28,
USW00023109,2025-08-29,
USW00023109,2025-09-03,
USW00023109,2025-09-04,
USW00023109,2025-09-05,
USW00023109,2025-09-06,
USW00023109,2025-09-07,
USW00023109,2025-09-08,
USW00023109,2025-09-10,
USW00023109,2025-09-11,
USW00023109,2025-09-12,
USW00023109,2025-09-13,
USW00023109,2025-09-14,
USW00023109,2025-09-15,
USW00023109,2025-09-16,
USW00023109,2025-09-17,
USW00023109,2025-09-18,
USW00023109,2025-09-19,
USW00023109,2025-09-20,
USW00023109,2025-09-21,
USW00023109,2025-09-22,
USW00023109,2025-09-23,
USW00023109,2025-09-24,
USW00023109,2025-09-25,
USW00023109,2025-09-26,
USW00023109,2025-09-27,
USW00023109,2025-09-28,
USW00023109,2025-09-29,
USW00023109,2025-09-30,
USW00023109,2025-10-01,
USW00023109,2025-10-02,
USW00023109,2025-10-03,
USW00023109,2025-10-04,
USW00023109,2025-10-05,
USW00023109,2025-10-06,
USW00023109,2025-10-07,
USW00023109,2025-10-08,
USW00023109,2025-10-09,
USW00023109,2025-10-10,
USW00023109,2025-10-11,
USW00023109,2025-10-12,
USW00023109,2025-10-13,
USW00023109,2025-10-14,
USW00023109,2025-10-15,
USW00023109,2025-10-16,
USW00023109,2025-10-17,
USW00023109,2025-10-18,
USW00023109,2025-10-19,
USW00023109,2025-10-20,
USW00023109,2025-10-21,
USW00023109,2025-10-22,
USW00023109,2025-10-23,
USW00023109,2025-10-24,
USW00023109,2025-10-25,
USW00023109,2025-10-26,
USW00023109,2025-10-27,
USW00023109,2025-10-28,
USW00023109,2025-10-29,
USW00023109,2025-10-30,
USW00023109,2025-10-31,
USW00023109,2025-11-01,
USW00023109,2025-11-02,
USW00023109,2025-11-03,
USW00023109,2025-11-04,
USW00023109,2025-11-05,
USW00023109,2025-11-06,
USW00023109,2025-11-07,
USW00023109,2025-11-08,
USW00023109,2025-11-09,
USW00023109,2025-11-10,
USW00023109,2025-11-11,
USW00023109,2025-11-12,
USW00023109,2025-11-13,
USW00023109,2025-11-14,
USW00023109,2025-11-15,
USW00023109,2025-11-16,
USW00023109,2025-11-17,
USW00023109,2025-11-18,
USW00023109,2025-11-19,
USW00023109,2025-11-20,
USW00023109,2025-11-21,
USW00023109,2025-11-22,
USW00023109,2025-11-23,
USW00023109,2025-11-24,
USW00023109,2025-11-25,
USW00023109,2025-11-26,
USW00023109,2025-11-27,
USW00023109,2025-11-28,
USW00023109,2025-11-29,
USW00023109,2025-11-30,
USW00023109,2025-12-01,
USW00023109,2025-12-02,
USW00023109,2025-12-03,
USW00023109,2025-12-04,
USW00023109,2025-12-05,
USW00023109,2025-12-06,
USW00023109,2025-12-07,
USW00023109,2025-12-08,
USW00023109,2025-12-09,
USW00023109,2025-12-10,
USW00023109,2025-12-11,
USW00023109,2025-12-12,
USW00023109,2025-12-13,
USW00023109,2025-12-14,
USW00023109,2025-12-15,
USW00023109,2025-12-16,
USW00023109,2025-12-17,
USW00023109,2025-12-18,
USW00023109,2025-12-19,
USW00023109,2025-12-20,
USW00023109,2025-12-21,
USW00023109,2025-12-22,
USW00023109,2025-12-23,
USW00023109,2025-12-24,
USW00023109,2025-12-25,
USW00023109,2025-12-26,
USW00023109,2025-12-27,
USW00023109,2025-12-28,
USW00023109,2025-12-29,
USW00023109,2025-12-30,
USW00023109,2025-12-31,
UVM00065518,2025-01-01,34.89
UVM00065518,2025-01-02,34.61
UVM00065518,2025-01-03,33.89
UVM00065518,2025-01-04,34.89
UVM00065518,2025-01-05,36.28
UVM00065518,2025-01-06,37.0
UVM00065518,2025-01-07,37.22
UVM00065518,2025-01-08,35.28
UVM00065518,2025-01-09,35.11
UVM00065518,2025-01-10,32.78
UVM00065518,2025-01-11,33.11
UVM00065518,2025-01-12,34.22
UVM00065518,2025-01-13,34.61
UVM00065518,2025-01-14,35.72
UVM00065518,2025-01-15,35.5
UVM00065518,2025-01-16,35.39
UVM00065518,2025-01-17,32.61
UVM00065518,2025-01-18,34.61
UVM00065518,2025-01-19,34.39
UVM00065518,2025-01-20,35.61
UVM00065518,2025-01-21,36.39
UVM00065518,2025-01-22,36.89
UVM00065518,2025-01-23,37.78
UVM00065518,2025-01-24,37.78
UVM00065518,2025-01-25,37.5
UVM00065518,2025-01-26,36.72
UVM00065518,2025-01-27,36.61
UVM00065518,2025-01-28,35.72
UVM00065518,2025-01-29,35.28
UVM00065518,2025-01-30,34.61
UVM00065518,2025-01-31,36.22
UVM00065518,2025-02-01,34.78
UVM00065518,2025-02-02,32.78
UVM00065518,2025-02-03,33.11
UVM00065518,2025-02-04,36.39
UVM00065518,2025-02-05,37.89
UVM00065518,2025-02-06,37.0
UVM00065518,2025-02-07,37.39
UVM00065518,2025-02-08,37.39
UVM00065518,2025-02-09,37.28
UVM00065518,2025-02-10,39.0
UVM00065518,2025-02-11,38.11
UVM00065518,2025-02-12,39.39
UVM00065518,2025-02-13,38.39
UVM00065518,2025-02-14,37.0
UVM00065518,2025-02-15,38.39
UVM00065518,2025-02-16,38.78
UVM00065518,2025-02-17,39.78
UVM00065518,2025-02-18,41.22
UVM00065518,2025-02-19,39.11
UVM00065518,2025-02-20,38.5
UVM00065518,2025-02-21,36.22
UVM00065518,2025-02-22,38.22
UVM00065518,2025-02-23,37.5
UVM00065518,2025-02-24,37.28
UVM00065518,2025-02-25,35.5
UVM00065518,2025-02-26,36.11
UVM00065518,2025-02-27,37.78
UVM00065518,2025-02-28,33.72
UVM00065518,2025-03-01,39.61
UVM00065518,2025-03-02,40.5
UVM00065518,2025-03-03,41.39
UVM00065518,2025-03-04,42.11
UVM00065518,2025-03-05,39.78
UVM00065518,2025-03-06,39.89
UVM00065518,2025-03-07,41.28
UVM00065518,2025-03-08,40.89
UVM00065518,2025-03-09,41.89
UVM00065518,2025-03-10,41.0
UVM00065518,2025-03-11,39.72
UVM00065518,2025-03-12,42.11
UVM00065518,2025-03-13,42.78
UVM00065518,2025-03-14,40.0
UVM00065518,2025-03-15,40.5
UVM00065518,2025-03-16,42.5
UVM00065518,2025-03-17,40.89
UVM00065518,2025-03-18,41.11
UVM00065518,2025-03-19,40.11
UVM00065518,2025-03-20,41.0
UVM00065518,2025-03-21,41.0
UVM00065518,2025-03-22,39.89
UVM00065518,2025-03-23,39.89
UVM00065518,2025-03-24,40.22
UVM00065518,2025-03-25,40.0
UVM00065518,2025-03-26,38.61
UVM00065518,2025-03-27,39.28
UVM00065518,2025-03-28,40.61
UVM00065518,2025-03-29,41.11
UVM00065518,2025-03-30,42.39
UVM00065518,2025-03-31,41.78
UVM00065518,2025-04-01,41.28
UVM00065518,2025-04-02,41.61
UVM00065518,2025-04-03,39.78
UVM00065518,2025-04-04,42.39
UVM00065518,2025-04-05,42.0
UVM00065518,2025-04-06,41.89
UVM00065518,2025-04-07,41.61
UVM00065518,2025-04-08,40.39
UVM00065518,2025-04-09,39.61
UVM00065518,2025-04-10,38.72
UVM00065518,2025-04-11,39.72
UVM00065518,2025-04-12,38.89
UVM00065518,2025-04-13,40.61
UVM00065518,2025-04-14,41.5
UVM00065518,2025-04-15,40.39
UVM00065518,2025-04-16,41.22
UVM00065518,2025-04-17,38.11
UVM00065518,2025-04-18,41.22
UVM00065518,2025-04-19,40.39
UVM00065518,2025-04-20,39.61
UVM00065518,2025-04-21,40.78
UVM00065518,2025-04-22,41.78
UVM00065518,2025-04-23,37.39
UVM00065518,2025-04-24,41.72
UVM00065518,2025-04-25,42.78
UVM00065518,2025-04-26,39.28
UVM00065518,2025-04-27,40.72
UVM00065518,2025-04-28,37.0
UVM00065518,2025-04-29,36.78
UVM00065518,2025-04-30,38.61
UVM00065518,2025-05-01,32.39
UVM00065518,2025-05-02,35.5
UVM00065518,2025-05-03,37.89
UVM00065518,2025-05-04,36.39
UVM00065518,2025-05-05,39.78
UVM00065518,2025-05-06,37.22
UVM00065518,2025-05-07,37.61
UVM00065518,2025-05-08,38.11
UVM00065518,2025-05-09,38.22
UVM00065518,2025-05-10,37.89
UVM00065518,2025-05-11,39.28
UVM00065518,2025-05-12,40.22
UVM00065518,2025-05-13,41.0
UVM00065518,2025-05-14,30.5
UVM00065518,2025-05-15,37.61
UVM00065518,2025-05-16,32.5
UVM00065518,2025-05-17,30.61
UVM00065518,2025-05-18,34.22
UVM00065518,2025-05-19,36.39
UVM00065518,2025-05-20,38.78
UVM00065518,2025-05-21,35.78
UVM00065518,2025-05-22,36.78
UVM00065518,2025-05-23,39.5
UVM00065518,2025-05-24,31.39
UVM00065518,2025-05-25,36.0
UVM00065518,2025-05-26,38.0
UVM00065518,2025-05-27,29.61
UVM00065518,2025-05-28,32.61
UVM00065518,2025-05-29,34.22
UVM00065518,2025-05-30,34.39
UVM00065518,2025-05-31,38.28
UVM00065518,2025-06-01,37.72
UVM00065518,2025-06-02,37.28
UVM00065518,2025-06-03,38.28
UVM00065518,2025-06-04,32.0
UVM00065518,2025-06-05,33.11
UVM00065518,2025-06-06,35.28
UVM00065518,2025-06-07,33.78
UVM00065518,2025-06-08,35.61
UVM00065518,2025-06-09,35.11
UVM00065518,2025-06-10,32.89
UVM00065518,2025-06-11,35.28
UVM00065518,2025-06-12,35.5
UVM00065518,2025-06-13,37.11
UVM00065518,2025-06-14,31.78
UVM00065518,2025-06-15,31.89
UVM00065518,2025-06-16,32.72
UVM00065518,2025-06-17,33.61
UVM00065518,2025-06-18,35.39
UVM00065518,2025-06-19,36.28
UVM00065518,2025-06-20,32.78
UVM00065518,2025-06-21,35.5
UVM00065518,2025-06-22,31.89
UVM00065518,2025-06-23,33.61
UVM00065518,2025-06-24,32.11
UVM00065518,2025-06-25,32.28
UVM00065518,2025-06-26,32.11
UVM00065518,2025-06-27,32.5
UVM00065518,2025-06-28,33.28
UVM00065518,2025-06-29,35.11
UVM00065518,2025-06-30,32.61
UVM00065518,2025-07-01,32.22
UVM00065518,2025-07-02,33.0
UVM00065518,2025-07-03,30.61
UVM00065518,2025-07-04,27.72
UVM00065518,2025-07-05,31.39
UVM00065518,2025-07-06,31.72
UVM00065518,2025-07-07,30.72
UVM00065518,2025-07-08,31.5
UVM00065518,2025-07-09,29.5
UVM00065518,2025-07-10,30.78
UVM00065518,2025-07-11,31.89
UVM00065518,2025-07-12,27.5
UVM00065518,2025-07-13,25.11
UVM00065518,2025-07-14,30.0
UVM00065518,2025-07-15,31.39
UVM00065518,2025-07-16,32.72
UVM00065518,2025-07-17,26.78
UVM00065518,2025-07-18,31.89
UVM00065518,2025-07-19,32.72
UVM00065518,2025-07-20,26.5
UVM00065518,2025-07-21,30.5
UVM00065518,2025-07-22,32.11
UVM00065518,2025-07-23,29.0
UVM00065518,2025-07-24,27.28
UVM00065518,2025-07-25,29.39
UVM00065518,2025-07-26,30.89
UVM00065518,2025-07-27,30.22
UVM00065518,2025-07-28,32.11
UVM00065518,2025-07-29,31.61
UVM00065518,2025-07-30,31.28
UVM00065518,2025-07-31,27.61
UVM00065518,2025-08-01,27.0
UVM00065518,2025-08-02,31.61
UVM00065518,2025-08-03,32.5
UVM00065518,2025-08-04,26.72
UVM00065518,2025-08-05,29.0
UVM00065518,2025-08-06,31.28
UVM00065518,2025-08-07,29.72
UVM00065518,2025-08-08,27.61
UVM00065518,2025-08-09,29.61
UVM00065518,2025-08-10,29.5
UVM00065518,2025-08-11,30.11
UVM00065518,2025-08-12,30.72
UVM00065518,2025-08-13,28.39
UVM00065518,2025-08-14,28.72
UVM00065518,2025-08-15,28.89
UVM00065518,2025-08-16,29.11
UVM00065518,2025-08-17,27.61
UVM00065518,2025-08-18,29.89
UVM00065518,2025-08-19,30.39
UVM00065518,2025-08-20,29.5
UVM00065518,2025-08-21,29.61
UVM00065518,2025-08-22,28.0
UVM00065518,2025-08-23,30.22
UVM00065518,2025-08-24,30.61
UVM00065518,2025-08-25,
UVM00065518,2025-08-26,
UVM00065518,2025-08-27,
UVM00065518,2025-08-28,
UVM00065518,2025-08-29,
UVM00065518,2025-08-30,
UVM00065518,2025-08-31,
UVM00065518,2025-09-01,
UVM00065518,2025-09-02,
UVM00065518,2025-09-03,
UVM00065518,2025-09-04,
UVM00065518,2025-09-05,
UVM00065518,2025-09-06,
UVM00065518,2025-09-07,
UVM00065518,2025-09-08,
UVM00065518,2025-09-09,
UVM00065518,2025-09-10,
UVM00065518,2025-09-11,
UVM00065518,2025-09-12,
UVM00065518,2025-09-13,
UVM00065518,2025-09-14,
UVM00065518,2025-09-15,
UVM00065518,2025-09-16,
UVM00065518,2025-09-17,
UVM00065518,2025-09-18,
UVM00065518,2025-09-19,
UVM00065518,2025-09-20,
UVM00065518,2025-09-21,
UVM00065518,2025-09-22,
UVM00065518,2025-09-23,
UVM00065518,2025-09-24,
UVM00065518,2025-09-25,
UVM00065518,2025-09-26,
UVM00065518,2025-09-27,
UVM00065518,2025-09-28,
UVM00065518,2025-09-29,
UVM00065518,2025-09-30,
UVM00065518,2025-10-01,
UVM00065518,2025-10-02,
UVM00065518,2025-10-03,
UVM00065518,2025-10-04,
UVM00065518,2025-10-05,
UVM00065518,2025-10-06,
UVM00065518,2025-10-07,
UVM00065518,2025-10-08,
UVM00065518,2025-10-09,
UVM00065518,2025-10-10,
UVM00065518,2025-10-11,
UVM00065518,2025-10-12,
UVM00065518,2025-10-13,
UVM00065518,2025-10-14,
UVM00065518,2025-10-15,
UVM00065518,2025-10-16,
UVM00065518,2025-10-17,
UVM00065518,2025-10-18,
UVM00065518,2025-10-19,
UVM00065518,2025-10-20,
UVM00065518,2025-10-21,
UVM00065518,2025-10-22,
UVM00065518,2025-10-23,
UVM00065518,2025-10-24,
UVM00065518,2025-10-25,
UVM00065518,2025-10-26,
UVM00065518,2025-10-27,
UVM00065518,2025-10-28,
UVM00065518,2025-10-29,
UVM00065518,2025-10-30,
UVM00065518,2025-10-31,
UVM00065518,2025-11-01,
UVM00065518,2025-11-02,
UVM00065518,2025-11-03,
UVM00065518,2025-11-04,
UVM00065518,2025-11-05,
UVM00065518,2025-11-06,
UVM00065518,2025-11-07,
UVM00065518,2025-11-08,
UVM00065518,2025-11-09,
UVM00065518,2025-11-10,
UVM00065518,2025-11-11,
UVM00065518,2025-11-12,
UVM00065518,2025-11-13,
UVM00065518,2025-11-14,
UVM00065518,2025-11-15,
UVM00065518,2025-11-16,
UVM00065518,2025-11-17,
UVM00065518,2025-11-18,
UVM00065518,2025-11-19,
UVM00065518,2025-11-20,
UVM00065518,2025-11-21,
UVM00065518,2025-11-22,
UVM00065518,2025-11-23,
UVM00065518,2025-11-24,
UVM00065518,2025-11-25,
UVM00065518,2025-11-26,
UVM00065518,2025-11-27,
UVM00065518,2025-11-28,
UVM00065518,2025-11-29,
UVM00065518,2025-11-30,
UVM00065518,2025-12-01,
UVM00065518,2025-12-02,
UVM00065518,2025-12-03,
UVM00065518,2025-12-04,
UVM00065518,2025-12-05,
UVM00065518,2025-12-06,
UVM00065518,2025-12-07,
UVM00065518,2025-12-08,
UVM00065518,2025-12-09,
UVM00065518,2025-12-10,
UVM00065518,2025-12-11,
UVM00065518,2025-12-12,
UVM00065518,2025-12-13,
UVM00065518,2025-12-14,
UVM00065518,2025-12-15,
UVM00065518,2025-12-16,
UVM00065518,2025-12-17,
UVM00065518,2025-12-18,
UVM00065518,2025-12-19,
UVM00065518,2025-12-20,
UVM00065518,2025-12-21,
UVM00065518,2025-12-22,
UVM00065518,2025-12-23,
UVM00065518,2025-12-24,
UVM00065518,2025-12-25,
UVM00065518,2025-12-26,
UVM00065518,2025-12-27,
UVM00065518,2025-12-28,
UVM00065518,2025-12-29,
UVM00065518,2025-12-30,
UVM00065518,2025-12-31,
